Info: *******************************************************************
Info: Running Quartus Prime Shell
    Info: Version 17.0.2 Build 602 07/19/2017 SJ Lite Edition
    Info: Copyright (C) 2017  Intel Corporation. All rights reserved.
    Info: Your use of Intel Corporation's design tools, logic functions 
    Info: and other software and tools, and its AMPP partner logic 
    Info: functions, and any output files from any of the foregoing 
    Info: (including device programming or simulation files), and any 
    Info: associated documentation or information are expressly subject 
    Info: to the terms and conditions of the Intel Program License 
    Info: Subscription Agreement, the Intel Quartus Prime License Agreement,
    Info: the Intel MegaCore Function License Agreement, or other 
    Info: applicable license agreement, including, without limitation, 
    Info: that your use is for the sole purpose of programming logic 
    Info: devices manufactured by Intel and sold by Intel or its 
    Info: authorized distributors.  Please refer to the applicable 
    Info: agreement for further details.
    Info: Processing started: Wed Jun 24 06:34:06 2026
Info: Command: quartus_sh --flow compile MacLC
Info: Quartus(args): compile MacLC
Info: Project Name = C:/Temp/mistercore/MacLC_MiSTer/MacLC
Info: Revision Name = MacLC
Info (293032): Detected changes in source files.
    Info (293027): Source file: C:/Temp/mistercore/MacLC_MiSTer/MacLC.sv has changed.
    Info (293027): Source file: C:/Temp/mistercore/MacLC_MiSTer/MacLC.sdc has changed.
Info (293032): Detected changes in source files.
    Info (293027): Source file: C:/Temp/mistercore/MacLC_MiSTer/MacLC.sv has changed.
    Info (293027): Source file: C:/Temp/mistercore/MacLC_MiSTer/MacLC.sdc has changed.
Info (293032): Detected changes in source files.
    Info (293027): Source file: C:/Temp/mistercore/MacLC_MiSTer/MacLC.sv has changed.
    Info (293027): Source file: C:/Temp/mistercore/MacLC_MiSTer/MacLC.sdc has changed.
Info: *******************************************************************
Info: Running Quartus Prime Shell
    Info: Version 17.0.2 Build 602 07/19/2017 SJ Lite Edition
    Info: Processing started: Wed Jun 24 06:34:08 2026
Info: Command: quartus_sh -t sys/build_id.tcl compile MacLC MacLC
Info: Quartus(args): compile MacLC MacLC
Info: Generated: C:/Temp/mistercore/MacLC_MiSTer/build_id.v: `define BUILD_DATE "260624"
Info (23030): Evaluation of Tcl script sys/build_id.tcl was successful
Info: Quartus Prime Shell was successful. 0 errors, 0 warnings
    Info: Peak virtual memory: 4787 megabytes
    Info: Processing ended: Wed Jun 24 06:34:10 2026
    Info: Elapsed time: 00:00:02
    Info: Total CPU time (on all processors): 00:00:01
Info: *******************************************************************
Info: Running Quartus Prime Analysis & Synthesis
    Info: Version 17.0.2 Build 602 07/19/2017 SJ Lite Edition
    Info: Processing started: Wed Jun 24 06:34:11 2026
Info: Command: quartus_map --read_settings_files=on --write_settings_files=off MacLC -c MacLC
Info (16303): High Performance Effort optimization mode selected -- timing performance will be prioritized at the potential cost of increased compilation time
Info (20030): Parallel compilation is enabled and will use 12 of the 12 processors detected
Info (12021): Found 1 design units, including 1 entities, in source file rtl/pll.v
    Info (12023): Found entity 1: pll File: C:/Temp/mistercore/MacLC_MiSTer/rtl/pll.v Line: 8
Info (12021): Found 1 design units, including 1 entities, in source file rtl/pll/pll_0002.v
    Info (12023): Found entity 1: pll_0002 File: C:/Temp/mistercore/MacLC_MiSTer/rtl/pll/pll_0002.v Line: 2
Info (12021): Found 1 design units, including 1 entities, in source file sys/pll_hdmi.v
    Info (12023): Found entity 1: pll_hdmi File: C:/Temp/mistercore/MacLC_MiSTer/sys/pll_hdmi.v Line: 8
Info (12021): Found 1 design units, including 1 entities, in source file sys/pll_hdmi/pll_hdmi_0002.v
    Info (12023): Found entity 1: pll_hdmi_0002 File: C:/Temp/mistercore/MacLC_MiSTer/sys/pll_hdmi/pll_hdmi_0002.v Line: 2
Info (12021): Found 1 design units, including 1 entities, in source file sys/pll_audio.v
    Info (12023): Found entity 1: pll_audio File: C:/Temp/mistercore/MacLC_MiSTer/sys/pll_audio.v Line: 8
Info (12021): Found 1 design units, including 1 entities, in source file sys/pll_audio/pll_audio_0002.v
    Info (12023): Found entity 1: pll_audio_0002 File: C:/Temp/mistercore/MacLC_MiSTer/sys/pll_audio/pll_audio_0002.v Line: 2
Info (12021): Found 1 design units, including 1 entities, in source file sys/pll_cfg/pll_cfg.v
    Info (12023): Found entity 1: pll_cfg File: C:/Temp/mistercore/MacLC_MiSTer/sys/pll_cfg/pll_cfg.v Line: 8
Info (12021): Found 1 design units, including 1 entities, in source file sys/pll_cfg/pll_cfg_hdmi.v
    Info (12023): Found entity 1: pll_cfg_hdmi File: C:/Temp/mistercore/MacLC_MiSTer/sys/pll_cfg/pll_cfg_hdmi.v Line: 16
Info (12021): Found 1 design units, including 1 entities, in source file sys/pll_cfg/altera_pll_reconfig_top.v
    Info (12023): Found entity 1: altera_pll_reconfig_top File: C:/Temp/mistercore/MacLC_MiSTer/sys/pll_cfg/altera_pll_reconfig_top.v Line: 16
Info (12021): Found 3 design units, including 3 entities, in source file sys/sys_top.v
    Info (12023): Found entity 1: sys_top File: C:/Temp/mistercore/MacLC_MiSTer/sys/sys_top.v Line: 22
    Info (12023): Found entity 2: sync_fix File: C:/Temp/mistercore/MacLC_MiSTer/sys/sys_top.v Line: 1882
    Info (12023): Found entity 3: csync File: C:/Temp/mistercore/MacLC_MiSTer/sys/sys_top.v Line: 1914
Info (12021): Found 2 design units, including 1 entities, in source file sys/ascal.vhd
    Info (12022): Found design unit 1: ascal-rtl File: C:/Temp/mistercore/MacLC_MiSTer/sys/ascal.vhd Line: 269
    Info (12023): Found entity 1: ascal File: C:/Temp/mistercore/MacLC_MiSTer/sys/ascal.vhd Line: 114
Info (12021): Found 2 design units, including 1 entities, in source file sys/pll_hdmi_adj.vhd
    Info (12022): Found design unit 1: pll_hdmi_adj-rtl File: C:/Temp/mistercore/MacLC_MiSTer/sys/pll_hdmi_adj.vhd Line: 53
    Info (12023): Found entity 1: pll_hdmi_adj File: C:/Temp/mistercore/MacLC_MiSTer/sys/pll_hdmi_adj.vhd Line: 21
Info (12021): Found 3 design units, including 3 entities, in source file sys/math.sv
    Info (12023): Found entity 1: sys_udiv File: C:/Temp/mistercore/MacLC_MiSTer/sys/math.sv Line: 3
    Info (12023): Found entity 2: sys_umul File: C:/Temp/mistercore/MacLC_MiSTer/sys/math.sv Line: 46
    Info (12023): Found entity 3: sys_umuldiv File: C:/Temp/mistercore/MacLC_MiSTer/sys/math.sv Line: 85
Info (12021): Found 5 design units, including 5 entities, in source file sys/hq2x.sv
    Info (12023): Found entity 1: Hq2x File: C:/Temp/mistercore/MacLC_MiSTer/sys/hq2x.sv Line: 13
    Info (12023): Found entity 2: hq2x_in File: C:/Temp/mistercore/MacLC_MiSTer/sys/hq2x.sv Line: 226
    Info (12023): Found entity 3: hq2x_buf File: C:/Temp/mistercore/MacLC_MiSTer/sys/hq2x.sv Line: 250
    Info (12023): Found entity 4: DiffCheck File: C:/Temp/mistercore/MacLC_MiSTer/sys/hq2x.sv Line: 271
    Info (12023): Found entity 5: Blend File: C:/Temp/mistercore/MacLC_MiSTer/sys/hq2x.sv Line: 298
Info (12021): Found 1 design units, including 1 entities, in source file sys/scandoubler.v
    Info (12023): Found entity 1: scandoubler File: C:/Temp/mistercore/MacLC_MiSTer/sys/scandoubler.v Line: 22
Info (12021): Found 1 design units, including 1 entities, in source file sys/scanlines.v
    Info (12023): Found entity 1: scanlines File: C:/Temp/mistercore/MacLC_MiSTer/sys/scanlines.v Line: 1
Info (12021): Found 1 design units, including 1 entities, in source file sys/shadowmask.sv
    Info (12023): Found entity 1: shadowmask File: C:/Temp/mistercore/MacLC_MiSTer/sys/shadowmask.sv Line: 1
Info (12021): Found 2 design units, including 2 entities, in source file sys/video_cleaner.sv
    Info (12023): Found entity 1: video_cleaner File: C:/Temp/mistercore/MacLC_MiSTer/sys/video_cleaner.sv Line: 12
    Info (12023): Found entity 2: s_fix File: C:/Temp/mistercore/MacLC_MiSTer/sys/video_cleaner.sv Line: 81
Info (12021): Found 2 design units, including 2 entities, in source file sys/gamma_corr.sv
    Info (12023): Found entity 1: gamma_corr File: C:/Temp/mistercore/MacLC_MiSTer/sys/gamma_corr.sv Line: 1
    Info (12023): Found entity 2: gamma_fast File: C:/Temp/mistercore/MacLC_MiSTer/sys/gamma_corr.sv Line: 62
Info (12021): Found 1 design units, including 1 entities, in source file sys/video_mixer.sv
    Info (12023): Found entity 1: video_mixer File: C:/Temp/mistercore/MacLC_MiSTer/sys/video_mixer.sv Line: 19
Info (12021): Found 2 design units, including 2 entities, in source file sys/video_freak.sv
    Info (12023): Found entity 1: video_freak File: C:/Temp/mistercore/MacLC_MiSTer/sys/video_freak.sv Line: 16
    Info (12023): Found entity 2: video_scale_int File: C:/Temp/mistercore/MacLC_MiSTer/sys/video_freak.sv Line: 141
Info (12021): Found 2 design units, including 2 entities, in source file sys/video_freezer.sv
    Info (12023): Found entity 1: video_freezer File: C:/Temp/mistercore/MacLC_MiSTer/sys/video_freezer.sv Line: 21
    Info (12023): Found entity 2: sync_lock File: C:/Temp/mistercore/MacLC_MiSTer/sys/video_freezer.sv Line: 80
Info (12021): Found 2 design units, including 2 entities, in source file sys/arcade_video.v
    Info (12023): Found entity 1: arcade_video File: C:/Temp/mistercore/MacLC_MiSTer/sys/arcade_video.v Line: 29
    Info (12023): Found entity 2: screen_rotate File: C:/Temp/mistercore/MacLC_MiSTer/sys/arcade_video.v Line: 168
Info (12021): Found 1 design units, including 1 entities, in source file sys/osd.v
    Info (12023): Found entity 1: osd File: C:/Temp/mistercore/MacLC_MiSTer/sys/osd.v Line: 4
Info (12021): Found 1 design units, including 1 entities, in source file sys/vga_out.sv
    Info (12023): Found entity 1: vga_out File: C:/Temp/mistercore/MacLC_MiSTer/sys/vga_out.sv Line: 2
Info (12021): Found 1 design units, including 1 entities, in source file sys/yc_out.sv
    Info (12023): Found entity 1: yc_out File: C:/Temp/mistercore/MacLC_MiSTer/sys/yc_out.sv Line: 28
Info (12021): Found 1 design units, including 1 entities, in source file sys/i2c.v
    Info (12023): Found entity 1: i2c File: C:/Temp/mistercore/MacLC_MiSTer/sys/i2c.v Line: 2
Info (12021): Found 1 design units, including 1 entities, in source file sys/alsa.sv
    Info (12023): Found entity 1: alsa File: C:/Temp/mistercore/MacLC_MiSTer/sys/alsa.sv Line: 22
Info (12021): Found 1 design units, including 1 entities, in source file sys/i2s.v
    Info (12023): Found entity 1: i2s File: C:/Temp/mistercore/MacLC_MiSTer/sys/i2s.v Line: 2
Info (12021): Found 1 design units, including 1 entities, in source file sys/spdif.v
    Info (12023): Found entity 1: spdif File: C:/Temp/mistercore/MacLC_MiSTer/sys/spdif.v Line: 33
Info (12021): Found 2 design units, including 2 entities, in source file sys/audio_out.sv
    Info (12023): Found entity 1: audio_out File: C:/Temp/mistercore/MacLC_MiSTer/sys/audio_out.sv Line: 22
    Info (12023): Found entity 2: aud_mix_top File: C:/Temp/mistercore/MacLC_MiSTer/sys/audio_out.sv Line: 281
Info (12021): Found 3 design units, including 3 entities, in source file sys/iir_filter.v
    Info (12023): Found entity 1: IIR_filter File: C:/Temp/mistercore/MacLC_MiSTer/sys/iir_filter.v Line: 22
    Info (12023): Found entity 2: iir_filter_tap File: C:/Temp/mistercore/MacLC_MiSTer/sys/iir_filter.v Line: 148
    Info (12023): Found entity 3: DC_blocker File: C:/Temp/mistercore/MacLC_MiSTer/sys/iir_filter.v Line: 189
Info (12021): Found 2 design units, including 2 entities, in source file sys/ltc2308.sv
    Info (12023): Found entity 1: ltc2308 File: C:/Temp/mistercore/MacLC_MiSTer/sys/ltc2308.sv Line: 28
    Info (12023): Found entity 2: ltc2308_tape File: C:/Temp/mistercore/MacLC_MiSTer/sys/ltc2308.sv Line: 105
Info (12021): Found 1 design units, including 1 entities, in source file sys/sigma_delta_dac.v
    Info (12023): Found entity 1: sigma_delta_dac File: C:/Temp/mistercore/MacLC_MiSTer/sys/sigma_delta_dac.v Line: 6
Info (12021): Found 1 design units, including 1 entities, in source file sys/mt32pi.sv
    Info (12023): Found entity 1: mt32pi File: C:/Temp/mistercore/MacLC_MiSTer/sys/mt32pi.sv Line: 8
Info (12021): Found 1 design units, including 1 entities, in source file sys/mcp23009.sv
    Info (12023): Found entity 1: mcp23009 File: C:/Temp/mistercore/MacLC_MiSTer/sys/mcp23009.sv Line: 5
Info (12021): Found 1 design units, including 1 entities, in source file sys/f2sdram_safe_terminator.sv
    Info (12023): Found entity 1: f2sdram_safe_terminator File: C:/Temp/mistercore/MacLC_MiSTer/sys/f2sdram_safe_terminator.sv Line: 55
Info (12021): Found 1 design units, including 1 entities, in source file sys/ddr_svc.sv
    Info (12023): Found entity 1: ddr_svc File: C:/Temp/mistercore/MacLC_MiSTer/sys/ddr_svc.sv Line: 23
Info (12021): Found 2 design units, including 2 entities, in source file sys/sysmem.sv
    Info (12023): Found entity 1: sysmem_lite File: C:/Temp/mistercore/MacLC_MiSTer/sys/sysmem.sv Line: 2
    Info (12023): Found entity 2: sysmem_HPS_fpga_interfaces File: C:/Temp/mistercore/MacLC_MiSTer/sys/sysmem.sv Line: 241
Info (12021): Found 1 design units, including 1 entities, in source file sys/sd_card.sv
    Info (12023): Found entity 1: sd_card File: C:/Temp/mistercore/MacLC_MiSTer/sys/sd_card.sv Line: 28
Info (12021): Found 4 design units, including 4 entities, in source file sys/hps_io.sv
    Info (12023): Found entity 1: hps_io File: C:/Temp/mistercore/MacLC_MiSTer/sys/hps_io.sv Line: 35
    Info (12023): Found entity 2: ps2_device File: C:/Temp/mistercore/MacLC_MiSTer/sys/hps_io.sv Line: 711
    Info (12023): Found entity 3: video_calc File: C:/Temp/mistercore/MacLC_MiSTer/sys/hps_io.sv Line: 854
    Info (12023): Found entity 4: confstr_rom File: C:/Temp/mistercore/MacLC_MiSTer/sys/hps_io.sv Line: 1022
Info (12021): Found 2 design units, including 1 entities, in source file rtl/tg68k/tg68k_alu.vhd
    Info (12022): Found design unit 1: TG68K_ALU-logic File: C:/Temp/mistercore/MacLC_MiSTer/rtl/tg68k/TG68K_ALU.vhd Line: 80
    Info (12023): Found entity 1: TG68K_ALU File: C:/Temp/mistercore/MacLC_MiSTer/rtl/tg68k/TG68K_ALU.vhd Line: 30
Info (12021): Found 1 design units, including 0 entities, in source file rtl/tg68k/tg68k_pack.vhd
    Info (12022): Found design unit 1: TG68K_Pack File: C:/Temp/mistercore/MacLC_MiSTer/rtl/tg68k/TG68K_Pack.vhd Line: 26
Info (12021): Found 2 design units, including 1 entities, in source file rtl/tg68k/tg68kdotc_kernel.vhd
    Info (12022): Found design unit 1: TG68KdotC_Kernel-logic File: C:/Temp/mistercore/MacLC_MiSTer/rtl/tg68k/TG68KdotC_Kernel.vhd Line: 145
    Info (12023): Found entity 1: TG68KdotC_Kernel File: C:/Temp/mistercore/MacLC_MiSTer/rtl/tg68k/TG68KdotC_Kernel.vhd Line: 107
Info (12021): Found 1 design units, including 1 entities, in source file rtl/tg68k/tg68k.v
    Info (12023): Found entity 1: tg68k File: C:/Temp/mistercore/MacLC_MiSTer/rtl/tg68k/tg68k.v Line: 5
Info (12021): Found 1 design units, including 1 entities, in source file rtl/sdram.v
    Info (12023): Found entity 1: sdram File: C:/Temp/mistercore/MacLC_MiSTer/rtl/sdram.v Line: 22
Info (12021): Found 3 design units, including 3 entities, in source file rtl/scsi.v
    Info (12023): Found entity 1: scsi File: C:/Temp/mistercore/MacLC_MiSTer/rtl/scsi.v Line: 6
    Info (12023): Found entity 2: scsi_empty_cd File: C:/Temp/mistercore/MacLC_MiSTer/rtl/scsi.v Line: 1267
    Info (12023): Found entity 3: scsi_dpram File: C:/Temp/mistercore/MacLC_MiSTer/rtl/scsi.v Line: 1543
Info (12021): Found 1 design units, including 1 entities, in source file rtl/ncr5380.sv
    Info (12023): Found entity 1: ncr5380 File: C:/Temp/mistercore/MacLC_MiSTer/rtl/ncr5380.sv Line: 45
Info (12021): Found 1 design units, including 1 entities, in source file rtl/floppy_track_encoder.v
    Info (12023): Found entity 1: floppy_track_encoder File: C:/Temp/mistercore/MacLC_MiSTer/rtl/floppy_track_encoder.v Line: 12
Info (12021): Found 1 design units, including 1 entities, in source file rtl/floppy.v
    Info (12023): Found entity 1: floppy File: C:/Temp/mistercore/MacLC_MiSTer/rtl/floppy.v Line: 61
Info (12021): Found 1 design units, including 1 entities, in source file rtl/ps2_kbd.sv
    Info (12023): Found entity 1: ps2_kbd File: C:/Temp/mistercore/MacLC_MiSTer/rtl/ps2_kbd.sv Line: 6
Info (12021): Found 1 design units, including 1 entities, in source file rtl/adb.sv
    Info (12023): Found entity 1: adb File: C:/Temp/mistercore/MacLC_MiSTer/rtl/adb.sv Line: 3
Info (12021): Found 1 design units, including 1 entities, in source file rtl/ps2_mouse.v
    Info (12023): Found entity 1: ps2_mouse File: C:/Temp/mistercore/MacLC_MiSTer/rtl/ps2_mouse.v Line: 14
Warning (10885): Verilog HDL Attribute warning at scc.v(135): synthesis attribute "keep" with value "1" has no object and is ignored File: C:/Temp/mistercore/MacLC_MiSTer/rtl/scc.v Line: 135
Info (12021): Found 1 design units, including 1 entities, in source file rtl/scc.v
    Info (12023): Found entity 1: scc File: C:/Temp/mistercore/MacLC_MiSTer/rtl/scc.v Line: 18
Info (12021): Found 1 design units, including 1 entities, in source file rtl/uart/txuart.v
    Info (12023): Found entity 1: txuart File: C:/Temp/mistercore/MacLC_MiSTer/rtl/uart/txuart.v Line: 99
Info (12021): Found 1 design units, including 1 entities, in source file rtl/uart/rxuart.v
    Info (12023): Found entity 1: rxuart File: C:/Temp/mistercore/MacLC_MiSTer/rtl/uart/rxuart.v Line: 120
Info (12021): Found 1 design units, including 1 entities, in source file rtl/swim.v
    Info (12023): Found entity 1: swim File: C:/Temp/mistercore/MacLC_MiSTer/rtl/swim.v Line: 57
Info (12021): Found 1 design units, including 1 entities, in source file rtl/via6522.sv
    Info (12023): Found entity 1: via6522 File: C:/Temp/mistercore/MacLC_MiSTer/rtl/via6522.sv Line: 16
Info (12021): Found 1 design units, including 1 entities, in source file rtl/addrdecoder.v
    Info (12023): Found entity 1: addrDecoder File: C:/Temp/mistercore/MacLC_MiSTer/rtl/addrDecoder.v Line: 55
Info (12021): Found 1 design units, including 1 entities, in source file rtl/addrcontroller_top.v
    Info (12023): Found entity 1: addrController_top File: C:/Temp/mistercore/MacLC_MiSTer/rtl/addrController_top.v Line: 1
Info (12021): Found 1 design units, including 1 entities, in source file rtl/datacontroller_top.sv
    Info (12023): Found entity 1: dataController_top File: C:/Temp/mistercore/MacLC_MiSTer/rtl/dataController_top.sv Line: 1
Warning (10229): Verilog HDL Expression warning at cuda_maclc.sv(236): truncated literal to match 16 bits File: C:/Temp/mistercore/MacLC_MiSTer/rtl/cuda_maclc.sv Line: 236
Info (12021): Found 1 design units, including 1 entities, in source file rtl/cuda_maclc.sv
    Info (12023): Found entity 1: cuda_maclc File: C:/Temp/mistercore/MacLC_MiSTer/rtl/cuda_maclc.sv Line: 14
Warning (10229): Verilog HDL Expression warning at egret_behavioral.sv(1050): truncated literal to match 16 bits File: C:/Temp/mistercore/MacLC_MiSTer/rtl/egret_behavioral.sv Line: 1050
Warning (10229): Verilog HDL Expression warning at egret_behavioral.sv(1151): truncated literal to match 16 bits File: C:/Temp/mistercore/MacLC_MiSTer/rtl/egret_behavioral.sv Line: 1151
Info (12021): Found 1 design units, including 1 entities, in source file rtl/egret_behavioral.sv
    Info (12023): Found entity 1: egret_behavioral File: C:/Temp/mistercore/MacLC_MiSTer/rtl/egret_behavioral.sv Line: 31
Info (12021): Found 1 design units, including 1 entities, in source file rtl/ariel_ramdac.sv
    Info (12023): Found entity 1: ariel_ramdac File: C:/Temp/mistercore/MacLC_MiSTer/rtl/ariel_ramdac.sv Line: 8
Info (12021): Found 1 design units, including 1 entities, in source file rtl/maclc_v8_video.sv
    Info (12023): Found entity 1: maclc_v8_video File: C:/Temp/mistercore/MacLC_MiSTer/rtl/maclc_v8_video.sv Line: 4
Info (12021): Found 1 design units, including 1 entities, in source file rtl/pseudovia.sv
    Info (12023): Found entity 1: pseudovia File: C:/Temp/mistercore/MacLC_MiSTer/rtl/pseudovia.sv Line: 17
Info (12021): Found 1 design units, including 1 entities, in source file rtl/asc.sv
    Info (12023): Found entity 1: asc File: C:/Temp/mistercore/MacLC_MiSTer/rtl/asc.sv Line: 21
Info (12021): Found 1 design units, including 1 entities, in source file rtl/egret/egret_wrapper.sv
    Info (12023): Found entity 1: egret_wrapper File: C:/Temp/mistercore/MacLC_MiSTer/rtl/egret/egret_wrapper.sv Line: 11
Info (12021): Found 4 design units, including 4 entities, in source file rtl/egret/m68hc05_alu.sv
    Info (12023): Found entity 1: fadd File: C:/Temp/mistercore/MacLC_MiSTer/rtl/egret/m68hc05_alu.sv Line: 5
    Info (12023): Found entity 2: add8 File: C:/Temp/mistercore/MacLC_MiSTer/rtl/egret/m68hc05_alu.sv Line: 16
    Info (12023): Found entity 3: add8c File: C:/Temp/mistercore/MacLC_MiSTer/rtl/egret/m68hc05_alu.sv Line: 35
    Info (12023): Found entity 4: mul8 File: C:/Temp/mistercore/MacLC_MiSTer/rtl/egret/m68hc05_alu.sv Line: 55
Info (12021): Found 1 design units, including 1 entities, in source file rtl/egret/m68hc05_core.sv
    Info (12023): Found entity 1: m68hc05_core File: C:/Temp/mistercore/MacLC_MiSTer/rtl/egret/m68hc05_core.sv Line: 8
Info (12021): Found 1 design units, including 1 entities, in source file maclc.sv
    Info (12023): Found entity 1: emu File: C:/Temp/mistercore/MacLC_MiSTer/MacLC.sv Line: 22
Info (12021): Found 1 design units, including 1 entities, in source file rtl/adb_device.sv
    Info (12023): Found entity 1: adb_device File: C:/Temp/mistercore/MacLC_MiSTer/rtl/adb_device.sv Line: 23
Info (12021): Found 1 design units, including 1 entities, in source file rtl/v8_clocks.sv
    Info (12023): Found entity 1: v8_clocks File: C:/Temp/mistercore/MacLC_MiSTer/rtl/v8_clocks.sv Line: 17
Info (12021): Found 1 design units, including 1 entities, in source file rtl/dbg_probes.sv
    Info (12023): Found entity 1: dbg_probes File: C:/Temp/mistercore/MacLC_MiSTer/rtl/dbg_probes.sv Line: 24
Info (12021): Found 1 design units, including 1 entities, in source file rtl/mfm_track_encoder.v
    Info (12023): Found entity 1: mfm_track_encoder File: C:/Temp/mistercore/MacLC_MiSTer/rtl/mfm_track_encoder.v Line: 44
Info (12021): Found 1 design units, including 1 entities, in source file rtl/vram_bram.sv
    Info (12023): Found entity 1: vram_bram File: C:/Temp/mistercore/MacLC_MiSTer/rtl/vram_bram.sv Line: 23
Info (12127): Elaborating entity "sys_top" for the top level hierarchy
Info (12128): Elaborating entity "mcp23009" for hierarchy "mcp23009:mcp23009" File: C:/Temp/mistercore/MacLC_MiSTer/sys/sys_top.v Line: 175
Info (12128): Elaborating entity "i2c" for hierarchy "mcp23009:mcp23009|i2c:i2c" File: C:/Temp/mistercore/MacLC_MiSTer/sys/mcp23009.sv Line: 41
Info (12128): Elaborating entity "sysmem_lite" for hierarchy "sysmem_lite:sysmem" File: C:/Temp/mistercore/MacLC_MiSTer/sys/sys_top.v Line: 650
Info (12128): Elaborating entity "f2sdram_safe_terminator" for hierarchy "sysmem_lite:sysmem|f2sdram_safe_terminator:f2sdram_safe_terminator_ram1" File: C:/Temp/mistercore/MacLC_MiSTer/sys/sysmem.sv Line: 91
Info (12128): Elaborating entity "f2sdram_safe_terminator" for hierarchy "sysmem_lite:sysmem|f2sdram_safe_terminator:f2sdram_safe_terminator_vbuf" File: C:/Temp/mistercore/MacLC_MiSTer/sys/sysmem.sv Line: 183
Info (12128): Elaborating entity "sysmem_HPS_fpga_interfaces" for hierarchy "sysmem_lite:sysmem|sysmem_HPS_fpga_interfaces:fpga_interfaces" File: C:/Temp/mistercore/MacLC_MiSTer/sys/sysmem.sv Line: 223
Info (12128): Elaborating entity "ddr_svc" for hierarchy "ddr_svc:ddr_svc" File: C:/Temp/mistercore/MacLC_MiSTer/sys/sys_top.v Line: 691
Info (12128): Elaborating entity "ascal" for hierarchy "ascal:ascal" File: C:/Temp/mistercore/MacLC_MiSTer/sys/sys_top.v Line: 830
Info (19000): Inferred 9 megafunctions from design logic
    Info (276029): Inferred altsyncram megafunction from the following design logic: "ascal:ascal|altsyncram:i_mem[0].r[7]__1" 
        Info (286033): Parameter OPERATION_MODE set to DUAL_PORT
        Info (286033): Parameter WIDTH_A set to 24
        Info (286033): Parameter WIDTHAD_A set to 11
        Info (286033): Parameter NUMWORDS_A set to 2048
        Info (286033): Parameter WIDTH_B set to 24
        Info (286033): Parameter WIDTHAD_B set to 11
        Info (286033): Parameter NUMWORDS_B set to 2048
        Info (286033): Parameter ADDRESS_ACLR_A set to NONE
        Info (286033): Parameter OUTDATA_REG_B set to UNREGISTERED
        Info (286033): Parameter ADDRESS_ACLR_B set to NONE
        Info (286033): Parameter OUTDATA_ACLR_B set to NONE
        Info (286033): Parameter ADDRESS_REG_B set to CLOCK0
        Info (286033): Parameter INDATA_ACLR_A set to NONE
        Info (286033): Parameter WRCONTROL_ACLR_A set to NONE
        Info (286033): Parameter READ_DURING_WRITE_MODE_MIXED_PORTS set to OLD_DATA
        Info (286033): Parameter RDCONTROL_REG_B set to CLOCK0
    Info (276029): Inferred altsyncram megafunction from the following design logic: "ascal:ascal|altsyncram:o_line0[0].r[7]__2" 
        Info (286033): Parameter OPERATION_MODE set to DUAL_PORT
        Info (286033): Parameter WIDTH_A set to 24
        Info (286033): Parameter WIDTHAD_A set to 11
        Info (286033): Parameter NUMWORDS_A set to 2048
        Info (286033): Parameter WIDTH_B set to 24
        Info (286033): Parameter WIDTHAD_B set to 11
        Info (286033): Parameter NUMWORDS_B set to 2048
        Info (286033): Parameter ADDRESS_ACLR_A set to NONE
        Info (286033): Parameter OUTDATA_REG_B set to UNREGISTERED
        Info (286033): Parameter ADDRESS_ACLR_B set to NONE
        Info (286033): Parameter OUTDATA_ACLR_B set to NONE
        Info (286033): Parameter ADDRESS_REG_B set to CLOCK0
        Info (286033): Parameter INDATA_ACLR_A set to NONE
        Info (286033): Parameter WRCONTROL_ACLR_A set to NONE
        Info (286033): Parameter READ_DURING_WRITE_MODE_MIXED_PORTS set to OLD_DATA
    Info (276029): Inferred altsyncram megafunction from the following design logic: "ascal:ascal|altsyncram:o_line1[0].r[7]__3" 
        Info (286033): Parameter OPERATION_MODE set to DUAL_PORT
        Info (286033): Parameter WIDTH_A set to 24
        Info (286033): Parameter WIDTHAD_A set to 11
        Info (286033): Parameter NUMWORDS_A set to 2048
        Info (286033): Parameter WIDTH_B set to 24
        Info (286033): Parameter WIDTHAD_B set to 11
        Info (286033): Parameter NUMWORDS_B set to 2048
        Info (286033): Parameter ADDRESS_ACLR_A set to NONE
        Info (286033): Parameter OUTDATA_REG_B set to UNREGISTERED
        Info (286033): Parameter ADDRESS_ACLR_B set to NONE
        Info (286033): Parameter OUTDATA_ACLR_B set to NONE
        Info (286033): Parameter ADDRESS_REG_B set to CLOCK0
        Info (286033): Parameter INDATA_ACLR_A set to NONE
        Info (286033): Parameter WRCONTROL_ACLR_A set to NONE
        Info (286033): Parameter READ_DURING_WRITE_MODE_MIXED_PORTS set to OLD_DATA
    Info (276029): Inferred altsyncram megafunction from the following design logic: "ascal:ascal|altsyncram:o_line2[0].r[7]__4" 
        Info (286033): Parameter OPERATION_MODE set to DUAL_PORT
        Info (286033): Parameter WIDTH_A set to 24
        Info (286033): Parameter WIDTHAD_A set to 11
        Info (286033): Parameter NUMWORDS_A set to 2048
        Info (286033): Parameter WIDTH_B set to 24
        Info (286033): Parameter WIDTHAD_B set to 11
        Info (286033): Parameter NUMWORDS_B set to 2048
        Info (286033): Parameter ADDRESS_ACLR_A set to NONE
        Info (286033): Parameter OUTDATA_REG_B set to UNREGISTERED
        Info (286033): Parameter ADDRESS_ACLR_B set to NONE
        Info (286033): Parameter OUTDATA_ACLR_B set to NONE
        Info (286033): Parameter ADDRESS_REG_B set to CLOCK0
        Info (286033): Parameter INDATA_ACLR_A set to NONE
        Info (286033): Parameter WRCONTROL_ACLR_A set to NONE
        Info (286033): Parameter READ_DURING_WRITE_MODE_MIXED_PORTS set to OLD_DATA
    Info (276029): Inferred altsyncram megafunction from the following design logic: "ascal:ascal|altsyncram:o_line3[0].r[7]__5" 
        Info (286033): Parameter OPERATION_MODE set to DUAL_PORT
        Info (286033): Parameter WIDTH_A set to 24
        Info (286033): Parameter WIDTHAD_A set to 11
        Info (286033): Parameter NUMWORDS_A set to 2048
        Info (286033): Parameter WIDTH_B set to 24
        Info (286033): Parameter WIDTHAD_B set to 11
        Info (286033): Parameter NUMWORDS_B set to 2048
        Info (286033): Parameter ADDRESS_ACLR_A set to NONE
        Info (286033): Parameter OUTDATA_REG_B set to UNREGISTERED
        Info (286033): Parameter ADDRESS_ACLR_B set to NONE
        Info (286033): Parameter OUTDATA_ACLR_B set to NONE
        Info (286033): Parameter ADDRESS_REG_B set to CLOCK0
        Info (286033): Parameter INDATA_ACLR_A set to NONE
        Info (286033): Parameter WRCONTROL_ACLR_A set to NONE
        Info (286033): Parameter READ_DURING_WRITE_MODE_MIXED_PORTS set to OLD_DATA
    Info (276029): Inferred altsyncram megafunction from the following design logic: "ascal:ascal|altsyncram:o_linf0[0].r[7]__6" 
        Info (286033): Parameter OPERATION_MODE set to DUAL_PORT
        Info (286033): Parameter WIDTH_A set to 24
        Info (286033): Parameter WIDTHAD_A set to 8
        Info (286033): Parameter NUMWORDS_A set to 256
        Info (286033): Parameter WIDTH_B set to 24
        Info (286033): Parameter WIDTHAD_B set to 8
        Info (286033): Parameter NUMWORDS_B set to 256
        Info (286033): Parameter ADDRESS_ACLR_A set to NONE
        Info (286033): Parameter OUTDATA_REG_B set to UNREGISTERED
        Info (286033): Parameter ADDRESS_ACLR_B set to NONE
        Info (286033): Parameter OUTDATA_ACLR_B set to NONE
        Info (286033): Parameter ADDRESS_REG_B set to CLOCK0
        Info (286033): Parameter INDATA_ACLR_A set to NONE
        Info (286033): Parameter WRCONTROL_ACLR_A set to NONE
        Info (286033): Parameter READ_DURING_WRITE_MODE_MIXED_PORTS set to OLD_DATA
    Info (276029): Inferred altsyncram megafunction from the following design logic: "ascal:ascal|altsyncram:o_linf1[0].r[7]__7" 
        Info (286033): Parameter OPERATION_MODE set to DUAL_PORT
        Info (286033): Parameter WIDTH_A set to 24
        Info (286033): Parameter WIDTHAD_A set to 8
        Info (286033): Parameter NUMWORDS_A set to 256
        Info (286033): Parameter WIDTH_B set to 24
        Info (286033): Parameter WIDTHAD_B set to 8
        Info (286033): Parameter NUMWORDS_B set to 256
        Info (286033): Parameter ADDRESS_ACLR_A set to NONE
        Info (286033): Parameter OUTDATA_REG_B set to UNREGISTERED
        Info (286033): Parameter ADDRESS_ACLR_B set to NONE
        Info (286033): Parameter OUTDATA_ACLR_B set to NONE
        Info (286033): Parameter ADDRESS_REG_B set to CLOCK0
        Info (286033): Parameter INDATA_ACLR_A set to NONE
        Info (286033): Parameter WRCONTROL_ACLR_A set to NONE
        Info (286033): Parameter READ_DURING_WRITE_MODE_MIXED_PORTS set to OLD_DATA
    Info (276029): Inferred altsyncram megafunction from the following design logic: "ascal:ascal|altsyncram:o_linf2[0].r[7]__8" 
        Info (286033): Parameter OPERATION_MODE set to DUAL_PORT
        Info (286033): Parameter WIDTH_A set to 24
        Info (286033): Parameter WIDTHAD_A set to 8
        Info (286033): Parameter NUMWORDS_A set to 256
        Info (286033): Parameter WIDTH_B set to 24
        Info (286033): Parameter WIDTHAD_B set to 8
        Info (286033): Parameter NUMWORDS_B set to 256
        Info (286033): Parameter ADDRESS_ACLR_A set to NONE
        Info (286033): Parameter OUTDATA_REG_B set to UNREGISTERED
        Info (286033): Parameter ADDRESS_ACLR_B set to NONE
        Info (286033): Parameter OUTDATA_ACLR_B set to NONE
        Info (286033): Parameter ADDRESS_REG_B set to CLOCK0
        Info (286033): Parameter INDATA_ACLR_A set to NONE
        Info (286033): Parameter WRCONTROL_ACLR_A set to NONE
        Info (286033): Parameter READ_DURING_WRITE_MODE_MIXED_PORTS set to OLD_DATA
    Info (276029): Inferred altsyncram megafunction from the following design logic: "ascal:ascal|altsyncram:o_linf3[0].r[7]__9" 
        Info (286033): Parameter OPERATION_MODE set to DUAL_PORT
        Info (286033): Parameter WIDTH_A set to 24
        Info (286033): Parameter WIDTHAD_A set to 8
        Info (286033): Parameter NUMWORDS_A set to 256
        Info (286033): Parameter WIDTH_B set to 24
        Info (286033): Parameter WIDTHAD_B set to 8
        Info (286033): Parameter NUMWORDS_B set to 256
        Info (286033): Parameter ADDRESS_ACLR_A set to NONE
        Info (286033): Parameter OUTDATA_REG_B set to UNREGISTERED
        Info (286033): Parameter ADDRESS_ACLR_B set to NONE
        Info (286033): Parameter OUTDATA_ACLR_B set to NONE
        Info (286033): Parameter ADDRESS_REG_B set to CLOCK0
        Info (286033): Parameter INDATA_ACLR_A set to NONE
        Info (286033): Parameter WRCONTROL_ACLR_A set to NONE
        Info (286033): Parameter READ_DURING_WRITE_MODE_MIXED_PORTS set to OLD_DATA
Info (12128): Elaborating entity "altsyncram" for hierarchy "ascal:ascal|altsyncram:i_mem[0].r[7]__1"
Info (12130): Elaborated megafunction instantiation "ascal:ascal|altsyncram:i_mem[0].r[7]__1"
Info (12133): Instantiated megafunction "ascal:ascal|altsyncram:i_mem[0].r[7]__1" with the following parameter:
    Info (12134): Parameter "OPERATION_MODE" = "DUAL_PORT"
    Info (12134): Parameter "WIDTH_A" = "24"
    Info (12134): Parameter "WIDTHAD_A" = "11"
    Info (12134): Parameter "NUMWORDS_A" = "2048"
    Info (12134): Parameter "WIDTH_B" = "24"
    Info (12134): Parameter "WIDTHAD_B" = "11"
    Info (12134): Parameter "NUMWORDS_B" = "2048"
    Info (12134): Parameter "ADDRESS_ACLR_A" = "NONE"
    Info (12134): Parameter "OUTDATA_REG_B" = "UNREGISTERED"
    Info (12134): Parameter "ADDRESS_ACLR_B" = "NONE"
    Info (12134): Parameter "OUTDATA_ACLR_B" = "NONE"
    Info (12134): Parameter "ADDRESS_REG_B" = "CLOCK0"
    Info (12134): Parameter "INDATA_ACLR_A" = "NONE"
    Info (12134): Parameter "WRCONTROL_ACLR_A" = "NONE"
    Info (12134): Parameter "READ_DURING_WRITE_MODE_MIXED_PORTS" = "OLD_DATA"
    Info (12134): Parameter "RDCONTROL_REG_B" = "CLOCK0"
Info (12021): Found 1 design units, including 1 entities, in source file db/altsyncram_89q1.tdf
    Info (12023): Found entity 1: altsyncram_89q1 File: C:/Temp/mistercore/MacLC_MiSTer/db/altsyncram_89q1.tdf Line: 28
Info (12128): Elaborating entity "altsyncram_89q1" for hierarchy "ascal:ascal|altsyncram:i_mem[0].r[7]__1|altsyncram_89q1:auto_generated" File: c:/intelfpga_lite/17.0/quartus/libraries/megafunctions/altsyncram.tdf Line: 792
Info (12128): Elaborating entity "altsyncram" for hierarchy "ascal:ascal|altsyncram:o_line0[0].r[7]__2"
Info (12130): Elaborated megafunction instantiation "ascal:ascal|altsyncram:o_line0[0].r[7]__2"
Info (12133): Instantiated megafunction "ascal:ascal|altsyncram:o_line0[0].r[7]__2" with the following parameter:
    Info (12134): Parameter "OPERATION_MODE" = "DUAL_PORT"
    Info (12134): Parameter "WIDTH_A" = "24"
    Info (12134): Parameter "WIDTHAD_A" = "11"
    Info (12134): Parameter "NUMWORDS_A" = "2048"
    Info (12134): Parameter "WIDTH_B" = "24"
    Info (12134): Parameter "WIDTHAD_B" = "11"
    Info (12134): Parameter "NUMWORDS_B" = "2048"
    Info (12134): Parameter "ADDRESS_ACLR_A" = "NONE"
    Info (12134): Parameter "OUTDATA_REG_B" = "UNREGISTERED"
    Info (12134): Parameter "ADDRESS_ACLR_B" = "NONE"
    Info (12134): Parameter "OUTDATA_ACLR_B" = "NONE"
    Info (12134): Parameter "ADDRESS_REG_B" = "CLOCK0"
    Info (12134): Parameter "INDATA_ACLR_A" = "NONE"
    Info (12134): Parameter "WRCONTROL_ACLR_A" = "NONE"
    Info (12134): Parameter "READ_DURING_WRITE_MODE_MIXED_PORTS" = "OLD_DATA"
Info (12021): Found 1 design units, including 1 entities, in source file db/altsyncram_ccn1.tdf
    Info (12023): Found entity 1: altsyncram_ccn1 File: C:/Temp/mistercore/MacLC_MiSTer/db/altsyncram_ccn1.tdf Line: 28
Info (12128): Elaborating entity "altsyncram_ccn1" for hierarchy "ascal:ascal|altsyncram:o_line0[0].r[7]__2|altsyncram_ccn1:auto_generated" File: c:/intelfpga_lite/17.0/quartus/libraries/megafunctions/altsyncram.tdf Line: 792
Info (12128): Elaborating entity "altsyncram" for hierarchy "ascal:ascal|altsyncram:o_linf0[0].r[7]__6"
Info (12130): Elaborated megafunction instantiation "ascal:ascal|altsyncram:o_linf0[0].r[7]__6"
Info (12133): Instantiated megafunction "ascal:ascal|altsyncram:o_linf0[0].r[7]__6" with the following parameter:
    Info (12134): Parameter "OPERATION_MODE" = "DUAL_PORT"
    Info (12134): Parameter "WIDTH_A" = "24"
    Info (12134): Parameter "WIDTHAD_A" = "8"
    Info (12134): Parameter "NUMWORDS_A" = "256"
    Info (12134): Parameter "WIDTH_B" = "24"
    Info (12134): Parameter "WIDTHAD_B" = "8"
    Info (12134): Parameter "NUMWORDS_B" = "256"
    Info (12134): Parameter "ADDRESS_ACLR_A" = "NONE"
    Info (12134): Parameter "OUTDATA_REG_B" = "UNREGISTERED"
    Info (12134): Parameter "ADDRESS_ACLR_B" = "NONE"
    Info (12134): Parameter "OUTDATA_ACLR_B" = "NONE"
    Info (12134): Parameter "ADDRESS_REG_B" = "CLOCK0"
    Info (12134): Parameter "INDATA_ACLR_A" = "NONE"
    Info (12134): Parameter "WRCONTROL_ACLR_A" = "NONE"
    Info (12134): Parameter "READ_DURING_WRITE_MODE_MIXED_PORTS" = "OLD_DATA"
Info (12021): Found 1 design units, including 1 entities, in source file db/altsyncram_m6n1.tdf
    Info (12023): Found entity 1: altsyncram_m6n1 File: C:/Temp/mistercore/MacLC_MiSTer/db/altsyncram_m6n1.tdf Line: 28
Info (12128): Elaborating entity "altsyncram_m6n1" for hierarchy "ascal:ascal|altsyncram:o_linf0[0].r[7]__6|altsyncram_m6n1:auto_generated" File: c:/intelfpga_lite/17.0/quartus/libraries/megafunctions/altsyncram.tdf Line: 792
Info (12128): Elaborating entity "sys_umuldiv" for hierarchy "sys_umuldiv:ar_muldiv" File: C:/Temp/mistercore/MacLC_MiSTer/sys/sys_top.v Line: 890
Info (12128): Elaborating entity "sys_umul" for hierarchy "sys_umuldiv:ar_muldiv|sys_umul:umul" File: C:/Temp/mistercore/MacLC_MiSTer/sys/math.sv Line: 105
Info (12128): Elaborating entity "sys_udiv" for hierarchy "sys_umuldiv:ar_muldiv|sys_udiv:udiv" File: C:/Temp/mistercore/MacLC_MiSTer/sys/math.sv Line: 107
Info (12128): Elaborating entity "pll_hdmi_adj" for hierarchy "pll_hdmi_adj:pll_hdmi_adj" File: C:/Temp/mistercore/MacLC_MiSTer/sys/sys_top.v Line: 1015
Info (12128): Elaborating entity "pll_hdmi" for hierarchy "pll_hdmi:pll_hdmi" File: C:/Temp/mistercore/MacLC_MiSTer/sys/sys_top.v Line: 1049
Info (12128): Elaborating entity "pll_hdmi_0002" for hierarchy "pll_hdmi:pll_hdmi|pll_hdmi_0002:pll_hdmi_inst" File: C:/Temp/mistercore/MacLC_MiSTer/sys/pll_hdmi.v Line: 23
Info (12128): Elaborating entity "altera_pll" for hierarchy "pll_hdmi:pll_hdmi|pll_hdmi_0002:pll_hdmi_inst|altera_pll:altera_pll_i" File: C:/Temp/mistercore/MacLC_MiSTer/sys/pll_hdmi/pll_hdmi_0002.v Line: 239
Info (10008): Verilog HDL or VHDL information: EDA Netlist Writer cannot regroup multidimensional array "wire_to_nowhere_64" into its bus
Info (12130): Elaborated megafunction instantiation "pll_hdmi:pll_hdmi|pll_hdmi_0002:pll_hdmi_inst|altera_pll:altera_pll_i" File: C:/Temp/mistercore/MacLC_MiSTer/sys/pll_hdmi/pll_hdmi_0002.v Line: 239
Info (12133): Instantiated megafunction "pll_hdmi:pll_hdmi|pll_hdmi_0002:pll_hdmi_inst|altera_pll:altera_pll_i" with the following parameter: File: C:/Temp/mistercore/MacLC_MiSTer/sys/pll_hdmi/pll_hdmi_0002.v Line: 239
    Info (12134): Parameter "fractional_vco_multiplier" = "true"
    Info (12134): Parameter "reference_clock_frequency" = "50.0 MHz"
    Info (12134): Parameter "pll_fractional_cout" = "32"
    Info (12134): Parameter "pll_dsm_out_sel" = "1st_order"
    Info (12134): Parameter "operation_mode" = "direct"
    Info (12134): Parameter "number_of_clocks" = "1"
    Info (12134): Parameter "output_clock_frequency0" = "148.500000 MHz"
    Info (12134): Parameter "phase_shift0" = "0 ps"
    Info (12134): Parameter "duty_cycle0" = "50"
    Info (12134): Parameter "output_clock_frequency1" = "0 MHz"
    Info (12134): Parameter "phase_shift1" = "0 ps"
    Info (12134): Parameter "duty_cycle1" = "50"
    Info (12134): Parameter "output_clock_frequency2" = "0 MHz"
    Info (12134): Parameter "phase_shift2" = "0 ps"
    Info (12134): Parameter "duty_cycle2" = "50"
    Info (12134): Parameter "output_clock_frequency3" = "0 MHz"
    Info (12134): Parameter "phase_shift3" = "0 ps"
    Info (12134): Parameter "duty_cycle3" = "50"
    Info (12134): Parameter "output_clock_frequency4" = "0 MHz"
    Info (12134): Parameter "phase_shift4" = "0 ps"
    Info (12134): Parameter "duty_cycle4" = "50"
    Info (12134): Parameter "output_clock_frequency5" = "0 MHz"
    Info (12134): Parameter "phase_shift5" = "0 ps"
    Info (12134): Parameter "duty_cycle5" = "50"
    Info (12134): Parameter "output_clock_frequency6" = "0 MHz"
    Info (12134): Parameter "phase_shift6" = "0 ps"
    Info (12134): Parameter "duty_cycle6" = "50"
    Info (12134): Parameter "output_clock_frequency7" = "0 MHz"
    Info (12134): Parameter "phase_shift7" = "0 ps"
    Info (12134): Parameter "duty_cycle7" = "50"
    Info (12134): Parameter "output_clock_frequency8" = "0 MHz"
    Info (12134): Parameter "phase_shift8" = "0 ps"
    Info (12134): Parameter "duty_cycle8" = "50"
    Info (12134): Parameter "output_clock_frequency9" = "0 MHz"
    Info (12134): Parameter "phase_shift9" = "0 ps"
    Info (12134): Parameter "duty_cycle9" = "50"
    Info (12134): Parameter "output_clock_frequency10" = "0 MHz"
    Info (12134): Parameter "phase_shift10" = "0 ps"
    Info (12134): Parameter "duty_cycle10" = "50"
    Info (12134): Parameter "output_clock_frequency11" = "0 MHz"
    Info (12134): Parameter "phase_shift11" = "0 ps"
    Info (12134): Parameter "duty_cycle11" = "50"
    Info (12134): Parameter "output_clock_frequency12" = "0 MHz"
    Info (12134): Parameter "phase_shift12" = "0 ps"
    Info (12134): Parameter "duty_cycle12" = "50"
    Info (12134): Parameter "output_clock_frequency13" = "0 MHz"
    Info (12134): Parameter "phase_shift13" = "0 ps"
    Info (12134): Parameter "duty_cycle13" = "50"
    Info (12134): Parameter "output_clock_frequency14" = "0 MHz"
    Info (12134): Parameter "phase_shift14" = "0 ps"
    Info (12134): Parameter "duty_cycle14" = "50"
    Info (12134): Parameter "output_clock_frequency15" = "0 MHz"
    Info (12134): Parameter "phase_shift15" = "0 ps"
    Info (12134): Parameter "duty_cycle15" = "50"
    Info (12134): Parameter "output_clock_frequency16" = "0 MHz"
    Info (12134): Parameter "phase_shift16" = "0 ps"
    Info (12134): Parameter "duty_cycle16" = "50"
    Info (12134): Parameter "output_clock_frequency17" = "0 MHz"
    Info (12134): Parameter "phase_shift17" = "0 ps"
    Info (12134): Parameter "duty_cycle17" = "50"
    Info (12134): Parameter "pll_type" = "Cyclone V"
    Info (12134): Parameter "pll_subtype" = "Reconfigurable"
    Info (12134): Parameter "m_cnt_hi_div" = "4"
    Info (12134): Parameter "m_cnt_lo_div" = "4"
    Info (12134): Parameter "n_cnt_hi_div" = "256"
    Info (12134): Parameter "n_cnt_lo_div" = "256"
    Info (12134): Parameter "m_cnt_bypass_en" = "false"
    Info (12134): Parameter "n_cnt_bypass_en" = "true"
    Info (12134): Parameter "m_cnt_odd_div_duty_en" = "false"
    Info (12134): Parameter "n_cnt_odd_div_duty_en" = "false"
    Info (12134): Parameter "c_cnt_hi_div0" = "2"
    Info (12134): Parameter "c_cnt_lo_div0" = "1"
    Info (12134): Parameter "c_cnt_prst0" = "1"
    Info (12134): Parameter "c_cnt_ph_mux_prst0" = "0"
    Info (12134): Parameter "c_cnt_in_src0" = "ph_mux_clk"
    Info (12134): Parameter "c_cnt_bypass_en0" = "false"
    Info (12134): Parameter "c_cnt_odd_div_duty_en0" = "true"
    Info (12134): Parameter "c_cnt_hi_div1" = "1"
    Info (12134): Parameter "c_cnt_lo_div1" = "1"
    Info (12134): Parameter "c_cnt_prst1" = "1"
    Info (12134): Parameter "c_cnt_ph_mux_prst1" = "0"
    Info (12134): Parameter "c_cnt_in_src1" = "ph_mux_clk"
    Info (12134): Parameter "c_cnt_bypass_en1" = "true"
    Info (12134): Parameter "c_cnt_odd_div_duty_en1" = "false"
    Info (12134): Parameter "c_cnt_hi_div2" = "1"
    Info (12134): Parameter "c_cnt_lo_div2" = "1"
    Info (12134): Parameter "c_cnt_prst2" = "1"
    Info (12134): Parameter "c_cnt_ph_mux_prst2" = "0"
    Info (12134): Parameter "c_cnt_in_src2" = "ph_mux_clk"
    Info (12134): Parameter "c_cnt_bypass_en2" = "true"
    Info (12134): Parameter "c_cnt_odd_div_duty_en2" = "false"
    Info (12134): Parameter "c_cnt_hi_div3" = "1"
    Info (12134): Parameter "c_cnt_lo_div3" = "1"
    Info (12134): Parameter "c_cnt_prst3" = "1"
    Info (12134): Parameter "c_cnt_ph_mux_prst3" = "0"
    Info (12134): Parameter "c_cnt_in_src3" = "ph_mux_clk"
    Info (12134): Parameter "c_cnt_bypass_en3" = "true"
    Info (12134): Parameter "c_cnt_odd_div_duty_en3" = "false"
    Info (12134): Parameter "c_cnt_hi_div4" = "1"
    Info (12134): Parameter "c_cnt_lo_div4" = "1"
    Info (12134): Parameter "c_cnt_prst4" = "1"
    Info (12134): Parameter "c_cnt_ph_mux_prst4" = "0"
    Info (12134): Parameter "c_cnt_in_src4" = "ph_mux_clk"
    Info (12134): Parameter "c_cnt_bypass_en4" = "true"
    Info (12134): Parameter "c_cnt_odd_div_duty_en4" = "false"
    Info (12134): Parameter "c_cnt_hi_div5" = "1"
    Info (12134): Parameter "c_cnt_lo_div5" = "1"
    Info (12134): Parameter "c_cnt_prst5" = "1"
    Info (12134): Parameter "c_cnt_ph_mux_prst5" = "0"
    Info (12134): Parameter "c_cnt_in_src5" = "ph_mux_clk"
    Info (12134): Parameter "c_cnt_bypass_en5" = "true"
    Info (12134): Parameter "c_cnt_odd_div_duty_en5" = "false"
    Info (12134): Parameter "c_cnt_hi_div6" = "1"
    Info (12134): Parameter "c_cnt_lo_div6" = "1"
    Info (12134): Parameter "c_cnt_prst6" = "1"
    Info (12134): Parameter "c_cnt_ph_mux_prst6" = "0"
    Info (12134): Parameter "c_cnt_in_src6" = "ph_mux_clk"
    Info (12134): Parameter "c_cnt_bypass_en6" = "true"
    Info (12134): Parameter "c_cnt_odd_div_duty_en6" = "false"
    Info (12134): Parameter "c_cnt_hi_div7" = "1"
    Info (12134): Parameter "c_cnt_lo_div7" = "1"
    Info (12134): Parameter "c_cnt_prst7" = "1"
    Info (12134): Parameter "c_cnt_ph_mux_prst7" = "0"
    Info (12134): Parameter "c_cnt_in_src7" = "ph_mux_clk"
    Info (12134): Parameter "c_cnt_bypass_en7" = "true"
    Info (12134): Parameter "c_cnt_odd_div_duty_en7" = "false"
    Info (12134): Parameter "c_cnt_hi_div8" = "1"
    Info (12134): Parameter "c_cnt_lo_div8" = "1"
    Info (12134): Parameter "c_cnt_prst8" = "1"
    Info (12134): Parameter "c_cnt_ph_mux_prst8" = "0"
    Info (12134): Parameter "c_cnt_in_src8" = "ph_mux_clk"
    Info (12134): Parameter "c_cnt_bypass_en8" = "true"
    Info (12134): Parameter "c_cnt_odd_div_duty_en8" = "false"
    Info (12134): Parameter "c_cnt_hi_div9" = "1"
    Info (12134): Parameter "c_cnt_lo_div9" = "1"
    Info (12134): Parameter "c_cnt_prst9" = "1"
    Info (12134): Parameter "c_cnt_ph_mux_prst9" = "0"
    Info (12134): Parameter "c_cnt_in_src9" = "ph_mux_clk"
    Info (12134): Parameter "c_cnt_bypass_en9" = "true"
    Info (12134): Parameter "c_cnt_odd_div_duty_en9" = "false"
    Info (12134): Parameter "c_cnt_hi_div10" = "1"
    Info (12134): Parameter "c_cnt_lo_div10" = "1"
    Info (12134): Parameter "c_cnt_prst10" = "1"
    Info (12134): Parameter "c_cnt_ph_mux_prst10" = "0"
    Info (12134): Parameter "c_cnt_in_src10" = "ph_mux_clk"
    Info (12134): Parameter "c_cnt_bypass_en10" = "true"
    Info (12134): Parameter "c_cnt_odd_div_duty_en10" = "false"
    Info (12134): Parameter "c_cnt_hi_div11" = "1"
    Info (12134): Parameter "c_cnt_lo_div11" = "1"
    Info (12134): Parameter "c_cnt_prst11" = "1"
    Info (12134): Parameter "c_cnt_ph_mux_prst11" = "0"
    Info (12134): Parameter "c_cnt_in_src11" = "ph_mux_clk"
    Info (12134): Parameter "c_cnt_bypass_en11" = "true"
    Info (12134): Parameter "c_cnt_odd_div_duty_en11" = "false"
    Info (12134): Parameter "c_cnt_hi_div12" = "1"
    Info (12134): Parameter "c_cnt_lo_div12" = "1"
    Info (12134): Parameter "c_cnt_prst12" = "1"
    Info (12134): Parameter "c_cnt_ph_mux_prst12" = "0"
    Info (12134): Parameter "c_cnt_in_src12" = "ph_mux_clk"
    Info (12134): Parameter "c_cnt_bypass_en12" = "true"
    Info (12134): Parameter "c_cnt_odd_div_duty_en12" = "false"
    Info (12134): Parameter "c_cnt_hi_div13" = "1"
    Info (12134): Parameter "c_cnt_lo_div13" = "1"
    Info (12134): Parameter "c_cnt_prst13" = "1"
    Info (12134): Parameter "c_cnt_ph_mux_prst13" = "0"
    Info (12134): Parameter "c_cnt_in_src13" = "ph_mux_clk"
    Info (12134): Parameter "c_cnt_bypass_en13" = "true"
    Info (12134): Parameter "c_cnt_odd_div_duty_en13" = "false"
    Info (12134): Parameter "c_cnt_hi_div14" = "1"
    Info (12134): Parameter "c_cnt_lo_div14" = "1"
    Info (12134): Parameter "c_cnt_prst14" = "1"
    Info (12134): Parameter "c_cnt_ph_mux_prst14" = "0"
    Info (12134): Parameter "c_cnt_in_src14" = "ph_mux_clk"
    Info (12134): Parameter "c_cnt_bypass_en14" = "true"
    Info (12134): Parameter "c_cnt_odd_div_duty_en14" = "false"
    Info (12134): Parameter "c_cnt_hi_div15" = "1"
    Info (12134): Parameter "c_cnt_lo_div15" = "1"
    Info (12134): Parameter "c_cnt_prst15" = "1"
    Info (12134): Parameter "c_cnt_ph_mux_prst15" = "0"
    Info (12134): Parameter "c_cnt_in_src15" = "ph_mux_clk"
    Info (12134): Parameter "c_cnt_bypass_en15" = "true"
    Info (12134): Parameter "c_cnt_odd_div_duty_en15" = "false"
    Info (12134): Parameter "c_cnt_hi_div16" = "1"
    Info (12134): Parameter "c_cnt_lo_div16" = "1"
    Info (12134): Parameter "c_cnt_prst16" = "1"
    Info (12134): Parameter "c_cnt_ph_mux_prst16" = "0"
    Info (12134): Parameter "c_cnt_in_src16" = "ph_mux_clk"
    Info (12134): Parameter "c_cnt_bypass_en16" = "true"
    Info (12134): Parameter "c_cnt_odd_div_duty_en16" = "false"
    Info (12134): Parameter "c_cnt_hi_div17" = "1"
    Info (12134): Parameter "c_cnt_lo_div17" = "1"
    Info (12134): Parameter "c_cnt_prst17" = "1"
    Info (12134): Parameter "c_cnt_ph_mux_prst17" = "0"
    Info (12134): Parameter "c_cnt_in_src17" = "ph_mux_clk"
    Info (12134): Parameter "c_cnt_bypass_en17" = "true"
    Info (12134): Parameter "c_cnt_odd_div_duty_en17" = "false"
    Info (12134): Parameter "pll_vco_div" = "2"
    Info (12134): Parameter "pll_cp_current" = "20"
    Info (12134): Parameter "pll_bwctrl" = "4000"
    Info (12134): Parameter "pll_output_clk_frequency" = "445.499999 MHz"
    Info (12134): Parameter "pll_fractional_division" = "3908420153"
    Info (12134): Parameter "mimic_fbclk_type" = "none"
    Info (12134): Parameter "pll_fbclk_mux_1" = "glb"
    Info (12134): Parameter "pll_fbclk_mux_2" = "m_cnt"
    Info (12134): Parameter "pll_m_cnt_in_src" = "ph_mux_clk"
    Info (12134): Parameter "pll_slf_rst" = "true"
Info (12128): Elaborating entity "dps_extra_kick" for hierarchy "pll_hdmi:pll_hdmi|pll_hdmi_0002:pll_hdmi_inst|altera_pll:altera_pll_i|dps_extra_kick:dps_extra_inst" File: c:/intelfpga_lite/17.0/quartus/libraries/megafunctions/altera_pll.v Line: 769
Info (12131): Elaborated megafunction instantiation "pll_hdmi:pll_hdmi|pll_hdmi_0002:pll_hdmi_inst|altera_pll:altera_pll_i|dps_extra_kick:dps_extra_inst", which is child of megafunction instantiation "pll_hdmi:pll_hdmi|pll_hdmi_0002:pll_hdmi_inst|altera_pll:altera_pll_i" File: c:/intelfpga_lite/17.0/quartus/libraries/megafunctions/altera_pll.v Line: 769
Info (12128): Elaborating entity "dprio_init" for hierarchy "pll_hdmi:pll_hdmi|pll_hdmi_0002:pll_hdmi_inst|altera_pll:altera_pll_i|dprio_init:dprio_init_inst" File: c:/intelfpga_lite/17.0/quartus/libraries/megafunctions/altera_pll.v Line: 784
Info (12131): Elaborated megafunction instantiation "pll_hdmi:pll_hdmi|pll_hdmi_0002:pll_hdmi_inst|altera_pll:altera_pll_i|dprio_init:dprio_init_inst", which is child of megafunction instantiation "pll_hdmi:pll_hdmi|pll_hdmi_0002:pll_hdmi_inst|altera_pll:altera_pll_i" File: c:/intelfpga_lite/17.0/quartus/libraries/megafunctions/altera_pll.v Line: 784
Info (12128): Elaborating entity "altera_pll_dps_lcell_comb" for hierarchy "pll_hdmi:pll_hdmi|pll_hdmi_0002:pll_hdmi_inst|altera_pll:altera_pll_i|altera_pll_dps_lcell_comb:lcell_cntsel_int_0" File: c:/intelfpga_lite/17.0/quartus/libraries/megafunctions/altera_pll.v Line: 1961
Info (12131): Elaborated megafunction instantiation "pll_hdmi:pll_hdmi|pll_hdmi_0002:pll_hdmi_inst|altera_pll:altera_pll_i|altera_pll_dps_lcell_comb:lcell_cntsel_int_0", which is child of megafunction instantiation "pll_hdmi:pll_hdmi|pll_hdmi_0002:pll_hdmi_inst|altera_pll:altera_pll_i" File: c:/intelfpga_lite/17.0/quartus/libraries/megafunctions/altera_pll.v Line: 1961
Info (12128): Elaborating entity "altera_pll_dps_lcell_comb" for hierarchy "pll_hdmi:pll_hdmi|pll_hdmi_0002:pll_hdmi_inst|altera_pll:altera_pll_i|altera_pll_dps_lcell_comb:lcell_cntsel_int_1" File: c:/intelfpga_lite/17.0/quartus/libraries/megafunctions/altera_pll.v Line: 1972
Info (12131): Elaborated megafunction instantiation "pll_hdmi:pll_hdmi|pll_hdmi_0002:pll_hdmi_inst|altera_pll:altera_pll_i|altera_pll_dps_lcell_comb:lcell_cntsel_int_1", which is child of megafunction instantiation "pll_hdmi:pll_hdmi|pll_hdmi_0002:pll_hdmi_inst|altera_pll:altera_pll_i" File: c:/intelfpga_lite/17.0/quartus/libraries/megafunctions/altera_pll.v Line: 1972
Info (12128): Elaborating entity "altera_pll_dps_lcell_comb" for hierarchy "pll_hdmi:pll_hdmi|pll_hdmi_0002:pll_hdmi_inst|altera_pll:altera_pll_i|altera_pll_dps_lcell_comb:lcell_cntsel_int_2" File: c:/intelfpga_lite/17.0/quartus/libraries/megafunctions/altera_pll.v Line: 1983
Info (12131): Elaborated megafunction instantiation "pll_hdmi:pll_hdmi|pll_hdmi_0002:pll_hdmi_inst|altera_pll:altera_pll_i|altera_pll_dps_lcell_comb:lcell_cntsel_int_2", which is child of megafunction instantiation "pll_hdmi:pll_hdmi|pll_hdmi_0002:pll_hdmi_inst|altera_pll:altera_pll_i" File: c:/intelfpga_lite/17.0/quartus/libraries/megafunctions/altera_pll.v Line: 1983
Info (12128): Elaborating entity "altera_pll_dps_lcell_comb" for hierarchy "pll_hdmi:pll_hdmi|pll_hdmi_0002:pll_hdmi_inst|altera_pll:altera_pll_i|altera_pll_dps_lcell_comb:lcell_cntsel_int_3" File: c:/intelfpga_lite/17.0/quartus/libraries/megafunctions/altera_pll.v Line: 1994
Info (12131): Elaborated megafunction instantiation "pll_hdmi:pll_hdmi|pll_hdmi_0002:pll_hdmi_inst|altera_pll:altera_pll_i|altera_pll_dps_lcell_comb:lcell_cntsel_int_3", which is child of megafunction instantiation "pll_hdmi:pll_hdmi|pll_hdmi_0002:pll_hdmi_inst|altera_pll:altera_pll_i" File: c:/intelfpga_lite/17.0/quartus/libraries/megafunctions/altera_pll.v Line: 1994
Info (12128): Elaborating entity "altera_pll_dps_lcell_comb" for hierarchy "pll_hdmi:pll_hdmi|pll_hdmi_0002:pll_hdmi_inst|altera_pll:altera_pll_i|altera_pll_dps_lcell_comb:lcell_cntsel_int_4" File: c:/intelfpga_lite/17.0/quartus/libraries/megafunctions/altera_pll.v Line: 2005
Info (12131): Elaborated megafunction instantiation "pll_hdmi:pll_hdmi|pll_hdmi_0002:pll_hdmi_inst|altera_pll:altera_pll_i|altera_pll_dps_lcell_comb:lcell_cntsel_int_4", which is child of megafunction instantiation "pll_hdmi:pll_hdmi|pll_hdmi_0002:pll_hdmi_inst|altera_pll:altera_pll_i" File: c:/intelfpga_lite/17.0/quartus/libraries/megafunctions/altera_pll.v Line: 2005
Info (12128): Elaborating entity "altera_cyclonev_pll" for hierarchy "pll_hdmi:pll_hdmi|pll_hdmi_0002:pll_hdmi_inst|altera_pll:altera_pll_i|altera_cyclonev_pll:cyclonev_pll" File: c:/intelfpga_lite/17.0/quartus/libraries/megafunctions/altera_pll.v Line: 2224
Info (12131): Elaborated megafunction instantiation "pll_hdmi:pll_hdmi|pll_hdmi_0002:pll_hdmi_inst|altera_pll:altera_pll_i|altera_cyclonev_pll:cyclonev_pll", which is child of megafunction instantiation "pll_hdmi:pll_hdmi|pll_hdmi_0002:pll_hdmi_inst|altera_pll:altera_pll_i" File: c:/intelfpga_lite/17.0/quartus/libraries/megafunctions/altera_pll.v Line: 2224
Info (12128): Elaborating entity "altera_cyclonev_pll_base" for hierarchy "pll_hdmi:pll_hdmi|pll_hdmi_0002:pll_hdmi_inst|altera_pll:altera_pll_i|altera_cyclonev_pll:cyclonev_pll|altera_cyclonev_pll_base:fpll_0" File: c:/intelfpga_lite/17.0/quartus/libraries/megafunctions/altera_cyclonev_pll.v Line: 1153
Info (12131): Elaborated megafunction instantiation "pll_hdmi:pll_hdmi|pll_hdmi_0002:pll_hdmi_inst|altera_pll:altera_pll_i|altera_cyclonev_pll:cyclonev_pll|altera_cyclonev_pll_base:fpll_0", which is child of megafunction instantiation "pll_hdmi:pll_hdmi|pll_hdmi_0002:pll_hdmi_inst|altera_pll:altera_pll_i" File: c:/intelfpga_lite/17.0/quartus/libraries/megafunctions/altera_cyclonev_pll.v Line: 1153
Info (12128): Elaborating entity "pll_cfg_hdmi" for hierarchy "pll_cfg_hdmi:pll_cfg_hdmi" File: C:/Temp/mistercore/MacLC_MiSTer/sys/sys_top.v Line: 1084
Info (12128): Elaborating entity "altera_std_synchronizer" for hierarchy "pll_cfg_hdmi:pll_cfg_hdmi|altera_std_synchronizer:altera_std_synchronizer_inst" File: C:/Temp/mistercore/MacLC_MiSTer/sys/pll_cfg/pll_cfg_hdmi.v Line: 271
Info (12130): Elaborated megafunction instantiation "pll_cfg_hdmi:pll_cfg_hdmi|altera_std_synchronizer:altera_std_synchronizer_inst" File: C:/Temp/mistercore/MacLC_MiSTer/sys/pll_cfg/pll_cfg_hdmi.v Line: 271
Info (12133): Instantiated megafunction "pll_cfg_hdmi:pll_cfg_hdmi|altera_std_synchronizer:altera_std_synchronizer_inst" with the following parameter: File: C:/Temp/mistercore/MacLC_MiSTer/sys/pll_cfg/pll_cfg_hdmi.v Line: 271
    Info (12134): Parameter "depth" = "3"
Info (12128): Elaborating entity "dyn_phase_shift" for hierarchy "pll_cfg_hdmi:pll_cfg_hdmi|dyn_phase_shift:dyn_phase_shift_inst" File: C:/Temp/mistercore/MacLC_MiSTer/sys/pll_cfg/pll_cfg_hdmi.v Line: 1169
Info (12128): Elaborating entity "generic_lcell_comb" for hierarchy "pll_cfg_hdmi:pll_cfg_hdmi|dyn_phase_shift:dyn_phase_shift_inst|generic_lcell_comb:lcell_cnt_sel_0" File: C:/Temp/mistercore/MacLC_MiSTer/sys/pll_cfg/altera_pll_reconfig_core.v Line: 2060
Info (12128): Elaborating entity "generic_lcell_comb" for hierarchy "pll_cfg_hdmi:pll_cfg_hdmi|dyn_phase_shift:dyn_phase_shift_inst|generic_lcell_comb:lcell_cnt_sel_1" File: C:/Temp/mistercore/MacLC_MiSTer/sys/pll_cfg/altera_pll_reconfig_core.v Line: 2071
Info (12128): Elaborating entity "generic_lcell_comb" for hierarchy "pll_cfg_hdmi:pll_cfg_hdmi|dyn_phase_shift:dyn_phase_shift_inst|generic_lcell_comb:lcell_cnt_sel_2" File: C:/Temp/mistercore/MacLC_MiSTer/sys/pll_cfg/altera_pll_reconfig_core.v Line: 2082
Info (12128): Elaborating entity "generic_lcell_comb" for hierarchy "pll_cfg_hdmi:pll_cfg_hdmi|dyn_phase_shift:dyn_phase_shift_inst|generic_lcell_comb:lcell_cnt_sel_3" File: C:/Temp/mistercore/MacLC_MiSTer/sys/pll_cfg/altera_pll_reconfig_core.v Line: 2093
Info (12128): Elaborating entity "generic_lcell_comb" for hierarchy "pll_cfg_hdmi:pll_cfg_hdmi|dyn_phase_shift:dyn_phase_shift_inst|generic_lcell_comb:lcell_cnt_sel_4" File: C:/Temp/mistercore/MacLC_MiSTer/sys/pll_cfg/altera_pll_reconfig_core.v Line: 2104
Info (12128): Elaborating entity "self_reset" for hierarchy "pll_cfg_hdmi:pll_cfg_hdmi|self_reset:self_reset_inst" File: C:/Temp/mistercore/MacLC_MiSTer/sys/pll_cfg/pll_cfg_hdmi.v Line: 1173
Info (12128): Elaborating entity "dprio_mux" for hierarchy "pll_cfg_hdmi:pll_cfg_hdmi|dprio_mux:dprio_mux_inst" File: C:/Temp/mistercore/MacLC_MiSTer/sys/pll_cfg/pll_cfg_hdmi.v Line: 1211
Info (12128): Elaborating entity "fpll_dprio_init" for hierarchy "pll_cfg_hdmi:pll_cfg_hdmi|fpll_dprio_init:fpll_dprio_init_inst" File: C:/Temp/mistercore/MacLC_MiSTer/sys/pll_cfg/pll_cfg_hdmi.v Line: 1230
Info (12128): Elaborating entity "shadowmask" for hierarchy "shadowmask:HDMI_shadowmask" File: C:/Temp/mistercore/MacLC_MiSTer/sys/sys_top.v Line: 1178
Info (12128): Elaborating entity "osd" for hierarchy "osd:hdmi_osd" File: C:/Temp/mistercore/MacLC_MiSTer/sys/sys_top.v Line: 1201
Info (12128): Elaborating entity "csync" for hierarchy "csync:csync_hdmi" File: C:/Temp/mistercore/MacLC_MiSTer/sys/sys_top.v Line: 1204
Info (12128): Elaborating entity "altddio_out" for hierarchy "altddio_out:hdmiclk_ddr" File: C:/Temp/mistercore/MacLC_MiSTer/sys/sys_top.v Line: 1297
Info (12130): Elaborated megafunction instantiation "altddio_out:hdmiclk_ddr" File: C:/Temp/mistercore/MacLC_MiSTer/sys/sys_top.v Line: 1297
Info (12133): Instantiated megafunction "altddio_out:hdmiclk_ddr" with the following parameter: File: C:/Temp/mistercore/MacLC_MiSTer/sys/sys_top.v Line: 1297
    Info (12134): Parameter "extend_oe_disable" = "OFF"
    Info (12134): Parameter "intended_device_family" = "Cyclone V"
    Info (12134): Parameter "invert_output" = "OFF"
    Info (12134): Parameter "lpm_hint" = "UNUSED"
    Info (12134): Parameter "lpm_type" = "altddio_out"
    Info (12134): Parameter "oe_reg" = "UNREGISTERED"
    Info (12134): Parameter "power_up_high" = "OFF"
    Info (12134): Parameter "width" = "1"
Info (12021): Found 1 design units, including 1 entities, in source file db/ddio_out_b2j.tdf
    Info (12023): Found entity 1: ddio_out_b2j File: C:/Temp/mistercore/MacLC_MiSTer/db/ddio_out_b2j.tdf Line: 28
Info (12128): Elaborating entity "ddio_out_b2j" for hierarchy "altddio_out:hdmiclk_ddr|ddio_out_b2j:auto_generated" File: c:/intelfpga_lite/17.0/quartus/libraries/megafunctions/altddio_out.tdf Line: 101
Info (12128): Elaborating entity "altddio_out" for hierarchy "altddio_out:vgaclk_ddr" File: C:/Temp/mistercore/MacLC_MiSTer/sys/sys_top.v Line: 1378
Info (12130): Elaborated megafunction instantiation "altddio_out:vgaclk_ddr" File: C:/Temp/mistercore/MacLC_MiSTer/sys/sys_top.v Line: 1378
Info (12133): Instantiated megafunction "altddio_out:vgaclk_ddr" with the following parameter: File: C:/Temp/mistercore/MacLC_MiSTer/sys/sys_top.v Line: 1378
    Info (12134): Parameter "extend_oe_disable" = "OFF"
    Info (12134): Parameter "intended_device_family" = "Cyclone V"
    Info (12134): Parameter "invert_output" = "OFF"
    Info (12134): Parameter "lpm_hint" = "UNUSED"
    Info (12134): Parameter "lpm_type" = "altddio_out"
    Info (12134): Parameter "oe_reg" = "UNREGISTERED"
    Info (12134): Parameter "power_up_high" = "OFF"
    Info (12134): Parameter "width" = "1"
Info (12021): Found 1 design units, including 1 entities, in source file db/ddio_out_1oj.tdf
    Info (12023): Found entity 1: ddio_out_1oj File: C:/Temp/mistercore/MacLC_MiSTer/db/ddio_out_1oj.tdf Line: 30
Info (12128): Elaborating entity "ddio_out_1oj" for hierarchy "altddio_out:vgaclk_ddr|ddio_out_1oj:auto_generated" File: c:/intelfpga_lite/17.0/quartus/libraries/megafunctions/altddio_out.tdf Line: 101
Info (12128): Elaborating entity "scanlines" for hierarchy "scanlines:VGA_scanlines" File: C:/Temp/mistercore/MacLC_MiSTer/sys/sys_top.v Line: 1399
Info (12128): Elaborating entity "yc_out" for hierarchy "yc_out:yc_out" File: C:/Temp/mistercore/MacLC_MiSTer/sys/sys_top.v Line: 1452
Info (12128): Elaborating entity "vga_out" for hierarchy "vga_out:vga_scaler_out" File: C:/Temp/mistercore/MacLC_MiSTer/sys/sys_top.v Line: 1487
Info (12128): Elaborating entity "pll_audio" for hierarchy "pll_audio:pll_audio" File: C:/Temp/mistercore/MacLC_MiSTer/sys/sys_top.v Line: 1577
Info (12128): Elaborating entity "pll_audio_0002" for hierarchy "pll_audio:pll_audio|pll_audio_0002:pll_audio_inst" File: C:/Temp/mistercore/MacLC_MiSTer/sys/pll_audio.v Line: 19
Info (12128): Elaborating entity "altera_pll" for hierarchy "pll_audio:pll_audio|pll_audio_0002:pll_audio_inst|altera_pll:altera_pll_i" File: C:/Temp/mistercore/MacLC_MiSTer/sys/pll_audio/pll_audio_0002.v Line: 85
Info (10008): Verilog HDL or VHDL information: EDA Netlist Writer cannot regroup multidimensional array "wire_to_nowhere_64" into its bus
Info (12130): Elaborated megafunction instantiation "pll_audio:pll_audio|pll_audio_0002:pll_audio_inst|altera_pll:altera_pll_i" File: C:/Temp/mistercore/MacLC_MiSTer/sys/pll_audio/pll_audio_0002.v Line: 85
Info (12133): Instantiated megafunction "pll_audio:pll_audio|pll_audio_0002:pll_audio_inst|altera_pll:altera_pll_i" with the following parameter: File: C:/Temp/mistercore/MacLC_MiSTer/sys/pll_audio/pll_audio_0002.v Line: 85
    Info (12134): Parameter "fractional_vco_multiplier" = "true"
    Info (12134): Parameter "reference_clock_frequency" = "50.0 MHz"
    Info (12134): Parameter "operation_mode" = "direct"
    Info (12134): Parameter "number_of_clocks" = "1"
    Info (12134): Parameter "output_clock_frequency0" = "24.576000 MHz"
    Info (12134): Parameter "phase_shift0" = "0 ps"
    Info (12134): Parameter "duty_cycle0" = "50"
    Info (12134): Parameter "output_clock_frequency1" = "0 MHz"
    Info (12134): Parameter "phase_shift1" = "0 ps"
    Info (12134): Parameter "duty_cycle1" = "50"
    Info (12134): Parameter "output_clock_frequency2" = "0 MHz"
    Info (12134): Parameter "phase_shift2" = "0 ps"
    Info (12134): Parameter "duty_cycle2" = "50"
    Info (12134): Parameter "output_clock_frequency3" = "0 MHz"
    Info (12134): Parameter "phase_shift3" = "0 ps"
    Info (12134): Parameter "duty_cycle3" = "50"
    Info (12134): Parameter "output_clock_frequency4" = "0 MHz"
    Info (12134): Parameter "phase_shift4" = "0 ps"
    Info (12134): Parameter "duty_cycle4" = "50"
    Info (12134): Parameter "output_clock_frequency5" = "0 MHz"
    Info (12134): Parameter "phase_shift5" = "0 ps"
    Info (12134): Parameter "duty_cycle5" = "50"
    Info (12134): Parameter "output_clock_frequency6" = "0 MHz"
    Info (12134): Parameter "phase_shift6" = "0 ps"
    Info (12134): Parameter "duty_cycle6" = "50"
    Info (12134): Parameter "output_clock_frequency7" = "0 MHz"
    Info (12134): Parameter "phase_shift7" = "0 ps"
    Info (12134): Parameter "duty_cycle7" = "50"
    Info (12134): Parameter "output_clock_frequency8" = "0 MHz"
    Info (12134): Parameter "phase_shift8" = "0 ps"
    Info (12134): Parameter "duty_cycle8" = "50"
    Info (12134): Parameter "output_clock_frequency9" = "0 MHz"
    Info (12134): Parameter "phase_shift9" = "0 ps"
    Info (12134): Parameter "duty_cycle9" = "50"
    Info (12134): Parameter "output_clock_frequency10" = "0 MHz"
    Info (12134): Parameter "phase_shift10" = "0 ps"
    Info (12134): Parameter "duty_cycle10" = "50"
    Info (12134): Parameter "output_clock_frequency11" = "0 MHz"
    Info (12134): Parameter "phase_shift11" = "0 ps"
    Info (12134): Parameter "duty_cycle11" = "50"
    Info (12134): Parameter "output_clock_frequency12" = "0 MHz"
    Info (12134): Parameter "phase_shift12" = "0 ps"
    Info (12134): Parameter "duty_cycle12" = "50"
    Info (12134): Parameter "output_clock_frequency13" = "0 MHz"
    Info (12134): Parameter "phase_shift13" = "0 ps"
    Info (12134): Parameter "duty_cycle13" = "50"
    Info (12134): Parameter "output_clock_frequency14" = "0 MHz"
    Info (12134): Parameter "phase_shift14" = "0 ps"
    Info (12134): Parameter "duty_cycle14" = "50"
    Info (12134): Parameter "output_clock_frequency15" = "0 MHz"
    Info (12134): Parameter "phase_shift15" = "0 ps"
    Info (12134): Parameter "duty_cycle15" = "50"
    Info (12134): Parameter "output_clock_frequency16" = "0 MHz"
    Info (12134): Parameter "phase_shift16" = "0 ps"
    Info (12134): Parameter "duty_cycle16" = "50"
    Info (12134): Parameter "output_clock_frequency17" = "0 MHz"
    Info (12134): Parameter "phase_shift17" = "0 ps"
    Info (12134): Parameter "duty_cycle17" = "50"
    Info (12134): Parameter "pll_type" = "General"
    Info (12134): Parameter "pll_subtype" = "General"
Info (12128): Elaborating entity "audio_out" for hierarchy "audio_out:audio_out" File: C:/Temp/mistercore/MacLC_MiSTer/sys/sys_top.v Line: 1616
Info (12128): Elaborating entity "i2s" for hierarchy "audio_out:audio_out|i2s:i2s" File: C:/Temp/mistercore/MacLC_MiSTer/sys/audio_out.sv Line: 109
Info (12128): Elaborating entity "spdif" for hierarchy "audio_out:audio_out|spdif:toslink" File: C:/Temp/mistercore/MacLC_MiSTer/sys/audio_out.sv Line: 120
Info (12128): Elaborating entity "sigma_delta_dac" for hierarchy "audio_out:audio_out|sigma_delta_dac:sd_l" File: C:/Temp/mistercore/MacLC_MiSTer/sys/audio_out.sv Line: 128
Info (12128): Elaborating entity "IIR_filter" for hierarchy "audio_out:audio_out|IIR_filter:IIR_filter" File: C:/Temp/mistercore/MacLC_MiSTer/sys/audio_out.sv Line: 221
Info (12128): Elaborating entity "iir_filter_tap" for hierarchy "audio_out:audio_out|IIR_filter:IIR_filter|iir_filter_tap:iir_tap_0" File: C:/Temp/mistercore/MacLC_MiSTer/sys/iir_filter.v Line: 82
Info (12128): Elaborating entity "DC_blocker" for hierarchy "audio_out:audio_out|DC_blocker:dcb_l" File: C:/Temp/mistercore/MacLC_MiSTer/sys/audio_out.sv Line: 232
Info (12128): Elaborating entity "aud_mix_top" for hierarchy "audio_out:audio_out|aud_mix_top:audmix_l" File: C:/Temp/mistercore/MacLC_MiSTer/sys/audio_out.sv Line: 260
Info (12128): Elaborating entity "alsa" for hierarchy "alsa:alsa" File: C:/Temp/mistercore/MacLC_MiSTer/sys/sys_top.v Line: 1656
Info (12128): Elaborating entity "sync_fix" for hierarchy "sync_fix:sync_v" File: C:/Temp/mistercore/MacLC_MiSTer/sys/sys_top.v Line: 1707
Info (12128): Elaborating entity "emu" for hierarchy "emu:emu" File: C:/Temp/mistercore/MacLC_MiSTer/sys/sys_top.v Line: 1876
Warning (10036): Verilog HDL or VHDL warning at MacLC.sv(110): object "status_mem" assigned a value but never read File: C:/Temp/mistercore/MacLC_MiSTer/MacLC.sv Line: 110
Warning (10036): Verilog HDL or VHDL warning at MacLC.sv(463): object "_cpuReset_o" assigned a value but never read File: C:/Temp/mistercore/MacLC_MiSTer/MacLC.sv Line: 463
Info (10264): Verilog HDL Case Statement information at MacLC.sv(1423): all case item expressions in this case statement are onehot File: C:/Temp/mistercore/MacLC_MiSTer/MacLC.sv Line: 1423
Info (12128): Elaborating entity "video_freak" for hierarchy "emu:emu|video_freak:video_freak" File: C:/Temp/mistercore/MacLC_MiSTer/MacLC.sv Line: 54
Info (12128): Elaborating entity "video_scale_int" for hierarchy "emu:emu|video_freak:video_freak|video_scale_int:scale" File: C:/Temp/mistercore/MacLC_MiSTer/sys/video_freak.sv Line: 136
Info (12128): Elaborating entity "pll" for hierarchy "emu:emu|pll:pll" File: C:/Temp/mistercore/MacLC_MiSTer/MacLC.sv Line: 90
Info (12128): Elaborating entity "pll_0002" for hierarchy "emu:emu|pll:pll|pll_0002:pll_inst" File: C:/Temp/mistercore/MacLC_MiSTer/rtl/pll.v Line: 22
Info (12128): Elaborating entity "altera_pll" for hierarchy "emu:emu|pll:pll|pll_0002:pll_inst|altera_pll:altera_pll_i" File: C:/Temp/mistercore/MacLC_MiSTer/rtl/pll/pll_0002.v Line: 91
Info (10008): Verilog HDL or VHDL information: EDA Netlist Writer cannot regroup multidimensional array "wire_to_nowhere_64" into its bus
Info (12130): Elaborated megafunction instantiation "emu:emu|pll:pll|pll_0002:pll_inst|altera_pll:altera_pll_i" File: C:/Temp/mistercore/MacLC_MiSTer/rtl/pll/pll_0002.v Line: 91
Info (12133): Instantiated megafunction "emu:emu|pll:pll|pll_0002:pll_inst|altera_pll:altera_pll_i" with the following parameter: File: C:/Temp/mistercore/MacLC_MiSTer/rtl/pll/pll_0002.v Line: 91
    Info (12134): Parameter "fractional_vco_multiplier" = "true"
    Info (12134): Parameter "reference_clock_frequency" = "50.0 MHz"
    Info (12134): Parameter "operation_mode" = "direct"
    Info (12134): Parameter "number_of_clocks" = "2"
    Info (12134): Parameter "output_clock_frequency0" = "65.000000 MHz"
    Info (12134): Parameter "phase_shift0" = "0 ps"
    Info (12134): Parameter "duty_cycle0" = "50"
    Info (12134): Parameter "output_clock_frequency1" = "32.500000 MHz"
    Info (12134): Parameter "phase_shift1" = "0 ps"
    Info (12134): Parameter "duty_cycle1" = "50"
    Info (12134): Parameter "output_clock_frequency2" = "4.194304 MHz"
    Info (12134): Parameter "phase_shift2" = "0 ps"
    Info (12134): Parameter "duty_cycle2" = "50"
    Info (12134): Parameter "output_clock_frequency3" = "0 MHz"
    Info (12134): Parameter "phase_shift3" = "0 ps"
    Info (12134): Parameter "duty_cycle3" = "50"
    Info (12134): Parameter "output_clock_frequency4" = "0 MHz"
    Info (12134): Parameter "phase_shift4" = "0 ps"
    Info (12134): Parameter "duty_cycle4" = "50"
    Info (12134): Parameter "output_clock_frequency5" = "0 MHz"
    Info (12134): Parameter "phase_shift5" = "0 ps"
    Info (12134): Parameter "duty_cycle5" = "50"
    Info (12134): Parameter "output_clock_frequency6" = "0 MHz"
    Info (12134): Parameter "phase_shift6" = "0 ps"
    Info (12134): Parameter "duty_cycle6" = "50"
    Info (12134): Parameter "output_clock_frequency7" = "0 MHz"
    Info (12134): Parameter "phase_shift7" = "0 ps"
    Info (12134): Parameter "duty_cycle7" = "50"
    Info (12134): Parameter "output_clock_frequency8" = "0 MHz"
    Info (12134): Parameter "phase_shift8" = "0 ps"
    Info (12134): Parameter "duty_cycle8" = "50"
    Info (12134): Parameter "output_clock_frequency9" = "0 MHz"
    Info (12134): Parameter "phase_shift9" = "0 ps"
    Info (12134): Parameter "duty_cycle9" = "50"
    Info (12134): Parameter "output_clock_frequency10" = "0 MHz"
    Info (12134): Parameter "phase_shift10" = "0 ps"
    Info (12134): Parameter "duty_cycle10" = "50"
    Info (12134): Parameter "output_clock_frequency11" = "0 MHz"
    Info (12134): Parameter "phase_shift11" = "0 ps"
    Info (12134): Parameter "duty_cycle11" = "50"
    Info (12134): Parameter "output_clock_frequency12" = "0 MHz"
    Info (12134): Parameter "phase_shift12" = "0 ps"
    Info (12134): Parameter "duty_cycle12" = "50"
    Info (12134): Parameter "output_clock_frequency13" = "0 MHz"
    Info (12134): Parameter "phase_shift13" = "0 ps"
    Info (12134): Parameter "duty_cycle13" = "50"
    Info (12134): Parameter "output_clock_frequency14" = "0 MHz"
    Info (12134): Parameter "phase_shift14" = "0 ps"
    Info (12134): Parameter "duty_cycle14" = "50"
    Info (12134): Parameter "output_clock_frequency15" = "0 MHz"
    Info (12134): Parameter "phase_shift15" = "0 ps"
    Info (12134): Parameter "duty_cycle15" = "50"
    Info (12134): Parameter "output_clock_frequency16" = "0 MHz"
    Info (12134): Parameter "phase_shift16" = "0 ps"
    Info (12134): Parameter "duty_cycle16" = "50"
    Info (12134): Parameter "output_clock_frequency17" = "0 MHz"
    Info (12134): Parameter "phase_shift17" = "0 ps"
    Info (12134): Parameter "duty_cycle17" = "50"
    Info (12134): Parameter "pll_type" = "General"
    Info (12134): Parameter "pll_subtype" = "General"
Info (12128): Elaborating entity "hps_io" for hierarchy "emu:emu|hps_io:hps_io" File: C:/Temp/mistercore/MacLC_MiSTer/MacLC.sv Line: 392
Info (10264): Verilog HDL Case Statement information at hps_io.sv(417): all case item expressions in this case statement are onehot File: C:/Temp/mistercore/MacLC_MiSTer/sys/hps_io.sv Line: 417
Info (10264): Verilog HDL Case Statement information at hps_io.sv(446): all case item expressions in this case statement are onehot File: C:/Temp/mistercore/MacLC_MiSTer/sys/hps_io.sv Line: 446
Info (12128): Elaborating entity "video_calc" for hierarchy "emu:emu|hps_io:hps_io|video_calc:video_calc" File: C:/Temp/mistercore/MacLC_MiSTer/sys/hps_io.sv Line: 236
Info (12128): Elaborating entity "v8_clocks" for hierarchy "emu:emu|v8_clocks:v8_clocks_inst" File: C:/Temp/mistercore/MacLC_MiSTer/MacLC.sv Line: 472
Info (12128): Elaborating entity "tg68k" for hierarchy "emu:emu|tg68k:tg68k" File: C:/Temp/mistercore/MacLC_MiSTer/MacLC.sv Line: 793
Info (12128): Elaborating entity "TG68KdotC_Kernel" for hierarchy "emu:emu|tg68k:tg68k|TG68KdotC_Kernel:tg68k" File: C:/Temp/mistercore/MacLC_MiSTer/rtl/tg68k/tg68k.v Line: 246
Warning (10492): VHDL Process Statement warning at TG68KdotC_Kernel.vhd(4059): signal "exe_opcode" is read inside the Process Statement but isn't in the Process Statement's sensitivity list File: C:/Temp/mistercore/MacLC_MiSTer/rtl/tg68k/TG68KdotC_Kernel.vhd Line: 4059
Info (12128): Elaborating entity "TG68K_ALU" for hierarchy "emu:emu|tg68k:tg68k|TG68KdotC_Kernel:tg68k|TG68K_ALU:ALU" File: C:/Temp/mistercore/MacLC_MiSTer/rtl/tg68k/TG68KdotC_Kernel.vhd Line: 376
Info (12128): Elaborating entity "addrController_top" for hierarchy "emu:emu|addrController_top:ac0" File: C:/Temp/mistercore/MacLC_MiSTer/MacLC.sv Line: 859
Warning (10230): Verilog HDL assignment warning at addrController_top.v(302): truncated value with size 32 to match size of target (24) File: C:/Temp/mistercore/MacLC_MiSTer/rtl/addrController_top.v Line: 302
Info (12128): Elaborating entity "addrDecoder" for hierarchy "emu:emu|addrController_top:ac0|addrDecoder:ad" File: C:/Temp/mistercore/MacLC_MiSTer/rtl/addrController_top.v Line: 257
Info (12128): Elaborating entity "ariel_ramdac" for hierarchy "emu:emu|ariel_ramdac:ariel" File: C:/Temp/mistercore/MacLC_MiSTer/MacLC.sv Line: 901
Info (12128): Elaborating entity "pseudovia" for hierarchy "emu:emu|pseudovia:pvia" File: C:/Temp/mistercore/MacLC_MiSTer/MacLC.sv Line: 948
Info (12128): Elaborating entity "altsource_probe" for hierarchy "emu:emu|altsource_probe:cp_psdt" File: C:/Temp/mistercore/MacLC_MiSTer/MacLC.sv Line: 957
Info (12130): Elaborated megafunction instantiation "emu:emu|altsource_probe:cp_psdt" File: C:/Temp/mistercore/MacLC_MiSTer/MacLC.sv Line: 957
Info (12133): Instantiated megafunction "emu:emu|altsource_probe:cp_psdt" with the following parameter: File: C:/Temp/mistercore/MacLC_MiSTer/MacLC.sv Line: 957
    Info (12134): Parameter "instance_id" = "PSDT"
    Info (12134): Parameter "probe_width" = "32"
    Info (12134): Parameter "source_width" = "1"
    Info (12134): Parameter "sld_auto_instance_index" = "YES"
Info (12128): Elaborating entity "sld_jtag_endpoint_adapter" for hierarchy "emu:emu|altsource_probe:cp_psdt|sld_jtag_endpoint_adapter:jtag_signal_adapter" File: c:/intelfpga_lite/17.0/quartus/libraries/megafunctions/altsource_probe.v Line: 169
Info (12128): Elaborating entity "sld_jtag_endpoint_adapter_impl" for hierarchy "emu:emu|altsource_probe:cp_psdt|sld_jtag_endpoint_adapter:jtag_signal_adapter|sld_jtag_endpoint_adapter_impl:sld_jtag_endpoint_adapter_impl_inst" File: c:/intelfpga_lite/17.0/quartus/libraries/megafunctions/sld_jtag_endpoint_adapter.vhd Line: 232
Info (12128): Elaborating entity "altsource_probe_body" for hierarchy "emu:emu|altsource_probe:cp_psdt|altsource_probe_body:altsource_probe_body_inst" File: c:/intelfpga_lite/17.0/quartus/libraries/megafunctions/altsource_probe.v Line: 205
Info (12128): Elaborating entity "altsource_probe_impl" for hierarchy "emu:emu|altsource_probe:cp_psdt|altsource_probe_body:altsource_probe_body_inst|altsource_probe_impl:\wider_probe_gen:wider_probe_inst" File: c:/intelfpga_lite/17.0/quartus/libraries/megafunctions/altsource_probe_body.vhd Line: 508
Info (12128): Elaborating entity "sld_rom_sr" for hierarchy "emu:emu|altsource_probe:cp_psdt|altsource_probe_body:altsource_probe_body_inst|altsource_probe_impl:\wider_probe_gen:wider_probe_inst|sld_rom_sr:\instance_id_gen:rom_info_inst" File: c:/intelfpga_lite/17.0/quartus/libraries/megafunctions/altsource_probe_body.vhd Line: 756
Info (12128): Elaborating entity "altsource_probe" for hierarchy "emu:emu|altsource_probe:cp_psds" File: C:/Temp/mistercore/MacLC_MiSTer/MacLC.sv Line: 965
Info (12130): Elaborated megafunction instantiation "emu:emu|altsource_probe:cp_psds" File: C:/Temp/mistercore/MacLC_MiSTer/MacLC.sv Line: 965
Info (12133): Instantiated megafunction "emu:emu|altsource_probe:cp_psds" with the following parameter: File: C:/Temp/mistercore/MacLC_MiSTer/MacLC.sv Line: 965
    Info (12134): Parameter "instance_id" = "PSDS"
    Info (12134): Parameter "probe_width" = "32"
    Info (12134): Parameter "source_width" = "1"
    Info (12134): Parameter "sld_auto_instance_index" = "YES"
Info (12128): Elaborating entity "altsource_probe_body" for hierarchy "emu:emu|altsource_probe:cp_psds|altsource_probe_body:altsource_probe_body_inst" File: c:/intelfpga_lite/17.0/quartus/libraries/megafunctions/altsource_probe.v Line: 205
Info (12128): Elaborating entity "altsource_probe_impl" for hierarchy "emu:emu|altsource_probe:cp_psds|altsource_probe_body:altsource_probe_body_inst|altsource_probe_impl:\wider_probe_gen:wider_probe_inst" File: c:/intelfpga_lite/17.0/quartus/libraries/megafunctions/altsource_probe_body.vhd Line: 508
Info (12128): Elaborating entity "altsource_probe" for hierarchy "emu:emu|altsource_probe:cp_psd2" File: C:/Temp/mistercore/MacLC_MiSTer/MacLC.sv Line: 969
Info (12130): Elaborated megafunction instantiation "emu:emu|altsource_probe:cp_psd2" File: C:/Temp/mistercore/MacLC_MiSTer/MacLC.sv Line: 969
Info (12133): Instantiated megafunction "emu:emu|altsource_probe:cp_psd2" with the following parameter: File: C:/Temp/mistercore/MacLC_MiSTer/MacLC.sv Line: 969
    Info (12134): Parameter "instance_id" = "PSD2"
    Info (12134): Parameter "probe_width" = "32"
    Info (12134): Parameter "source_width" = "1"
    Info (12134): Parameter "sld_auto_instance_index" = "YES"
Info (12128): Elaborating entity "altsource_probe_body" for hierarchy "emu:emu|altsource_probe:cp_psd2|altsource_probe_body:altsource_probe_body_inst" File: c:/intelfpga_lite/17.0/quartus/libraries/megafunctions/altsource_probe.v Line: 205
Info (12128): Elaborating entity "altsource_probe_impl" for hierarchy "emu:emu|altsource_probe:cp_psd2|altsource_probe_body:altsource_probe_body_inst|altsource_probe_impl:\wider_probe_gen:wider_probe_inst" File: c:/intelfpga_lite/17.0/quartus/libraries/megafunctions/altsource_probe_body.vhd Line: 508
Info (12128): Elaborating entity "altsource_probe" for hierarchy "emu:emu|altsource_probe:cp_psd3" File: C:/Temp/mistercore/MacLC_MiSTer/MacLC.sv Line: 973
Info (12130): Elaborated megafunction instantiation "emu:emu|altsource_probe:cp_psd3" File: C:/Temp/mistercore/MacLC_MiSTer/MacLC.sv Line: 973
Info (12133): Instantiated megafunction "emu:emu|altsource_probe:cp_psd3" with the following parameter: File: C:/Temp/mistercore/MacLC_MiSTer/MacLC.sv Line: 973
    Info (12134): Parameter "instance_id" = "PSD3"
    Info (12134): Parameter "probe_width" = "32"
    Info (12134): Parameter "source_width" = "1"
    Info (12134): Parameter "sld_auto_instance_index" = "YES"
Info (12128): Elaborating entity "altsource_probe_body" for hierarchy "emu:emu|altsource_probe:cp_psd3|altsource_probe_body:altsource_probe_body_inst" File: c:/intelfpga_lite/17.0/quartus/libraries/megafunctions/altsource_probe.v Line: 205
Info (12128): Elaborating entity "altsource_probe_impl" for hierarchy "emu:emu|altsource_probe:cp_psd3|altsource_probe_body:altsource_probe_body_inst|altsource_probe_impl:\wider_probe_gen:wider_probe_inst" File: c:/intelfpga_lite/17.0/quartus/libraries/megafunctions/altsource_probe_body.vhd Line: 508
Info (12128): Elaborating entity "altsource_probe" for hierarchy "emu:emu|altsource_probe:cp_prst" File: C:/Temp/mistercore/MacLC_MiSTer/MacLC.sv Line: 1013
Info (12130): Elaborated megafunction instantiation "emu:emu|altsource_probe:cp_prst" File: C:/Temp/mistercore/MacLC_MiSTer/MacLC.sv Line: 1013
Info (12133): Instantiated megafunction "emu:emu|altsource_probe:cp_prst" with the following parameter: File: C:/Temp/mistercore/MacLC_MiSTer/MacLC.sv Line: 1013
    Info (12134): Parameter "instance_id" = "PRST"
    Info (12134): Parameter "probe_width" = "32"
    Info (12134): Parameter "source_width" = "1"
    Info (12134): Parameter "sld_auto_instance_index" = "YES"
Info (12128): Elaborating entity "altsource_probe_body" for hierarchy "emu:emu|altsource_probe:cp_prst|altsource_probe_body:altsource_probe_body_inst" File: c:/intelfpga_lite/17.0/quartus/libraries/megafunctions/altsource_probe.v Line: 205
Info (12128): Elaborating entity "altsource_probe_impl" for hierarchy "emu:emu|altsource_probe:cp_prst|altsource_probe_body:altsource_probe_body_inst|altsource_probe_impl:\wider_probe_gen:wider_probe_inst" File: c:/intelfpga_lite/17.0/quartus/libraries/megafunctions/altsource_probe_body.vhd Line: 508
Info (12128): Elaborating entity "dbg_probes" for hierarchy "emu:emu|dbg_probes:probes" File: C:/Temp/mistercore/MacLC_MiSTer/MacLC.sv Line: 1064
Warning (10036): Verilog HDL or VHDL warning at dbg_probes.sv(346): object "pc_prev2" assigned a value but never read File: C:/Temp/mistercore/MacLC_MiSTer/rtl/dbg_probes.sv Line: 346
Info (10264): Verilog HDL Case Statement information at dbg_probes.sv(290): all case item expressions in this case statement are onehot File: C:/Temp/mistercore/MacLC_MiSTer/rtl/dbg_probes.sv Line: 290
Info (12128): Elaborating entity "altsource_probe" for hierarchy "emu:emu|dbg_probes:probes|altsource_probe:cp_padr" File: C:/Temp/mistercore/MacLC_MiSTer/rtl/dbg_probes.sv Line: 117
Info (12130): Elaborated megafunction instantiation "emu:emu|dbg_probes:probes|altsource_probe:cp_padr" File: C:/Temp/mistercore/MacLC_MiSTer/rtl/dbg_probes.sv Line: 117
Info (12133): Instantiated megafunction "emu:emu|dbg_probes:probes|altsource_probe:cp_padr" with the following parameter: File: C:/Temp/mistercore/MacLC_MiSTer/rtl/dbg_probes.sv Line: 117
    Info (12134): Parameter "instance_id" = "PADR"
    Info (12134): Parameter "probe_width" = "32"
    Info (12134): Parameter "source_width" = "1"
    Info (12134): Parameter "sld_auto_instance_index" = "YES"
Info (12128): Elaborating entity "altsource_probe_body" for hierarchy "emu:emu|dbg_probes:probes|altsource_probe:cp_padr|altsource_probe_body:altsource_probe_body_inst" File: c:/intelfpga_lite/17.0/quartus/libraries/megafunctions/altsource_probe.v Line: 205
Info (12128): Elaborating entity "altsource_probe_impl" for hierarchy "emu:emu|dbg_probes:probes|altsource_probe:cp_padr|altsource_probe_body:altsource_probe_body_inst|altsource_probe_impl:\wider_probe_gen:wider_probe_inst" File: c:/intelfpga_lite/17.0/quartus/libraries/megafunctions/altsource_probe_body.vhd Line: 508
Info (12128): Elaborating entity "altsource_probe" for hierarchy "emu:emu|dbg_probes:probes|altsource_probe:cp_psta" File: C:/Temp/mistercore/MacLC_MiSTer/rtl/dbg_probes.sv Line: 122
Info (12130): Elaborated megafunction instantiation "emu:emu|dbg_probes:probes|altsource_probe:cp_psta" File: C:/Temp/mistercore/MacLC_MiSTer/rtl/dbg_probes.sv Line: 122
Info (12133): Instantiated megafunction "emu:emu|dbg_probes:probes|altsource_probe:cp_psta" with the following parameter: File: C:/Temp/mistercore/MacLC_MiSTer/rtl/dbg_probes.sv Line: 122
    Info (12134): Parameter "instance_id" = "PSTA"
    Info (12134): Parameter "probe_width" = "32"
    Info (12134): Parameter "source_width" = "1"
    Info (12134): Parameter "sld_auto_instance_index" = "YES"
Info (12128): Elaborating entity "altsource_probe_body" for hierarchy "emu:emu|dbg_probes:probes|altsource_probe:cp_psta|altsource_probe_body:altsource_probe_body_inst" File: c:/intelfpga_lite/17.0/quartus/libraries/megafunctions/altsource_probe.v Line: 205
Info (12128): Elaborating entity "altsource_probe_impl" for hierarchy "emu:emu|dbg_probes:probes|altsource_probe:cp_psta|altsource_probe_body:altsource_probe_body_inst|altsource_probe_impl:\wider_probe_gen:wider_probe_inst" File: c:/intelfpga_lite/17.0/quartus/libraries/megafunctions/altsource_probe_body.vhd Line: 508
Info (12128): Elaborating entity "altsource_probe" for hierarchy "emu:emu|dbg_probes:probes|altsource_probe:cp_pact" File: C:/Temp/mistercore/MacLC_MiSTer/rtl/dbg_probes.sv Line: 127
Info (12130): Elaborated megafunction instantiation "emu:emu|dbg_probes:probes|altsource_probe:cp_pact" File: C:/Temp/mistercore/MacLC_MiSTer/rtl/dbg_probes.sv Line: 127
Info (12133): Instantiated megafunction "emu:emu|dbg_probes:probes|altsource_probe:cp_pact" with the following parameter: File: C:/Temp/mistercore/MacLC_MiSTer/rtl/dbg_probes.sv Line: 127
    Info (12134): Parameter "instance_id" = "PACT"
    Info (12134): Parameter "probe_width" = "32"
    Info (12134): Parameter "source_width" = "1"
    Info (12134): Parameter "sld_auto_instance_index" = "YES"
Info (12128): Elaborating entity "altsource_probe_body" for hierarchy "emu:emu|dbg_probes:probes|altsource_probe:cp_pact|altsource_probe_body:altsource_probe_body_inst" File: c:/intelfpga_lite/17.0/quartus/libraries/megafunctions/altsource_probe.v Line: 205
Info (12128): Elaborating entity "altsource_probe_impl" for hierarchy "emu:emu|dbg_probes:probes|altsource_probe:cp_pact|altsource_probe_body:altsource_probe_body_inst|altsource_probe_impl:\wider_probe_gen:wider_probe_inst" File: c:/intelfpga_lite/17.0/quartus/libraries/megafunctions/altsource_probe_body.vhd Line: 508
Info (12128): Elaborating entity "altsource_probe" for hierarchy "emu:emu|dbg_probes:probes|altsource_probe:cp_pifa" File: C:/Temp/mistercore/MacLC_MiSTer/rtl/dbg_probes.sv Line: 169
Info (12130): Elaborated megafunction instantiation "emu:emu|dbg_probes:probes|altsource_probe:cp_pifa" File: C:/Temp/mistercore/MacLC_MiSTer/rtl/dbg_probes.sv Line: 169
Info (12133): Instantiated megafunction "emu:emu|dbg_probes:probes|altsource_probe:cp_pifa" with the following parameter: File: C:/Temp/mistercore/MacLC_MiSTer/rtl/dbg_probes.sv Line: 169
    Info (12134): Parameter "instance_id" = "PIFA"
    Info (12134): Parameter "probe_width" = "32"
    Info (12134): Parameter "source_width" = "1"
    Info (12134): Parameter "sld_auto_instance_index" = "YES"
Info (12128): Elaborating entity "altsource_probe_body" for hierarchy "emu:emu|dbg_probes:probes|altsource_probe:cp_pifa|altsource_probe_body:altsource_probe_body_inst" File: c:/intelfpga_lite/17.0/quartus/libraries/megafunctions/altsource_probe.v Line: 205
Info (12128): Elaborating entity "altsource_probe_impl" for hierarchy "emu:emu|dbg_probes:probes|altsource_probe:cp_pifa|altsource_probe_body:altsource_probe_body_inst|altsource_probe_impl:\wider_probe_gen:wider_probe_inst" File: c:/intelfpga_lite/17.0/quartus/libraries/megafunctions/altsource_probe_body.vhd Line: 508
Info (12128): Elaborating entity "altsource_probe" for hierarchy "emu:emu|dbg_probes:probes|altsource_probe:cp_pifd" File: C:/Temp/mistercore/MacLC_MiSTer/rtl/dbg_probes.sv Line: 174
Info (12130): Elaborated megafunction instantiation "emu:emu|dbg_probes:probes|altsource_probe:cp_pifd" File: C:/Temp/mistercore/MacLC_MiSTer/rtl/dbg_probes.sv Line: 174
Info (12133): Instantiated megafunction "emu:emu|dbg_probes:probes|altsource_probe:cp_pifd" with the following parameter: File: C:/Temp/mistercore/MacLC_MiSTer/rtl/dbg_probes.sv Line: 174
    Info (12134): Parameter "instance_id" = "PIFD"
    Info (12134): Parameter "probe_width" = "32"
    Info (12134): Parameter "source_width" = "1"
    Info (12134): Parameter "sld_auto_instance_index" = "YES"
Info (12128): Elaborating entity "altsource_probe_body" for hierarchy "emu:emu|dbg_probes:probes|altsource_probe:cp_pifd|altsource_probe_body:altsource_probe_body_inst" File: c:/intelfpga_lite/17.0/quartus/libraries/megafunctions/altsource_probe.v Line: 205
Info (12128): Elaborating entity "altsource_probe_impl" for hierarchy "emu:emu|dbg_probes:probes|altsource_probe:cp_pifd|altsource_probe_body:altsource_probe_body_inst|altsource_probe_impl:\wider_probe_gen:wider_probe_inst" File: c:/intelfpga_lite/17.0/quartus/libraries/megafunctions/altsource_probe_body.vhd Line: 508
Info (12128): Elaborating entity "altsource_probe" for hierarchy "emu:emu|dbg_probes:probes|altsource_probe:cp_pexc" File: C:/Temp/mistercore/MacLC_MiSTer/rtl/dbg_probes.sv Line: 225
Info (12130): Elaborated megafunction instantiation "emu:emu|dbg_probes:probes|altsource_probe:cp_pexc" File: C:/Temp/mistercore/MacLC_MiSTer/rtl/dbg_probes.sv Line: 225
Info (12133): Instantiated megafunction "emu:emu|dbg_probes:probes|altsource_probe:cp_pexc" with the following parameter: File: C:/Temp/mistercore/MacLC_MiSTer/rtl/dbg_probes.sv Line: 225
    Info (12134): Parameter "instance_id" = "PEXC"
    Info (12134): Parameter "probe_width" = "32"
    Info (12134): Parameter "source_width" = "1"
    Info (12134): Parameter "sld_auto_instance_index" = "YES"
Info (12128): Elaborating entity "altsource_probe_body" for hierarchy "emu:emu|dbg_probes:probes|altsource_probe:cp_pexc|altsource_probe_body:altsource_probe_body_inst" File: c:/intelfpga_lite/17.0/quartus/libraries/megafunctions/altsource_probe.v Line: 205
Info (12128): Elaborating entity "altsource_probe_impl" for hierarchy "emu:emu|dbg_probes:probes|altsource_probe:cp_pexc|altsource_probe_body:altsource_probe_body_inst|altsource_probe_impl:\wider_probe_gen:wider_probe_inst" File: c:/intelfpga_lite/17.0/quartus/libraries/megafunctions/altsource_probe_body.vhd Line: 508
Info (12128): Elaborating entity "altsource_probe" for hierarchy "emu:emu|dbg_probes:probes|altsource_probe:cp_pex2" File: C:/Temp/mistercore/MacLC_MiSTer/rtl/dbg_probes.sv Line: 230
Info (12130): Elaborated megafunction instantiation "emu:emu|dbg_probes:probes|altsource_probe:cp_pex2" File: C:/Temp/mistercore/MacLC_MiSTer/rtl/dbg_probes.sv Line: 230
Info (12133): Instantiated megafunction "emu:emu|dbg_probes:probes|altsource_probe:cp_pex2" with the following parameter: File: C:/Temp/mistercore/MacLC_MiSTer/rtl/dbg_probes.sv Line: 230
    Info (12134): Parameter "instance_id" = "PEX2"
    Info (12134): Parameter "probe_width" = "32"
    Info (12134): Parameter "source_width" = "1"
    Info (12134): Parameter "sld_auto_instance_index" = "YES"
Info (12128): Elaborating entity "altsource_probe_body" for hierarchy "emu:emu|dbg_probes:probes|altsource_probe:cp_pex2|altsource_probe_body:altsource_probe_body_inst" File: c:/intelfpga_lite/17.0/quartus/libraries/megafunctions/altsource_probe.v Line: 205
Info (12128): Elaborating entity "altsource_probe_impl" for hierarchy "emu:emu|dbg_probes:probes|altsource_probe:cp_pex2|altsource_probe_body:altsource_probe_body_inst|altsource_probe_impl:\wider_probe_gen:wider_probe_inst" File: c:/intelfpga_lite/17.0/quartus/libraries/megafunctions/altsource_probe_body.vhd Line: 508
Info (12128): Elaborating entity "altsource_probe" for hierarchy "emu:emu|dbg_probes:probes|altsource_probe:cp_pex3" File: C:/Temp/mistercore/MacLC_MiSTer/rtl/dbg_probes.sv Line: 235
Info (12130): Elaborated megafunction instantiation "emu:emu|dbg_probes:probes|altsource_probe:cp_pex3" File: C:/Temp/mistercore/MacLC_MiSTer/rtl/dbg_probes.sv Line: 235
Info (12133): Instantiated megafunction "emu:emu|dbg_probes:probes|altsource_probe:cp_pex3" with the following parameter: File: C:/Temp/mistercore/MacLC_MiSTer/rtl/dbg_probes.sv Line: 235
    Info (12134): Parameter "instance_id" = "PEX3"
    Info (12134): Parameter "probe_width" = "32"
    Info (12134): Parameter "source_width" = "1"
    Info (12134): Parameter "sld_auto_instance_index" = "YES"
Info (12128): Elaborating entity "altsource_probe_body" for hierarchy "emu:emu|dbg_probes:probes|altsource_probe:cp_pex3|altsource_probe_body:altsource_probe_body_inst" File: c:/intelfpga_lite/17.0/quartus/libraries/megafunctions/altsource_probe.v Line: 205
Info (12128): Elaborating entity "altsource_probe_impl" for hierarchy "emu:emu|dbg_probes:probes|altsource_probe:cp_pex3|altsource_probe_body:altsource_probe_body_inst|altsource_probe_impl:\wider_probe_gen:wider_probe_inst" File: c:/intelfpga_lite/17.0/quartus/libraries/megafunctions/altsource_probe_body.vhd Line: 508
Info (12128): Elaborating entity "altsource_probe" for hierarchy "emu:emu|dbg_probes:probes|altsource_probe:cp_pfr0" File: C:/Temp/mistercore/MacLC_MiSTer/rtl/dbg_probes.sv Line: 309
Info (12130): Elaborated megafunction instantiation "emu:emu|dbg_probes:probes|altsource_probe:cp_pfr0" File: C:/Temp/mistercore/MacLC_MiSTer/rtl/dbg_probes.sv Line: 309
Info (12133): Instantiated megafunction "emu:emu|dbg_probes:probes|altsource_probe:cp_pfr0" with the following parameter: File: C:/Temp/mistercore/MacLC_MiSTer/rtl/dbg_probes.sv Line: 309
    Info (12134): Parameter "instance_id" = "PFR0"
    Info (12134): Parameter "probe_width" = "32"
    Info (12134): Parameter "source_width" = "1"
    Info (12134): Parameter "sld_auto_instance_index" = "YES"
Info (12128): Elaborating entity "altsource_probe_body" for hierarchy "emu:emu|dbg_probes:probes|altsource_probe:cp_pfr0|altsource_probe_body:altsource_probe_body_inst" File: c:/intelfpga_lite/17.0/quartus/libraries/megafunctions/altsource_probe.v Line: 205
Info (12128): Elaborating entity "altsource_probe_impl" for hierarchy "emu:emu|dbg_probes:probes|altsource_probe:cp_pfr0|altsource_probe_body:altsource_probe_body_inst|altsource_probe_impl:\wider_probe_gen:wider_probe_inst" File: c:/intelfpga_lite/17.0/quartus/libraries/megafunctions/altsource_probe_body.vhd Line: 508
Info (12128): Elaborating entity "altsource_probe" for hierarchy "emu:emu|dbg_probes:probes|altsource_probe:cp_pfr1" File: C:/Temp/mistercore/MacLC_MiSTer/rtl/dbg_probes.sv Line: 313
Info (12130): Elaborated megafunction instantiation "emu:emu|dbg_probes:probes|altsource_probe:cp_pfr1" File: C:/Temp/mistercore/MacLC_MiSTer/rtl/dbg_probes.sv Line: 313
Info (12133): Instantiated megafunction "emu:emu|dbg_probes:probes|altsource_probe:cp_pfr1" with the following parameter: File: C:/Temp/mistercore/MacLC_MiSTer/rtl/dbg_probes.sv Line: 313
    Info (12134): Parameter "instance_id" = "PFR1"
    Info (12134): Parameter "probe_width" = "32"
    Info (12134): Parameter "source_width" = "1"
    Info (12134): Parameter "sld_auto_instance_index" = "YES"
Info (12128): Elaborating entity "altsource_probe_body" for hierarchy "emu:emu|dbg_probes:probes|altsource_probe:cp_pfr1|altsource_probe_body:altsource_probe_body_inst" File: c:/intelfpga_lite/17.0/quartus/libraries/megafunctions/altsource_probe.v Line: 205
Info (12128): Elaborating entity "altsource_probe_impl" for hierarchy "emu:emu|dbg_probes:probes|altsource_probe:cp_pfr1|altsource_probe_body:altsource_probe_body_inst|altsource_probe_impl:\wider_probe_gen:wider_probe_inst" File: c:/intelfpga_lite/17.0/quartus/libraries/megafunctions/altsource_probe_body.vhd Line: 508
Info (12128): Elaborating entity "altsource_probe" for hierarchy "emu:emu|dbg_probes:probes|altsource_probe:cp_pfr2" File: C:/Temp/mistercore/MacLC_MiSTer/rtl/dbg_probes.sv Line: 317
Info (12130): Elaborated megafunction instantiation "emu:emu|dbg_probes:probes|altsource_probe:cp_pfr2" File: C:/Temp/mistercore/MacLC_MiSTer/rtl/dbg_probes.sv Line: 317
Info (12133): Instantiated megafunction "emu:emu|dbg_probes:probes|altsource_probe:cp_pfr2" with the following parameter: File: C:/Temp/mistercore/MacLC_MiSTer/rtl/dbg_probes.sv Line: 317
    Info (12134): Parameter "instance_id" = "PFR2"
    Info (12134): Parameter "probe_width" = "32"
    Info (12134): Parameter "source_width" = "1"
    Info (12134): Parameter "sld_auto_instance_index" = "YES"
Info (12128): Elaborating entity "altsource_probe_body" for hierarchy "emu:emu|dbg_probes:probes|altsource_probe:cp_pfr2|altsource_probe_body:altsource_probe_body_inst" File: c:/intelfpga_lite/17.0/quartus/libraries/megafunctions/altsource_probe.v Line: 205
Info (12128): Elaborating entity "altsource_probe_impl" for hierarchy "emu:emu|dbg_probes:probes|altsource_probe:cp_pfr2|altsource_probe_body:altsource_probe_body_inst|altsource_probe_impl:\wider_probe_gen:wider_probe_inst" File: c:/intelfpga_lite/17.0/quartus/libraries/megafunctions/altsource_probe_body.vhd Line: 508
Info (12128): Elaborating entity "altsource_probe" for hierarchy "emu:emu|dbg_probes:probes|altsource_probe:cp_pfr3" File: C:/Temp/mistercore/MacLC_MiSTer/rtl/dbg_probes.sv Line: 321
Info (12130): Elaborated megafunction instantiation "emu:emu|dbg_probes:probes|altsource_probe:cp_pfr3" File: C:/Temp/mistercore/MacLC_MiSTer/rtl/dbg_probes.sv Line: 321
Info (12133): Instantiated megafunction "emu:emu|dbg_probes:probes|altsource_probe:cp_pfr3" with the following parameter: File: C:/Temp/mistercore/MacLC_MiSTer/rtl/dbg_probes.sv Line: 321
    Info (12134): Parameter "instance_id" = "PFR3"
    Info (12134): Parameter "probe_width" = "32"
    Info (12134): Parameter "source_width" = "1"
    Info (12134): Parameter "sld_auto_instance_index" = "YES"
Info (12128): Elaborating entity "altsource_probe_body" for hierarchy "emu:emu|dbg_probes:probes|altsource_probe:cp_pfr3|altsource_probe_body:altsource_probe_body_inst" File: c:/intelfpga_lite/17.0/quartus/libraries/megafunctions/altsource_probe.v Line: 205
Info (12128): Elaborating entity "altsource_probe_impl" for hierarchy "emu:emu|dbg_probes:probes|altsource_probe:cp_pfr3|altsource_probe_body:altsource_probe_body_inst|altsource_probe_impl:\wider_probe_gen:wider_probe_inst" File: c:/intelfpga_lite/17.0/quartus/libraries/megafunctions/altsource_probe_body.vhd Line: 508
Info (12128): Elaborating entity "altsource_probe" for hierarchy "emu:emu|dbg_probes:probes|altsource_probe:cp_prc0" File: C:/Temp/mistercore/MacLC_MiSTer/rtl/dbg_probes.sv Line: 385
Info (12130): Elaborated megafunction instantiation "emu:emu|dbg_probes:probes|altsource_probe:cp_prc0" File: C:/Temp/mistercore/MacLC_MiSTer/rtl/dbg_probes.sv Line: 385
Info (12133): Instantiated megafunction "emu:emu|dbg_probes:probes|altsource_probe:cp_prc0" with the following parameter: File: C:/Temp/mistercore/MacLC_MiSTer/rtl/dbg_probes.sv Line: 385
    Info (12134): Parameter "instance_id" = "PRC0"
    Info (12134): Parameter "probe_width" = "32"
    Info (12134): Parameter "source_width" = "1"
    Info (12134): Parameter "sld_auto_instance_index" = "YES"
Info (12128): Elaborating entity "altsource_probe_body" for hierarchy "emu:emu|dbg_probes:probes|altsource_probe:cp_prc0|altsource_probe_body:altsource_probe_body_inst" File: c:/intelfpga_lite/17.0/quartus/libraries/megafunctions/altsource_probe.v Line: 205
Info (12128): Elaborating entity "altsource_probe_impl" for hierarchy "emu:emu|dbg_probes:probes|altsource_probe:cp_prc0|altsource_probe_body:altsource_probe_body_inst|altsource_probe_impl:\wider_probe_gen:wider_probe_inst" File: c:/intelfpga_lite/17.0/quartus/libraries/megafunctions/altsource_probe_body.vhd Line: 508
Info (12128): Elaborating entity "altsource_probe" for hierarchy "emu:emu|dbg_probes:probes|altsource_probe:cp_prt1" File: C:/Temp/mistercore/MacLC_MiSTer/rtl/dbg_probes.sv Line: 389
Info (12130): Elaborated megafunction instantiation "emu:emu|dbg_probes:probes|altsource_probe:cp_prt1" File: C:/Temp/mistercore/MacLC_MiSTer/rtl/dbg_probes.sv Line: 389
Info (12133): Instantiated megafunction "emu:emu|dbg_probes:probes|altsource_probe:cp_prt1" with the following parameter: File: C:/Temp/mistercore/MacLC_MiSTer/rtl/dbg_probes.sv Line: 389
    Info (12134): Parameter "instance_id" = "PRT1"
    Info (12134): Parameter "probe_width" = "32"
    Info (12134): Parameter "source_width" = "1"
    Info (12134): Parameter "sld_auto_instance_index" = "YES"
Info (12128): Elaborating entity "altsource_probe_body" for hierarchy "emu:emu|dbg_probes:probes|altsource_probe:cp_prt1|altsource_probe_body:altsource_probe_body_inst" File: c:/intelfpga_lite/17.0/quartus/libraries/megafunctions/altsource_probe.v Line: 205
Info (12128): Elaborating entity "altsource_probe_impl" for hierarchy "emu:emu|dbg_probes:probes|altsource_probe:cp_prt1|altsource_probe_body:altsource_probe_body_inst|altsource_probe_impl:\wider_probe_gen:wider_probe_inst" File: c:/intelfpga_lite/17.0/quartus/libraries/megafunctions/altsource_probe_body.vhd Line: 508
Info (12128): Elaborating entity "altsource_probe" for hierarchy "emu:emu|dbg_probes:probes|altsource_probe:cp_prt2" File: C:/Temp/mistercore/MacLC_MiSTer/rtl/dbg_probes.sv Line: 393
Info (12130): Elaborated megafunction instantiation "emu:emu|dbg_probes:probes|altsource_probe:cp_prt2" File: C:/Temp/mistercore/MacLC_MiSTer/rtl/dbg_probes.sv Line: 393
Info (12133): Instantiated megafunction "emu:emu|dbg_probes:probes|altsource_probe:cp_prt2" with the following parameter: File: C:/Temp/mistercore/MacLC_MiSTer/rtl/dbg_probes.sv Line: 393
    Info (12134): Parameter "instance_id" = "PRT2"
    Info (12134): Parameter "probe_width" = "32"
    Info (12134): Parameter "source_width" = "1"
    Info (12134): Parameter "sld_auto_instance_index" = "YES"
Info (12128): Elaborating entity "altsource_probe_body" for hierarchy "emu:emu|dbg_probes:probes|altsource_probe:cp_prt2|altsource_probe_body:altsource_probe_body_inst" File: c:/intelfpga_lite/17.0/quartus/libraries/megafunctions/altsource_probe.v Line: 205
Info (12128): Elaborating entity "altsource_probe_impl" for hierarchy "emu:emu|dbg_probes:probes|altsource_probe:cp_prt2|altsource_probe_body:altsource_probe_body_inst|altsource_probe_impl:\wider_probe_gen:wider_probe_inst" File: c:/intelfpga_lite/17.0/quartus/libraries/megafunctions/altsource_probe_body.vhd Line: 508
Info (12128): Elaborating entity "altsource_probe" for hierarchy "emu:emu|dbg_probes:probes|altsource_probe:cp_prt3" File: C:/Temp/mistercore/MacLC_MiSTer/rtl/dbg_probes.sv Line: 397
Info (12130): Elaborated megafunction instantiation "emu:emu|dbg_probes:probes|altsource_probe:cp_prt3" File: C:/Temp/mistercore/MacLC_MiSTer/rtl/dbg_probes.sv Line: 397
Info (12133): Instantiated megafunction "emu:emu|dbg_probes:probes|altsource_probe:cp_prt3" with the following parameter: File: C:/Temp/mistercore/MacLC_MiSTer/rtl/dbg_probes.sv Line: 397
    Info (12134): Parameter "instance_id" = "PRT3"
    Info (12134): Parameter "probe_width" = "32"
    Info (12134): Parameter "source_width" = "1"
    Info (12134): Parameter "sld_auto_instance_index" = "YES"
Info (12128): Elaborating entity "altsource_probe_body" for hierarchy "emu:emu|dbg_probes:probes|altsource_probe:cp_prt3|altsource_probe_body:altsource_probe_body_inst" File: c:/intelfpga_lite/17.0/quartus/libraries/megafunctions/altsource_probe.v Line: 205
Info (12128): Elaborating entity "altsource_probe_impl" for hierarchy "emu:emu|dbg_probes:probes|altsource_probe:cp_prt3|altsource_probe_body:altsource_probe_body_inst|altsource_probe_impl:\wider_probe_gen:wider_probe_inst" File: c:/intelfpga_lite/17.0/quartus/libraries/megafunctions/altsource_probe_body.vhd Line: 508
Info (12128): Elaborating entity "altsource_probe" for hierarchy "emu:emu|dbg_probes:probes|altsource_probe:cp_pdrd" File: C:/Temp/mistercore/MacLC_MiSTer/rtl/dbg_probes.sv Line: 427
Info (12130): Elaborated megafunction instantiation "emu:emu|dbg_probes:probes|altsource_probe:cp_pdrd" File: C:/Temp/mistercore/MacLC_MiSTer/rtl/dbg_probes.sv Line: 427
Info (12133): Instantiated megafunction "emu:emu|dbg_probes:probes|altsource_probe:cp_pdrd" with the following parameter: File: C:/Temp/mistercore/MacLC_MiSTer/rtl/dbg_probes.sv Line: 427
    Info (12134): Parameter "instance_id" = "PDRD"
    Info (12134): Parameter "probe_width" = "32"
    Info (12134): Parameter "source_width" = "1"
    Info (12134): Parameter "sld_auto_instance_index" = "YES"
Info (12128): Elaborating entity "altsource_probe_body" for hierarchy "emu:emu|dbg_probes:probes|altsource_probe:cp_pdrd|altsource_probe_body:altsource_probe_body_inst" File: c:/intelfpga_lite/17.0/quartus/libraries/megafunctions/altsource_probe.v Line: 205
Info (12128): Elaborating entity "altsource_probe_impl" for hierarchy "emu:emu|dbg_probes:probes|altsource_probe:cp_pdrd|altsource_probe_body:altsource_probe_body_inst|altsource_probe_impl:\wider_probe_gen:wider_probe_inst" File: c:/intelfpga_lite/17.0/quartus/libraries/megafunctions/altsource_probe_body.vhd Line: 508
Info (12128): Elaborating entity "altsource_probe" for hierarchy "emu:emu|dbg_probes:probes|altsource_probe:cp_pscs" File: C:/Temp/mistercore/MacLC_MiSTer/rtl/dbg_probes.sv Line: 452
Info (12130): Elaborated megafunction instantiation "emu:emu|dbg_probes:probes|altsource_probe:cp_pscs" File: C:/Temp/mistercore/MacLC_MiSTer/rtl/dbg_probes.sv Line: 452
Info (12133): Instantiated megafunction "emu:emu|dbg_probes:probes|altsource_probe:cp_pscs" with the following parameter: File: C:/Temp/mistercore/MacLC_MiSTer/rtl/dbg_probes.sv Line: 452
    Info (12134): Parameter "instance_id" = "PSCS"
    Info (12134): Parameter "probe_width" = "32"
    Info (12134): Parameter "source_width" = "1"
    Info (12134): Parameter "sld_auto_instance_index" = "YES"
Info (12128): Elaborating entity "altsource_probe_body" for hierarchy "emu:emu|dbg_probes:probes|altsource_probe:cp_pscs|altsource_probe_body:altsource_probe_body_inst" File: c:/intelfpga_lite/17.0/quartus/libraries/megafunctions/altsource_probe.v Line: 205
Info (12128): Elaborating entity "altsource_probe_impl" for hierarchy "emu:emu|dbg_probes:probes|altsource_probe:cp_pscs|altsource_probe_body:altsource_probe_body_inst|altsource_probe_impl:\wider_probe_gen:wider_probe_inst" File: c:/intelfpga_lite/17.0/quartus/libraries/megafunctions/altsource_probe_body.vhd Line: 508
Info (12128): Elaborating entity "altsource_probe" for hierarchy "emu:emu|dbg_probes:probes|altsource_probe:cp_psc2" File: C:/Temp/mistercore/MacLC_MiSTer/rtl/dbg_probes.sv Line: 479
Info (12130): Elaborated megafunction instantiation "emu:emu|dbg_probes:probes|altsource_probe:cp_psc2" File: C:/Temp/mistercore/MacLC_MiSTer/rtl/dbg_probes.sv Line: 479
Info (12133): Instantiated megafunction "emu:emu|dbg_probes:probes|altsource_probe:cp_psc2" with the following parameter: File: C:/Temp/mistercore/MacLC_MiSTer/rtl/dbg_probes.sv Line: 479
    Info (12134): Parameter "instance_id" = "PSC2"
    Info (12134): Parameter "probe_width" = "32"
    Info (12134): Parameter "source_width" = "1"
    Info (12134): Parameter "sld_auto_instance_index" = "YES"
Info (12128): Elaborating entity "altsource_probe_body" for hierarchy "emu:emu|dbg_probes:probes|altsource_probe:cp_psc2|altsource_probe_body:altsource_probe_body_inst" File: c:/intelfpga_lite/17.0/quartus/libraries/megafunctions/altsource_probe.v Line: 205
Info (12128): Elaborating entity "altsource_probe_impl" for hierarchy "emu:emu|dbg_probes:probes|altsource_probe:cp_psc2|altsource_probe_body:altsource_probe_body_inst|altsource_probe_impl:\wider_probe_gen:wider_probe_inst" File: c:/intelfpga_lite/17.0/quartus/libraries/megafunctions/altsource_probe_body.vhd Line: 508
Info (12128): Elaborating entity "altsource_probe" for hierarchy "emu:emu|dbg_probes:probes|altsource_probe:cp_psc3" File: C:/Temp/mistercore/MacLC_MiSTer/rtl/dbg_probes.sv Line: 504
Info (12130): Elaborated megafunction instantiation "emu:emu|dbg_probes:probes|altsource_probe:cp_psc3" File: C:/Temp/mistercore/MacLC_MiSTer/rtl/dbg_probes.sv Line: 504
Info (12133): Instantiated megafunction "emu:emu|dbg_probes:probes|altsource_probe:cp_psc3" with the following parameter: File: C:/Temp/mistercore/MacLC_MiSTer/rtl/dbg_probes.sv Line: 504
    Info (12134): Parameter "instance_id" = "PSC3"
    Info (12134): Parameter "probe_width" = "32"
    Info (12134): Parameter "source_width" = "1"
    Info (12134): Parameter "sld_auto_instance_index" = "YES"
Info (12128): Elaborating entity "altsource_probe_body" for hierarchy "emu:emu|dbg_probes:probes|altsource_probe:cp_psc3|altsource_probe_body:altsource_probe_body_inst" File: c:/intelfpga_lite/17.0/quartus/libraries/megafunctions/altsource_probe.v Line: 205
Info (12128): Elaborating entity "altsource_probe_impl" for hierarchy "emu:emu|dbg_probes:probes|altsource_probe:cp_psc3|altsource_probe_body:altsource_probe_body_inst|altsource_probe_impl:\wider_probe_gen:wider_probe_inst" File: c:/intelfpga_lite/17.0/quartus/libraries/megafunctions/altsource_probe_body.vhd Line: 508
Info (12128): Elaborating entity "altsource_probe" for hierarchy "emu:emu|dbg_probes:probes|altsource_probe:cp_pscw" File: C:/Temp/mistercore/MacLC_MiSTer/rtl/dbg_probes.sv Line: 518
Info (12130): Elaborated megafunction instantiation "emu:emu|dbg_probes:probes|altsource_probe:cp_pscw" File: C:/Temp/mistercore/MacLC_MiSTer/rtl/dbg_probes.sv Line: 518
Info (12133): Instantiated megafunction "emu:emu|dbg_probes:probes|altsource_probe:cp_pscw" with the following parameter: File: C:/Temp/mistercore/MacLC_MiSTer/rtl/dbg_probes.sv Line: 518
    Info (12134): Parameter "instance_id" = "PSCW"
    Info (12134): Parameter "probe_width" = "32"
    Info (12134): Parameter "source_width" = "1"
    Info (12134): Parameter "sld_auto_instance_index" = "YES"
Info (12128): Elaborating entity "altsource_probe_body" for hierarchy "emu:emu|dbg_probes:probes|altsource_probe:cp_pscw|altsource_probe_body:altsource_probe_body_inst" File: c:/intelfpga_lite/17.0/quartus/libraries/megafunctions/altsource_probe.v Line: 205
Info (12128): Elaborating entity "altsource_probe_impl" for hierarchy "emu:emu|dbg_probes:probes|altsource_probe:cp_pscw|altsource_probe_body:altsource_probe_body_inst|altsource_probe_impl:\wider_probe_gen:wider_probe_inst" File: c:/intelfpga_lite/17.0/quartus/libraries/megafunctions/altsource_probe_body.vhd Line: 508
Info (12128): Elaborating entity "altsource_probe" for hierarchy "emu:emu|dbg_probes:probes|altsource_probe:cp_psnc" File: C:/Temp/mistercore/MacLC_MiSTer/rtl/dbg_probes.sv Line: 523
Info (12130): Elaborated megafunction instantiation "emu:emu|dbg_probes:probes|altsource_probe:cp_psnc" File: C:/Temp/mistercore/MacLC_MiSTer/rtl/dbg_probes.sv Line: 523
Info (12133): Instantiated megafunction "emu:emu|dbg_probes:probes|altsource_probe:cp_psnc" with the following parameter: File: C:/Temp/mistercore/MacLC_MiSTer/rtl/dbg_probes.sv Line: 523
    Info (12134): Parameter "instance_id" = "PSNC"
    Info (12134): Parameter "probe_width" = "32"
    Info (12134): Parameter "source_width" = "1"
    Info (12134): Parameter "sld_auto_instance_index" = "YES"
Info (12128): Elaborating entity "altsource_probe_body" for hierarchy "emu:emu|dbg_probes:probes|altsource_probe:cp_psnc|altsource_probe_body:altsource_probe_body_inst" File: c:/intelfpga_lite/17.0/quartus/libraries/megafunctions/altsource_probe.v Line: 205
Info (12128): Elaborating entity "altsource_probe_impl" for hierarchy "emu:emu|dbg_probes:probes|altsource_probe:cp_psnc|altsource_probe_body:altsource_probe_body_inst|altsource_probe_impl:\wider_probe_gen:wider_probe_inst" File: c:/intelfpga_lite/17.0/quartus/libraries/megafunctions/altsource_probe_body.vhd Line: 508
Info (12128): Elaborating entity "altsource_probe" for hierarchy "emu:emu|dbg_probes:probes|altsource_probe:cp_pswl" File: C:/Temp/mistercore/MacLC_MiSTer/rtl/dbg_probes.sv Line: 528
Info (12130): Elaborated megafunction instantiation "emu:emu|dbg_probes:probes|altsource_probe:cp_pswl" File: C:/Temp/mistercore/MacLC_MiSTer/rtl/dbg_probes.sv Line: 528
Info (12133): Instantiated megafunction "emu:emu|dbg_probes:probes|altsource_probe:cp_pswl" with the following parameter: File: C:/Temp/mistercore/MacLC_MiSTer/rtl/dbg_probes.sv Line: 528
    Info (12134): Parameter "instance_id" = "PSWL"
    Info (12134): Parameter "probe_width" = "32"
    Info (12134): Parameter "source_width" = "1"
    Info (12134): Parameter "sld_auto_instance_index" = "YES"
Info (12128): Elaborating entity "altsource_probe_body" for hierarchy "emu:emu|dbg_probes:probes|altsource_probe:cp_pswl|altsource_probe_body:altsource_probe_body_inst" File: c:/intelfpga_lite/17.0/quartus/libraries/megafunctions/altsource_probe.v Line: 205
Info (12128): Elaborating entity "altsource_probe_impl" for hierarchy "emu:emu|dbg_probes:probes|altsource_probe:cp_pswl|altsource_probe_body:altsource_probe_body_inst|altsource_probe_impl:\wider_probe_gen:wider_probe_inst" File: c:/intelfpga_lite/17.0/quartus/libraries/megafunctions/altsource_probe_body.vhd Line: 508
Info (12128): Elaborating entity "altsource_probe" for hierarchy "emu:emu|dbg_probes:probes|altsource_probe:cp_psc6" File: C:/Temp/mistercore/MacLC_MiSTer/rtl/dbg_probes.sv Line: 539
Info (12130): Elaborated megafunction instantiation "emu:emu|dbg_probes:probes|altsource_probe:cp_psc6" File: C:/Temp/mistercore/MacLC_MiSTer/rtl/dbg_probes.sv Line: 539
Info (12133): Instantiated megafunction "emu:emu|dbg_probes:probes|altsource_probe:cp_psc6" with the following parameter: File: C:/Temp/mistercore/MacLC_MiSTer/rtl/dbg_probes.sv Line: 539
    Info (12134): Parameter "instance_id" = "PSC6"
    Info (12134): Parameter "probe_width" = "32"
    Info (12134): Parameter "source_width" = "1"
    Info (12134): Parameter "sld_auto_instance_index" = "YES"
Info (12128): Elaborating entity "altsource_probe_body" for hierarchy "emu:emu|dbg_probes:probes|altsource_probe:cp_psc6|altsource_probe_body:altsource_probe_body_inst" File: c:/intelfpga_lite/17.0/quartus/libraries/megafunctions/altsource_probe.v Line: 205
Info (12128): Elaborating entity "altsource_probe_impl" for hierarchy "emu:emu|dbg_probes:probes|altsource_probe:cp_psc6|altsource_probe_body:altsource_probe_body_inst|altsource_probe_impl:\wider_probe_gen:wider_probe_inst" File: c:/intelfpga_lite/17.0/quartus/libraries/megafunctions/altsource_probe_body.vhd Line: 508
Info (12128): Elaborating entity "altsource_probe" for hierarchy "emu:emu|dbg_probes:probes|altsource_probe:cp_pvid" File: C:/Temp/mistercore/MacLC_MiSTer/rtl/dbg_probes.sv Line: 565
Info (12130): Elaborated megafunction instantiation "emu:emu|dbg_probes:probes|altsource_probe:cp_pvid" File: C:/Temp/mistercore/MacLC_MiSTer/rtl/dbg_probes.sv Line: 565
Info (12133): Instantiated megafunction "emu:emu|dbg_probes:probes|altsource_probe:cp_pvid" with the following parameter: File: C:/Temp/mistercore/MacLC_MiSTer/rtl/dbg_probes.sv Line: 565
    Info (12134): Parameter "instance_id" = "PVID"
    Info (12134): Parameter "probe_width" = "32"
    Info (12134): Parameter "source_width" = "1"
    Info (12134): Parameter "sld_auto_instance_index" = "YES"
Info (12128): Elaborating entity "altsource_probe_body" for hierarchy "emu:emu|dbg_probes:probes|altsource_probe:cp_pvid|altsource_probe_body:altsource_probe_body_inst" File: c:/intelfpga_lite/17.0/quartus/libraries/megafunctions/altsource_probe.v Line: 205
Info (12128): Elaborating entity "altsource_probe_impl" for hierarchy "emu:emu|dbg_probes:probes|altsource_probe:cp_pvid|altsource_probe_body:altsource_probe_body_inst|altsource_probe_impl:\wider_probe_gen:wider_probe_inst" File: c:/intelfpga_lite/17.0/quartus/libraries/megafunctions/altsource_probe_body.vhd Line: 508
Info (12128): Elaborating entity "maclc_v8_video" for hierarchy "emu:emu|maclc_v8_video:v8_video" File: C:/Temp/mistercore/MacLC_MiSTer/MacLC.sv Line: 1097
Warning (10036): Verilog HDL or VHDL warning at maclc_v8_video.sv(45): object "fetch_mask" assigned a value but never read File: C:/Temp/mistercore/MacLC_MiSTer/rtl/maclc_v8_video.sv Line: 45
Info (10264): Verilog HDL Case Statement information at maclc_v8_video.sv(60): all case item expressions in this case statement are onehot File: C:/Temp/mistercore/MacLC_MiSTer/rtl/maclc_v8_video.sv Line: 60
Info (10264): Verilog HDL Case Statement information at maclc_v8_video.sv(269): all case item expressions in this case statement are onehot File: C:/Temp/mistercore/MacLC_MiSTer/rtl/maclc_v8_video.sv Line: 269
Info (12128): Elaborating entity "vram_bram" for hierarchy "emu:emu|vram_bram:vram_fb" File: C:/Temp/mistercore/MacLC_MiSTer/MacLC.sv Line: 1110
Info (12128): Elaborating entity "asc" for hierarchy "emu:emu|asc:asc_inst" File: C:/Temp/mistercore/MacLC_MiSTer/MacLC.sv Line: 1137
Info (10264): Verilog HDL Case Statement information at asc.sv(139): all case item expressions in this case statement are onehot File: C:/Temp/mistercore/MacLC_MiSTer/rtl/asc.sv Line: 139
Info (12128): Elaborating entity "dataController_top" for hierarchy "emu:emu|dataController_top:dataController" File: C:/Temp/mistercore/MacLC_MiSTer/MacLC.sv Line: 1309
Warning (10036): Verilog HDL or VHDL warning at dataController_top.sv(436): object "snd_vol" assigned a value but never read File: C:/Temp/mistercore/MacLC_MiSTer/rtl/dataController_top.sv Line: 436
Warning (10036): Verilog HDL or VHDL warning at dataController_top.sv(437): object "snd_ena" assigned a value but never read File: C:/Temp/mistercore/MacLC_MiSTer/rtl/dataController_top.sv Line: 437
Warning (10036): Verilog HDL or VHDL warning at dataController_top.sv(868): object "kbd_data_valid" assigned a value but never read File: C:/Temp/mistercore/MacLC_MiSTer/rtl/dataController_top.sv Line: 868
Info (12128): Elaborating entity "ncr5380" for hierarchy "emu:emu|dataController_top:dataController|ncr5380:scsi" File: C:/Temp/mistercore/MacLC_MiSTer/rtl/dataController_top.sv Line: 412
Warning (10036): Verilog HDL or VHDL warning at ncr5380.sv(152): object "dma_second_word_latched" assigned a value but never read File: C:/Temp/mistercore/MacLC_MiSTer/rtl/ncr5380.sv Line: 152
Warning (10230): Verilog HDL assignment warning at ncr5380.sv(277): truncated value with size 16 to match size of target (8) File: C:/Temp/mistercore/MacLC_MiSTer/rtl/ncr5380.sv Line: 277
Warning (10230): Verilog HDL assignment warning at ncr5380.sv(286): truncated value with size 16 to match size of target (8) File: C:/Temp/mistercore/MacLC_MiSTer/rtl/ncr5380.sv Line: 286
Info (12128): Elaborating entity "scsi_empty_cd" for hierarchy "emu:emu|dataController_top:dataController|ncr5380:scsi|scsi_empty_cd:empty_cd" File: C:/Temp/mistercore/MacLC_MiSTer/rtl/ncr5380.sv Line: 577
Info (12128): Elaborating entity "scsi" for hierarchy "emu:emu|dataController_top:dataController|ncr5380:scsi|scsi:target[0].target" File: C:/Temp/mistercore/MacLC_MiSTer/rtl/ncr5380.sv Line: 642
Info (12128): Elaborating entity "scsi_dpram" for hierarchy "emu:emu|dataController_top:dataController|ncr5380:scsi|scsi:target[0].target|scsi_dpram:buffer0" File: C:/Temp/mistercore/MacLC_MiSTer/rtl/scsi.v Line: 193
Info (12128): Elaborating entity "scsi_dpram" for hierarchy "emu:emu|dataController_top:dataController|ncr5380:scsi|scsi:target[0].target|scsi_dpram:tb_buf0" File: C:/Temp/mistercore/MacLC_MiSTer/rtl/scsi.v Line: 638
Info (12128): Elaborating entity "scsi" for hierarchy "emu:emu|dataController_top:dataController|ncr5380:scsi|scsi:target[1].target" File: C:/Temp/mistercore/MacLC_MiSTer/rtl/ncr5380.sv Line: 642
Info (12128): Elaborating entity "via6522" for hierarchy "emu:emu|dataController_top:dataController|via6522:via" File: C:/Temp/mistercore/MacLC_MiSTer/rtl/dataController_top.sv Line: 645
Warning (10036): Verilog HDL or VHDL warning at via6522.sv(102): object "ca2_event" assigned a value but never read File: C:/Temp/mistercore/MacLC_MiSTer/rtl/via6522.sv Line: 102
Warning (10036): Verilog HDL or VHDL warning at via6522.sv(107): object "cb2_event" assigned a value but never read File: C:/Temp/mistercore/MacLC_MiSTer/rtl/via6522.sv Line: 107
Warning (10036): Verilog HDL or VHDL warning at via6522.sv(113): object "ca2_flag" assigned a value but never read File: C:/Temp/mistercore/MacLC_MiSTer/rtl/via6522.sv Line: 113
Warning (10036): Verilog HDL or VHDL warning at via6522.sv(114): object "ca1_flag" assigned a value but never read File: C:/Temp/mistercore/MacLC_MiSTer/rtl/via6522.sv Line: 114
Warning (10036): Verilog HDL or VHDL warning at via6522.sv(115): object "serial_flag" assigned a value but never read File: C:/Temp/mistercore/MacLC_MiSTer/rtl/via6522.sv Line: 115
Warning (10036): Verilog HDL or VHDL warning at via6522.sv(116): object "cb2_flag" assigned a value but never read File: C:/Temp/mistercore/MacLC_MiSTer/rtl/via6522.sv Line: 116
Warning (10036): Verilog HDL or VHDL warning at via6522.sv(117): object "cb1_flag" assigned a value but never read File: C:/Temp/mistercore/MacLC_MiSTer/rtl/via6522.sv Line: 117
Warning (10036): Verilog HDL or VHDL warning at via6522.sv(118): object "timer_b_flag" assigned a value but never read File: C:/Temp/mistercore/MacLC_MiSTer/rtl/via6522.sv Line: 118
Warning (10036): Verilog HDL or VHDL warning at via6522.sv(119): object "timer_a_flag" assigned a value but never read File: C:/Temp/mistercore/MacLC_MiSTer/rtl/via6522.sv Line: 119
Warning (10036): Verilog HDL or VHDL warning at via6522.sv(704): object "ser_cb2_c" assigned a value but never read File: C:/Temp/mistercore/MacLC_MiSTer/rtl/via6522.sv Line: 704
Warning (10036): Verilog HDL or VHDL warning at via6522.sv(759): object "cb2_latched" assigned a value but never read File: C:/Temp/mistercore/MacLC_MiSTer/rtl/via6522.sv Line: 759
Info (12128): Elaborating entity "adb_device" for hierarchy "emu:emu|dataController_top:dataController|adb_device:adb_dev" File: C:/Temp/mistercore/MacLC_MiSTer/rtl/dataController_top.sv Line: 739
Info (10264): Verilog HDL Case Statement information at adb_device.sv(808): all case item expressions in this case statement are onehot File: C:/Temp/mistercore/MacLC_MiSTer/rtl/adb_device.sv Line: 808
Info (12128): Elaborating entity "altsource_probe" for hierarchy "emu:emu|dataController_top:dataController|adb_device:adb_dev|altsource_probe:u_adb_issp" File: C:/Temp/mistercore/MacLC_MiSTer/rtl/adb_device.sv Line: 934
Info (12130): Elaborated megafunction instantiation "emu:emu|dataController_top:dataController|adb_device:adb_dev|altsource_probe:u_adb_issp" File: C:/Temp/mistercore/MacLC_MiSTer/rtl/adb_device.sv Line: 934
Info (12133): Instantiated megafunction "emu:emu|dataController_top:dataController|adb_device:adb_dev|altsource_probe:u_adb_issp" with the following parameter: File: C:/Temp/mistercore/MacLC_MiSTer/rtl/adb_device.sv Line: 934
    Info (12134): Parameter "sld_auto_instance_index" = "YES"
    Info (12134): Parameter "sld_instance_index" = "0"
    Info (12134): Parameter "instance_id" = "ADB"
    Info (12134): Parameter "probe_width" = "64"
    Info (12134): Parameter "source_width" = "0"
    Info (12134): Parameter "source_initial_value" = "0"
    Info (12134): Parameter "enable_metastability" = "NO"
Info (12128): Elaborating entity "altsource_probe_body" for hierarchy "emu:emu|dataController_top:dataController|adb_device:adb_dev|altsource_probe:u_adb_issp|altsource_probe_body:altsource_probe_body_inst" File: c:/intelfpga_lite/17.0/quartus/libraries/megafunctions/altsource_probe.v Line: 281
Info (12128): Elaborating entity "altsource_probe_impl" for hierarchy "emu:emu|dataController_top:dataController|adb_device:adb_dev|altsource_probe:u_adb_issp|altsource_probe_body:altsource_probe_body_inst|altsource_probe_impl:\wider_probe_gen:wider_probe_inst" File: c:/intelfpga_lite/17.0/quartus/libraries/megafunctions/altsource_probe_body.vhd Line: 508
Info (12128): Elaborating entity "egret_wrapper" for hierarchy "emu:emu|dataController_top:dataController|egret_wrapper:egret_inst" File: C:/Temp/mistercore/MacLC_MiSTer/rtl/dataController_top.sv Line: 808
Warning (10036): Verilog HDL or VHDL warning at egret_wrapper.sv(130): object "pc_bit3_prev" assigned a value but never read File: C:/Temp/mistercore/MacLC_MiSTer/rtl/egret/egret_wrapper.sv Line: 130
Warning (10036): Verilog HDL or VHDL warning at egret_wrapper.sv(392): object "force_treq" assigned a value but never read File: C:/Temp/mistercore/MacLC_MiSTer/rtl/egret/egret_wrapper.sv Line: 392
Warning (10036): Verilog HDL or VHDL warning at egret_wrapper.sv(886): object "via_tip_prev" assigned a value but never read File: C:/Temp/mistercore/MacLC_MiSTer/rtl/egret/egret_wrapper.sv Line: 886
Warning (10036): Verilog HDL or VHDL warning at egret_wrapper.sv(887): object "via_byteack_prev" assigned a value but never read File: C:/Temp/mistercore/MacLC_MiSTer/rtl/egret/egret_wrapper.sv Line: 887
Warning (10850): Verilog HDL warning at egret_wrapper.sv(141): number of words (4352) in memory file does not match the number of elements in the address range [0:8191] File: C:/Temp/mistercore/MacLC_MiSTer/rtl/egret/egret_wrapper.sv Line: 141
Warning (10230): Verilog HDL assignment warning at egret_wrapper.sv(368): truncated value with size 32 to match size of target (16) File: C:/Temp/mistercore/MacLC_MiSTer/rtl/egret/egret_wrapper.sv Line: 368
Warning (10230): Verilog HDL assignment warning at egret_wrapper.sv(453): truncated value with size 32 to match size of target (16) File: C:/Temp/mistercore/MacLC_MiSTer/rtl/egret/egret_wrapper.sv Line: 453
Warning (10230): Verilog HDL assignment warning at egret_wrapper.sv(611): truncated value with size 32 to match size of target (16) File: C:/Temp/mistercore/MacLC_MiSTer/rtl/egret/egret_wrapper.sv Line: 611
Warning (10230): Verilog HDL assignment warning at egret_wrapper.sv(618): truncated value with size 32 to match size of target (16) File: C:/Temp/mistercore/MacLC_MiSTer/rtl/egret/egret_wrapper.sv Line: 618
Warning (10230): Verilog HDL assignment warning at egret_wrapper.sv(781): truncated value with size 9 to match size of target (8) File: C:/Temp/mistercore/MacLC_MiSTer/rtl/egret/egret_wrapper.sv Line: 781
Warning (10030): Net "rom.data_a" at egret_wrapper.sv(124) has no driver or initial value, using a default initial value '0' File: C:/Temp/mistercore/MacLC_MiSTer/rtl/egret/egret_wrapper.sv Line: 124
Warning (10030): Net "rom.waddr_a" at egret_wrapper.sv(124) has no driver or initial value, using a default initial value '0' File: C:/Temp/mistercore/MacLC_MiSTer/rtl/egret/egret_wrapper.sv Line: 124
Warning (10030): Net "rom.we_a" at egret_wrapper.sv(124) has no driver or initial value, using a default initial value '0' File: C:/Temp/mistercore/MacLC_MiSTer/rtl/egret/egret_wrapper.sv Line: 124
Info (12128): Elaborating entity "m68hc05_core" for hierarchy "emu:emu|dataController_top:dataController|egret_wrapper:egret_inst|m68hc05_core:u_cpu" File: C:/Temp/mistercore/MacLC_MiSTer/rtl/egret/egret_wrapper.sv Line: 914
Info (10264): Verilog HDL Case Statement information at m68hc05_core.sv(1432): all case item expressions in this case statement are onehot File: C:/Temp/mistercore/MacLC_MiSTer/rtl/egret/m68hc05_core.sv Line: 1432
Info (10041): Inferred latch for "mask1[7][0]" at m68hc05_core.sv(130) File: C:/Temp/mistercore/MacLC_MiSTer/rtl/egret/m68hc05_core.sv Line: 130
Info (10041): Inferred latch for "mask1[7][1]" at m68hc05_core.sv(130) File: C:/Temp/mistercore/MacLC_MiSTer/rtl/egret/m68hc05_core.sv Line: 130
Info (10041): Inferred latch for "mask1[7][2]" at m68hc05_core.sv(130) File: C:/Temp/mistercore/MacLC_MiSTer/rtl/egret/m68hc05_core.sv Line: 130
Info (10041): Inferred latch for "mask1[7][3]" at m68hc05_core.sv(130) File: C:/Temp/mistercore/MacLC_MiSTer/rtl/egret/m68hc05_core.sv Line: 130
Info (10041): Inferred latch for "mask1[7][4]" at m68hc05_core.sv(130) File: C:/Temp/mistercore/MacLC_MiSTer/rtl/egret/m68hc05_core.sv Line: 130
Info (10041): Inferred latch for "mask1[7][5]" at m68hc05_core.sv(130) File: C:/Temp/mistercore/MacLC_MiSTer/rtl/egret/m68hc05_core.sv Line: 130
Info (10041): Inferred latch for "mask1[7][6]" at m68hc05_core.sv(130) File: C:/Temp/mistercore/MacLC_MiSTer/rtl/egret/m68hc05_core.sv Line: 130
Info (10041): Inferred latch for "mask1[7][7]" at m68hc05_core.sv(130) File: C:/Temp/mistercore/MacLC_MiSTer/rtl/egret/m68hc05_core.sv Line: 130
Info (10041): Inferred latch for "mask1[6][0]" at m68hc05_core.sv(130) File: C:/Temp/mistercore/MacLC_MiSTer/rtl/egret/m68hc05_core.sv Line: 130
Info (10041): Inferred latch for "mask1[6][1]" at m68hc05_core.sv(130) File: C:/Temp/mistercore/MacLC_MiSTer/rtl/egret/m68hc05_core.sv Line: 130
Info (10041): Inferred latch for "mask1[6][2]" at m68hc05_core.sv(130) File: C:/Temp/mistercore/MacLC_MiSTer/rtl/egret/m68hc05_core.sv Line: 130
Info (10041): Inferred latch for "mask1[6][3]" at m68hc05_core.sv(130) File: C:/Temp/mistercore/MacLC_MiSTer/rtl/egret/m68hc05_core.sv Line: 130
Info (10041): Inferred latch for "mask1[6][4]" at m68hc05_core.sv(130) File: C:/Temp/mistercore/MacLC_MiSTer/rtl/egret/m68hc05_core.sv Line: 130
Info (10041): Inferred latch for "mask1[6][5]" at m68hc05_core.sv(130) File: C:/Temp/mistercore/MacLC_MiSTer/rtl/egret/m68hc05_core.sv Line: 130
Info (10041): Inferred latch for "mask1[6][6]" at m68hc05_core.sv(130) File: C:/Temp/mistercore/MacLC_MiSTer/rtl/egret/m68hc05_core.sv Line: 130
Info (10041): Inferred latch for "mask1[6][7]" at m68hc05_core.sv(130) File: C:/Temp/mistercore/MacLC_MiSTer/rtl/egret/m68hc05_core.sv Line: 130
Info (10041): Inferred latch for "mask1[5][0]" at m68hc05_core.sv(130) File: C:/Temp/mistercore/MacLC_MiSTer/rtl/egret/m68hc05_core.sv Line: 130
Info (10041): Inferred latch for "mask1[5][1]" at m68hc05_core.sv(130) File: C:/Temp/mistercore/MacLC_MiSTer/rtl/egret/m68hc05_core.sv Line: 130
Info (10041): Inferred latch for "mask1[5][2]" at m68hc05_core.sv(130) File: C:/Temp/mistercore/MacLC_MiSTer/rtl/egret/m68hc05_core.sv Line: 130
Info (10041): Inferred latch for "mask1[5][3]" at m68hc05_core.sv(130) File: C:/Temp/mistercore/MacLC_MiSTer/rtl/egret/m68hc05_core.sv Line: 130
Info (10041): Inferred latch for "mask1[5][4]" at m68hc05_core.sv(130) File: C:/Temp/mistercore/MacLC_MiSTer/rtl/egret/m68hc05_core.sv Line: 130
Info (10041): Inferred latch for "mask1[5][5]" at m68hc05_core.sv(130) File: C:/Temp/mistercore/MacLC_MiSTer/rtl/egret/m68hc05_core.sv Line: 130
Info (10041): Inferred latch for "mask1[5][6]" at m68hc05_core.sv(130) File: C:/Temp/mistercore/MacLC_MiSTer/rtl/egret/m68hc05_core.sv Line: 130
Info (10041): Inferred latch for "mask1[5][7]" at m68hc05_core.sv(130) File: C:/Temp/mistercore/MacLC_MiSTer/rtl/egret/m68hc05_core.sv Line: 130
Info (10041): Inferred latch for "mask1[4][0]" at m68hc05_core.sv(130) File: C:/Temp/mistercore/MacLC_MiSTer/rtl/egret/m68hc05_core.sv Line: 130
Info (10041): Inferred latch for "mask1[4][1]" at m68hc05_core.sv(130) File: C:/Temp/mistercore/MacLC_MiSTer/rtl/egret/m68hc05_core.sv Line: 130
Info (10041): Inferred latch for "mask1[4][2]" at m68hc05_core.sv(130) File: C:/Temp/mistercore/MacLC_MiSTer/rtl/egret/m68hc05_core.sv Line: 130
Info (10041): Inferred latch for "mask1[4][3]" at m68hc05_core.sv(130) File: C:/Temp/mistercore/MacLC_MiSTer/rtl/egret/m68hc05_core.sv Line: 130
Info (10041): Inferred latch for "mask1[4][4]" at m68hc05_core.sv(130) File: C:/Temp/mistercore/MacLC_MiSTer/rtl/egret/m68hc05_core.sv Line: 130
Info (10041): Inferred latch for "mask1[4][5]" at m68hc05_core.sv(130) File: C:/Temp/mistercore/MacLC_MiSTer/rtl/egret/m68hc05_core.sv Line: 130
Info (10041): Inferred latch for "mask1[4][6]" at m68hc05_core.sv(130) File: C:/Temp/mistercore/MacLC_MiSTer/rtl/egret/m68hc05_core.sv Line: 130
Info (10041): Inferred latch for "mask1[4][7]" at m68hc05_core.sv(130) File: C:/Temp/mistercore/MacLC_MiSTer/rtl/egret/m68hc05_core.sv Line: 130
Info (10041): Inferred latch for "mask1[3][0]" at m68hc05_core.sv(130) File: C:/Temp/mistercore/MacLC_MiSTer/rtl/egret/m68hc05_core.sv Line: 130
Info (10041): Inferred latch for "mask1[3][1]" at m68hc05_core.sv(130) File: C:/Temp/mistercore/MacLC_MiSTer/rtl/egret/m68hc05_core.sv Line: 130
Info (10041): Inferred latch for "mask1[3][2]" at m68hc05_core.sv(130) File: C:/Temp/mistercore/MacLC_MiSTer/rtl/egret/m68hc05_core.sv Line: 130
Info (10041): Inferred latch for "mask1[3][3]" at m68hc05_core.sv(130) File: C:/Temp/mistercore/MacLC_MiSTer/rtl/egret/m68hc05_core.sv Line: 130
Info (10041): Inferred latch for "mask1[3][4]" at m68hc05_core.sv(130) File: C:/Temp/mistercore/MacLC_MiSTer/rtl/egret/m68hc05_core.sv Line: 130
Info (10041): Inferred latch for "mask1[3][5]" at m68hc05_core.sv(130) File: C:/Temp/mistercore/MacLC_MiSTer/rtl/egret/m68hc05_core.sv Line: 130
Info (10041): Inferred latch for "mask1[3][6]" at m68hc05_core.sv(130) File: C:/Temp/mistercore/MacLC_MiSTer/rtl/egret/m68hc05_core.sv Line: 130
Info (10041): Inferred latch for "mask1[3][7]" at m68hc05_core.sv(130) File: C:/Temp/mistercore/MacLC_MiSTer/rtl/egret/m68hc05_core.sv Line: 130
Info (10041): Inferred latch for "mask1[2][0]" at m68hc05_core.sv(130) File: C:/Temp/mistercore/MacLC_MiSTer/rtl/egret/m68hc05_core.sv Line: 130
Info (10041): Inferred latch for "mask1[2][1]" at m68hc05_core.sv(130) File: C:/Temp/mistercore/MacLC_MiSTer/rtl/egret/m68hc05_core.sv Line: 130
Info (10041): Inferred latch for "mask1[2][2]" at m68hc05_core.sv(130) File: C:/Temp/mistercore/MacLC_MiSTer/rtl/egret/m68hc05_core.sv Line: 130
Info (10041): Inferred latch for "mask1[2][3]" at m68hc05_core.sv(130) File: C:/Temp/mistercore/MacLC_MiSTer/rtl/egret/m68hc05_core.sv Line: 130
Info (10041): Inferred latch for "mask1[2][4]" at m68hc05_core.sv(130) File: C:/Temp/mistercore/MacLC_MiSTer/rtl/egret/m68hc05_core.sv Line: 130
Info (10041): Inferred latch for "mask1[2][5]" at m68hc05_core.sv(130) File: C:/Temp/mistercore/MacLC_MiSTer/rtl/egret/m68hc05_core.sv Line: 130
Info (10041): Inferred latch for "mask1[2][6]" at m68hc05_core.sv(130) File: C:/Temp/mistercore/MacLC_MiSTer/rtl/egret/m68hc05_core.sv Line: 130
Info (10041): Inferred latch for "mask1[2][7]" at m68hc05_core.sv(130) File: C:/Temp/mistercore/MacLC_MiSTer/rtl/egret/m68hc05_core.sv Line: 130
Info (10041): Inferred latch for "mask1[1][0]" at m68hc05_core.sv(130) File: C:/Temp/mistercore/MacLC_MiSTer/rtl/egret/m68hc05_core.sv Line: 130
Info (10041): Inferred latch for "mask1[1][1]" at m68hc05_core.sv(130) File: C:/Temp/mistercore/MacLC_MiSTer/rtl/egret/m68hc05_core.sv Line: 130
Info (10041): Inferred latch for "mask1[1][2]" at m68hc05_core.sv(130) File: C:/Temp/mistercore/MacLC_MiSTer/rtl/egret/m68hc05_core.sv Line: 130
Info (10041): Inferred latch for "mask1[1][3]" at m68hc05_core.sv(130) File: C:/Temp/mistercore/MacLC_MiSTer/rtl/egret/m68hc05_core.sv Line: 130
Info (10041): Inferred latch for "mask1[1][4]" at m68hc05_core.sv(130) File: C:/Temp/mistercore/MacLC_MiSTer/rtl/egret/m68hc05_core.sv Line: 130
Info (10041): Inferred latch for "mask1[1][5]" at m68hc05_core.sv(130) File: C:/Temp/mistercore/MacLC_MiSTer/rtl/egret/m68hc05_core.sv Line: 130
Info (10041): Inferred latch for "mask1[1][6]" at m68hc05_core.sv(130) File: C:/Temp/mistercore/MacLC_MiSTer/rtl/egret/m68hc05_core.sv Line: 130
Info (10041): Inferred latch for "mask1[1][7]" at m68hc05_core.sv(130) File: C:/Temp/mistercore/MacLC_MiSTer/rtl/egret/m68hc05_core.sv Line: 130
Info (10041): Inferred latch for "mask1[0][0]" at m68hc05_core.sv(130) File: C:/Temp/mistercore/MacLC_MiSTer/rtl/egret/m68hc05_core.sv Line: 130
Info (10041): Inferred latch for "mask1[0][1]" at m68hc05_core.sv(130) File: C:/Temp/mistercore/MacLC_MiSTer/rtl/egret/m68hc05_core.sv Line: 130
Info (10041): Inferred latch for "mask1[0][2]" at m68hc05_core.sv(130) File: C:/Temp/mistercore/MacLC_MiSTer/rtl/egret/m68hc05_core.sv Line: 130
Info (10041): Inferred latch for "mask1[0][3]" at m68hc05_core.sv(130) File: C:/Temp/mistercore/MacLC_MiSTer/rtl/egret/m68hc05_core.sv Line: 130
Info (10041): Inferred latch for "mask1[0][4]" at m68hc05_core.sv(130) File: C:/Temp/mistercore/MacLC_MiSTer/rtl/egret/m68hc05_core.sv Line: 130
Info (10041): Inferred latch for "mask1[0][5]" at m68hc05_core.sv(130) File: C:/Temp/mistercore/MacLC_MiSTer/rtl/egret/m68hc05_core.sv Line: 130
Info (10041): Inferred latch for "mask1[0][6]" at m68hc05_core.sv(130) File: C:/Temp/mistercore/MacLC_MiSTer/rtl/egret/m68hc05_core.sv Line: 130
Info (10041): Inferred latch for "mask1[0][7]" at m68hc05_core.sv(130) File: C:/Temp/mistercore/MacLC_MiSTer/rtl/egret/m68hc05_core.sv Line: 130
Info (10041): Inferred latch for "mask0[7][0]" at m68hc05_core.sv(130) File: C:/Temp/mistercore/MacLC_MiSTer/rtl/egret/m68hc05_core.sv Line: 130
Info (10041): Inferred latch for "mask0[7][1]" at m68hc05_core.sv(130) File: C:/Temp/mistercore/MacLC_MiSTer/rtl/egret/m68hc05_core.sv Line: 130
Info (10041): Inferred latch for "mask0[7][2]" at m68hc05_core.sv(130) File: C:/Temp/mistercore/MacLC_MiSTer/rtl/egret/m68hc05_core.sv Line: 130
Info (10041): Inferred latch for "mask0[7][3]" at m68hc05_core.sv(130) File: C:/Temp/mistercore/MacLC_MiSTer/rtl/egret/m68hc05_core.sv Line: 130
Info (10041): Inferred latch for "mask0[7][4]" at m68hc05_core.sv(130) File: C:/Temp/mistercore/MacLC_MiSTer/rtl/egret/m68hc05_core.sv Line: 130
Info (10041): Inferred latch for "mask0[7][5]" at m68hc05_core.sv(130) File: C:/Temp/mistercore/MacLC_MiSTer/rtl/egret/m68hc05_core.sv Line: 130
Info (10041): Inferred latch for "mask0[7][6]" at m68hc05_core.sv(130) File: C:/Temp/mistercore/MacLC_MiSTer/rtl/egret/m68hc05_core.sv Line: 130
Info (10041): Inferred latch for "mask0[7][7]" at m68hc05_core.sv(130) File: C:/Temp/mistercore/MacLC_MiSTer/rtl/egret/m68hc05_core.sv Line: 130
Info (10041): Inferred latch for "mask0[6][0]" at m68hc05_core.sv(130) File: C:/Temp/mistercore/MacLC_MiSTer/rtl/egret/m68hc05_core.sv Line: 130
Info (10041): Inferred latch for "mask0[6][1]" at m68hc05_core.sv(130) File: C:/Temp/mistercore/MacLC_MiSTer/rtl/egret/m68hc05_core.sv Line: 130
Info (10041): Inferred latch for "mask0[6][2]" at m68hc05_core.sv(130) File: C:/Temp/mistercore/MacLC_MiSTer/rtl/egret/m68hc05_core.sv Line: 130
Info (10041): Inferred latch for "mask0[6][3]" at m68hc05_core.sv(130) File: C:/Temp/mistercore/MacLC_MiSTer/rtl/egret/m68hc05_core.sv Line: 130
Info (10041): Inferred latch for "mask0[6][4]" at m68hc05_core.sv(130) File: C:/Temp/mistercore/MacLC_MiSTer/rtl/egret/m68hc05_core.sv Line: 130
Info (10041): Inferred latch for "mask0[6][5]" at m68hc05_core.sv(130) File: C:/Temp/mistercore/MacLC_MiSTer/rtl/egret/m68hc05_core.sv Line: 130
Info (10041): Inferred latch for "mask0[6][6]" at m68hc05_core.sv(130) File: C:/Temp/mistercore/MacLC_MiSTer/rtl/egret/m68hc05_core.sv Line: 130
Info (10041): Inferred latch for "mask0[6][7]" at m68hc05_core.sv(130) File: C:/Temp/mistercore/MacLC_MiSTer/rtl/egret/m68hc05_core.sv Line: 130
Info (10041): Inferred latch for "mask0[5][0]" at m68hc05_core.sv(130) File: C:/Temp/mistercore/MacLC_MiSTer/rtl/egret/m68hc05_core.sv Line: 130
Info (10041): Inferred latch for "mask0[5][1]" at m68hc05_core.sv(130) File: C:/Temp/mistercore/MacLC_MiSTer/rtl/egret/m68hc05_core.sv Line: 130
Info (10041): Inferred latch for "mask0[5][2]" at m68hc05_core.sv(130) File: C:/Temp/mistercore/MacLC_MiSTer/rtl/egret/m68hc05_core.sv Line: 130
Info (10041): Inferred latch for "mask0[5][3]" at m68hc05_core.sv(130) File: C:/Temp/mistercore/MacLC_MiSTer/rtl/egret/m68hc05_core.sv Line: 130
Info (10041): Inferred latch for "mask0[5][4]" at m68hc05_core.sv(130) File: C:/Temp/mistercore/MacLC_MiSTer/rtl/egret/m68hc05_core.sv Line: 130
Info (10041): Inferred latch for "mask0[5][5]" at m68hc05_core.sv(130) File: C:/Temp/mistercore/MacLC_MiSTer/rtl/egret/m68hc05_core.sv Line: 130
Info (10041): Inferred latch for "mask0[5][6]" at m68hc05_core.sv(130) File: C:/Temp/mistercore/MacLC_MiSTer/rtl/egret/m68hc05_core.sv Line: 130
Info (10041): Inferred latch for "mask0[5][7]" at m68hc05_core.sv(130) File: C:/Temp/mistercore/MacLC_MiSTer/rtl/egret/m68hc05_core.sv Line: 130
Info (10041): Inferred latch for "mask0[4][0]" at m68hc05_core.sv(130) File: C:/Temp/mistercore/MacLC_MiSTer/rtl/egret/m68hc05_core.sv Line: 130
Info (10041): Inferred latch for "mask0[4][1]" at m68hc05_core.sv(130) File: C:/Temp/mistercore/MacLC_MiSTer/rtl/egret/m68hc05_core.sv Line: 130
Info (10041): Inferred latch for "mask0[4][2]" at m68hc05_core.sv(130) File: C:/Temp/mistercore/MacLC_MiSTer/rtl/egret/m68hc05_core.sv Line: 130
Info (10041): Inferred latch for "mask0[4][3]" at m68hc05_core.sv(130) File: C:/Temp/mistercore/MacLC_MiSTer/rtl/egret/m68hc05_core.sv Line: 130
Info (10041): Inferred latch for "mask0[4][4]" at m68hc05_core.sv(130) File: C:/Temp/mistercore/MacLC_MiSTer/rtl/egret/m68hc05_core.sv Line: 130
Info (10041): Inferred latch for "mask0[4][5]" at m68hc05_core.sv(130) File: C:/Temp/mistercore/MacLC_MiSTer/rtl/egret/m68hc05_core.sv Line: 130
Info (10041): Inferred latch for "mask0[4][6]" at m68hc05_core.sv(130) File: C:/Temp/mistercore/MacLC_MiSTer/rtl/egret/m68hc05_core.sv Line: 130
Info (10041): Inferred latch for "mask0[4][7]" at m68hc05_core.sv(130) File: C:/Temp/mistercore/MacLC_MiSTer/rtl/egret/m68hc05_core.sv Line: 130
Info (10041): Inferred latch for "mask0[3][0]" at m68hc05_core.sv(130) File: C:/Temp/mistercore/MacLC_MiSTer/rtl/egret/m68hc05_core.sv Line: 130
Info (10041): Inferred latch for "mask0[3][1]" at m68hc05_core.sv(130) File: C:/Temp/mistercore/MacLC_MiSTer/rtl/egret/m68hc05_core.sv Line: 130
Info (10041): Inferred latch for "mask0[3][2]" at m68hc05_core.sv(130) File: C:/Temp/mistercore/MacLC_MiSTer/rtl/egret/m68hc05_core.sv Line: 130
Info (10041): Inferred latch for "mask0[3][3]" at m68hc05_core.sv(130) File: C:/Temp/mistercore/MacLC_MiSTer/rtl/egret/m68hc05_core.sv Line: 130
Info (10041): Inferred latch for "mask0[3][4]" at m68hc05_core.sv(130) File: C:/Temp/mistercore/MacLC_MiSTer/rtl/egret/m68hc05_core.sv Line: 130
Info (10041): Inferred latch for "mask0[3][5]" at m68hc05_core.sv(130) File: C:/Temp/mistercore/MacLC_MiSTer/rtl/egret/m68hc05_core.sv Line: 130
Info (10041): Inferred latch for "mask0[3][6]" at m68hc05_core.sv(130) File: C:/Temp/mistercore/MacLC_MiSTer/rtl/egret/m68hc05_core.sv Line: 130
Info (10041): Inferred latch for "mask0[3][7]" at m68hc05_core.sv(130) File: C:/Temp/mistercore/MacLC_MiSTer/rtl/egret/m68hc05_core.sv Line: 130
Info (10041): Inferred latch for "mask0[2][0]" at m68hc05_core.sv(130) File: C:/Temp/mistercore/MacLC_MiSTer/rtl/egret/m68hc05_core.sv Line: 130
Info (10041): Inferred latch for "mask0[2][1]" at m68hc05_core.sv(130) File: C:/Temp/mistercore/MacLC_MiSTer/rtl/egret/m68hc05_core.sv Line: 130
Info (10041): Inferred latch for "mask0[2][2]" at m68hc05_core.sv(130) File: C:/Temp/mistercore/MacLC_MiSTer/rtl/egret/m68hc05_core.sv Line: 130
Info (10041): Inferred latch for "mask0[2][3]" at m68hc05_core.sv(130) File: C:/Temp/mistercore/MacLC_MiSTer/rtl/egret/m68hc05_core.sv Line: 130
Info (10041): Inferred latch for "mask0[2][4]" at m68hc05_core.sv(130) File: C:/Temp/mistercore/MacLC_MiSTer/rtl/egret/m68hc05_core.sv Line: 130
Info (10041): Inferred latch for "mask0[2][5]" at m68hc05_core.sv(130) File: C:/Temp/mistercore/MacLC_MiSTer/rtl/egret/m68hc05_core.sv Line: 130
Info (10041): Inferred latch for "mask0[2][6]" at m68hc05_core.sv(130) File: C:/Temp/mistercore/MacLC_MiSTer/rtl/egret/m68hc05_core.sv Line: 130
Info (10041): Inferred latch for "mask0[2][7]" at m68hc05_core.sv(130) File: C:/Temp/mistercore/MacLC_MiSTer/rtl/egret/m68hc05_core.sv Line: 130
Info (10041): Inferred latch for "mask0[1][0]" at m68hc05_core.sv(130) File: C:/Temp/mistercore/MacLC_MiSTer/rtl/egret/m68hc05_core.sv Line: 130
Info (10041): Inferred latch for "mask0[1][1]" at m68hc05_core.sv(130) File: C:/Temp/mistercore/MacLC_MiSTer/rtl/egret/m68hc05_core.sv Line: 130
Info (10041): Inferred latch for "mask0[1][2]" at m68hc05_core.sv(130) File: C:/Temp/mistercore/MacLC_MiSTer/rtl/egret/m68hc05_core.sv Line: 130
Info (10041): Inferred latch for "mask0[1][3]" at m68hc05_core.sv(130) File: C:/Temp/mistercore/MacLC_MiSTer/rtl/egret/m68hc05_core.sv Line: 130
Info (10041): Inferred latch for "mask0[1][4]" at m68hc05_core.sv(130) File: C:/Temp/mistercore/MacLC_MiSTer/rtl/egret/m68hc05_core.sv Line: 130
Info (10041): Inferred latch for "mask0[1][5]" at m68hc05_core.sv(130) File: C:/Temp/mistercore/MacLC_MiSTer/rtl/egret/m68hc05_core.sv Line: 130
Info (10041): Inferred latch for "mask0[1][6]" at m68hc05_core.sv(130) File: C:/Temp/mistercore/MacLC_MiSTer/rtl/egret/m68hc05_core.sv Line: 130
Info (10041): Inferred latch for "mask0[1][7]" at m68hc05_core.sv(130) File: C:/Temp/mistercore/MacLC_MiSTer/rtl/egret/m68hc05_core.sv Line: 130
Info (10041): Inferred latch for "mask0[0][0]" at m68hc05_core.sv(130) File: C:/Temp/mistercore/MacLC_MiSTer/rtl/egret/m68hc05_core.sv Line: 130
Info (10041): Inferred latch for "mask0[0][1]" at m68hc05_core.sv(130) File: C:/Temp/mistercore/MacLC_MiSTer/rtl/egret/m68hc05_core.sv Line: 130
Info (10041): Inferred latch for "mask0[0][2]" at m68hc05_core.sv(130) File: C:/Temp/mistercore/MacLC_MiSTer/rtl/egret/m68hc05_core.sv Line: 130
Info (10041): Inferred latch for "mask0[0][3]" at m68hc05_core.sv(130) File: C:/Temp/mistercore/MacLC_MiSTer/rtl/egret/m68hc05_core.sv Line: 130
Info (10041): Inferred latch for "mask0[0][4]" at m68hc05_core.sv(130) File: C:/Temp/mistercore/MacLC_MiSTer/rtl/egret/m68hc05_core.sv Line: 130
Info (10041): Inferred latch for "mask0[0][5]" at m68hc05_core.sv(130) File: C:/Temp/mistercore/MacLC_MiSTer/rtl/egret/m68hc05_core.sv Line: 130
Info (10041): Inferred latch for "mask0[0][6]" at m68hc05_core.sv(130) File: C:/Temp/mistercore/MacLC_MiSTer/rtl/egret/m68hc05_core.sv Line: 130
Info (10041): Inferred latch for "mask0[0][7]" at m68hc05_core.sv(130) File: C:/Temp/mistercore/MacLC_MiSTer/rtl/egret/m68hc05_core.sv Line: 130
Info (12128): Elaborating entity "mul8" for hierarchy "emu:emu|dataController_top:dataController|egret_wrapper:egret_inst|m68hc05_core:u_cpu|mul8:mul" File: C:/Temp/mistercore/MacLC_MiSTer/rtl/egret/m68hc05_core.sv Line: 92
Info (12128): Elaborating entity "add8c" for hierarchy "emu:emu|dataController_top:dataController|egret_wrapper:egret_inst|m68hc05_core:u_cpu|mul8:mul|add8c:st0" File: C:/Temp/mistercore/MacLC_MiSTer/rtl/egret/m68hc05_alu.sv Line: 66
Info (12128): Elaborating entity "fadd" for hierarchy "emu:emu|dataController_top:dataController|egret_wrapper:egret_inst|m68hc05_core:u_cpu|mul8:mul|add8c:st0|fadd:stage[0].sta" File: C:/Temp/mistercore/MacLC_MiSTer/rtl/egret/m68hc05_alu.sv Line: 50
Info (12128): Elaborating entity "add8" for hierarchy "emu:emu|dataController_top:dataController|egret_wrapper:egret_inst|m68hc05_core:u_cpu|mul8:mul|add8:final_add" File: C:/Temp/mistercore/MacLC_MiSTer/rtl/egret/m68hc05_alu.sv Line: 81
Info (12128): Elaborating entity "swim" for hierarchy "emu:emu|dataController_top:dataController|swim:sw" File: C:/Temp/mistercore/MacLC_MiSTer/rtl/dataController_top.sv Line: 967
Info (12128): Elaborating entity "floppy" for hierarchy "emu:emu|dataController_top:dataController|swim:sw|floppy:floppyInt" File: C:/Temp/mistercore/MacLC_MiSTer/rtl/swim.v Line: 179
Info (12128): Elaborating entity "floppy_track_encoder" for hierarchy "emu:emu|dataController_top:dataController|swim:sw|floppy:floppyInt|floppy_track_encoder:enc" File: C:/Temp/mistercore/MacLC_MiSTer/rtl/floppy.v Line: 175
Info (12128): Elaborating entity "mfm_track_encoder" for hierarchy "emu:emu|dataController_top:dataController|swim:sw|floppy:floppyInt|mfm_track_encoder:menc" File: C:/Temp/mistercore/MacLC_MiSTer/rtl/floppy.v Line: 197
Info (12128): Elaborating entity "scc" for hierarchy "emu:emu|dataController_top:dataController|scc:s" File: C:/Temp/mistercore/MacLC_MiSTer/rtl/dataController_top.sv Line: 991
Warning (10036): Verilog HDL or VHDL warning at scc.v(66): object "_unused_rtxc_en" assigned a value but never read File: C:/Temp/mistercore/MacLC_MiSTer/rtl/scc.v Line: 66
Warning (10036): Verilog HDL or VHDL warning at scc.v(143): object "wr8_a" assigned a value but never read File: C:/Temp/mistercore/MacLC_MiSTer/rtl/scc.v Line: 143
Warning (10036): Verilog HDL or VHDL warning at scc.v(144): object "wr8_b" assigned a value but never read File: C:/Temp/mistercore/MacLC_MiSTer/rtl/scc.v Line: 144
Warning (10036): Verilog HDL or VHDL warning at scc.v(193): object "wr8_wr_a" assigned a value but never read File: C:/Temp/mistercore/MacLC_MiSTer/rtl/scc.v Line: 193
Warning (10036): Verilog HDL or VHDL warning at scc.v(194): object "wr8_wr_b" assigned a value but never read File: C:/Temp/mistercore/MacLC_MiSTer/rtl/scc.v Line: 194
Warning (10036): Verilog HDL or VHDL warning at scc.v(1203): object "cts_interrupt" assigned a value but never read File: C:/Temp/mistercore/MacLC_MiSTer/rtl/scc.v Line: 1203
Warning (10036): Verilog HDL or VHDL warning at scc.v(1433): object "stop_bits_a" assigned a value but never read File: C:/Temp/mistercore/MacLC_MiSTer/rtl/scc.v Line: 1433
Warning (10036): Verilog HDL or VHDL warning at scc.v(1439): object "stop_bits_b" assigned a value but never read File: C:/Temp/mistercore/MacLC_MiSTer/rtl/scc.v Line: 1439
Warning (10036): Verilog HDL or VHDL warning at scc.v(1584): object "auto_echo_a" assigned a value but never read File: C:/Temp/mistercore/MacLC_MiSTer/rtl/scc.v Line: 1584
Warning (10036): Verilog HDL or VHDL warning at scc.v(1618): object "auto_echo_b" assigned a value but never read File: C:/Temp/mistercore/MacLC_MiSTer/rtl/scc.v Line: 1618
Warning (10036): Verilog HDL or VHDL warning at scc.v(1735): object "uart_tx_data_a" assigned a value but never read File: C:/Temp/mistercore/MacLC_MiSTer/rtl/scc.v Line: 1735
Warning (10036): Verilog HDL or VHDL warning at scc.v(1736): object "uart_tx_data_b" assigned a value but never read File: C:/Temp/mistercore/MacLC_MiSTer/rtl/scc.v Line: 1736
Warning (10230): Verilog HDL assignment warning at scc.v(259): truncated value with size 32 to match size of target (2) File: C:/Temp/mistercore/MacLC_MiSTer/rtl/scc.v Line: 259
Warning (10230): Verilog HDL assignment warning at scc.v(276): truncated value with size 32 to match size of target (2) File: C:/Temp/mistercore/MacLC_MiSTer/rtl/scc.v Line: 276
Warning (10230): Verilog HDL assignment warning at scc.v(472): truncated value with size 32 to match size of target (2) File: C:/Temp/mistercore/MacLC_MiSTer/rtl/scc.v Line: 472
Warning (10230): Verilog HDL assignment warning at scc.v(487): truncated value with size 32 to match size of target (2) File: C:/Temp/mistercore/MacLC_MiSTer/rtl/scc.v Line: 487
Info (12128): Elaborating entity "rxuart" for hierarchy "emu:emu|dataController_top:dataController|scc:s|rxuart:rxuart_a" File: C:/Temp/mistercore/MacLC_MiSTer/rtl/scc.v Line: 1817
Warning (10230): Verilog HDL assignment warning at rxuart.v(186): truncated value with size 32 to match size of target (28) File: C:/Temp/mistercore/MacLC_MiSTer/rtl/uart/rxuart.v Line: 186
Warning (10230): Verilog HDL assignment warning at rxuart.v(298): truncated value with size 32 to match size of target (4) File: C:/Temp/mistercore/MacLC_MiSTer/rtl/uart/rxuart.v Line: 298
Info (12128): Elaborating entity "txuart" for hierarchy "emu:emu|dataController_top:dataController|scc:s|txuart:txuart_a" File: C:/Temp/mistercore/MacLC_MiSTer/rtl/scc.v Line: 1840
Warning (10036): Verilog HDL or VHDL warning at txuart.v(405): object "unused" assigned a value but never read File: C:/Temp/mistercore/MacLC_MiSTer/rtl/uart/txuart.v Line: 405
Warning (10230): Verilog HDL assignment warning at txuart.v(220): truncated value with size 32 to match size of target (4) File: C:/Temp/mistercore/MacLC_MiSTer/rtl/uart/txuart.v Line: 220
Info (12128): Elaborating entity "ps2_mouse" for hierarchy "emu:emu|dataController_top:dataController|ps2_mouse:mouse" File: C:/Temp/mistercore/MacLC_MiSTer/rtl/dataController_top.sv Line: 1004
Info (12128): Elaborating entity "ps2_kbd" for hierarchy "emu:emu|dataController_top:dataController|ps2_kbd:kbd" File: C:/Temp/mistercore/MacLC_MiSTer/rtl/dataController_top.sv Line: 1022
Warning (10030): Net "code.data_a" at ps2_kbd.sv(130) has no driver or initial value, using a default initial value '0' File: C:/Temp/mistercore/MacLC_MiSTer/rtl/ps2_kbd.sv Line: 130
Warning (10030): Net "code.waddr_a" at ps2_kbd.sv(130) has no driver or initial value, using a default initial value '0' File: C:/Temp/mistercore/MacLC_MiSTer/rtl/ps2_kbd.sv Line: 130
Warning (10030): Net "code.we_a" at ps2_kbd.sv(130) has no driver or initial value, using a default initial value '0' File: C:/Temp/mistercore/MacLC_MiSTer/rtl/ps2_kbd.sv Line: 130
Info (12128): Elaborating entity "adb" for hierarchy "emu:emu|dataController_top:dataController|adb:adb" File: C:/Temp/mistercore/MacLC_MiSTer/rtl/dataController_top.sv Line: 1044
Info (12128): Elaborating entity "sdram" for hierarchy "emu:emu|sdram:sdram" File: C:/Temp/mistercore/MacLC_MiSTer/MacLC.sv Line: 1553
Warning (12030): Port "outclk" on the entity instantiation of "altera_pll_i" is connected to a signal of width 3. The formal width of the signal in the module is 2.  The extra bits will be left dangling without any fan-out logic. File: C:/Temp/mistercore/MacLC_MiSTer/rtl/pll/pll_0002.v Line: 91
Info (11170): Starting IP generation for the debug fabric: alt_sld_fab.
Info (11172): 2026.06.24.06:35:17 Progress: Loading sld76a2780c/alt_sld_fab_wrapper_hw.tcl
Info (11172): Alt_sld_fab.alt_sld_fab: SLD fabric agents which did not specify prefer_host were connected to JTAG
Info (11172): Alt_sld_fab: Generating alt_sld_fab "alt_sld_fab" for QUARTUS_SYNTH
Info (11172): Alt_sld_fab: "alt_sld_fab" instantiated alt_sld_fab "alt_sld_fab"
Info (11172): Presplit: "alt_sld_fab" instantiated altera_super_splitter "presplit"
Info (11172): Splitter: "alt_sld_fab" instantiated altera_sld_splitter "splitter"
Info (11172): Sldfabric: "alt_sld_fab" instantiated altera_sld_jtag_hub "sldfabric"
Info (11172): Ident: "alt_sld_fab" instantiated altera_connection_identification_hub "ident"
Info (11172): Alt_sld_fab: Done "alt_sld_fab" with 6 modules, 6 files
Info (11171): Finished IP generation for the debug fabric: alt_sld_fab.
Info (12021): Found 1 design units, including 1 entities, in source file db/ip/sld76a2780c/alt_sld_fab.v
    Info (12023): Found entity 1: alt_sld_fab File: C:/Temp/mistercore/MacLC_MiSTer/db/ip/sld76a2780c/alt_sld_fab.v Line: 9
Info (12021): Found 1 design units, including 1 entities, in source file db/ip/sld76a2780c/submodules/alt_sld_fab_alt_sld_fab.v
    Info (12023): Found entity 1: alt_sld_fab_alt_sld_fab File: C:/Temp/mistercore/MacLC_MiSTer/db/ip/sld76a2780c/submodules/alt_sld_fab_alt_sld_fab.v Line: 9
Info (12021): Found 1 design units, including 1 entities, in source file db/ip/sld76a2780c/submodules/alt_sld_fab_alt_sld_fab_ident.sv
    Info (12023): Found entity 1: alt_sld_fab_alt_sld_fab_ident File: C:/Temp/mistercore/MacLC_MiSTer/db/ip/sld76a2780c/submodules/alt_sld_fab_alt_sld_fab_ident.sv Line: 33
Info (12021): Found 1 design units, including 1 entities, in source file db/ip/sld76a2780c/submodules/alt_sld_fab_alt_sld_fab_presplit.sv
    Info (12023): Found entity 1: alt_sld_fab_alt_sld_fab_presplit File: C:/Temp/mistercore/MacLC_MiSTer/db/ip/sld76a2780c/submodules/alt_sld_fab_alt_sld_fab_presplit.sv Line: 3
Info (12021): Found 2 design units, including 1 entities, in source file db/ip/sld76a2780c/submodules/alt_sld_fab_alt_sld_fab_sldfabric.vhd
    Info (12022): Found design unit 1: alt_sld_fab_alt_sld_fab_sldfabric-rtl File: C:/Temp/mistercore/MacLC_MiSTer/db/ip/sld76a2780c/submodules/alt_sld_fab_alt_sld_fab_sldfabric.vhd Line: 1302
    Info (12023): Found entity 1: alt_sld_fab_alt_sld_fab_sldfabric File: C:/Temp/mistercore/MacLC_MiSTer/db/ip/sld76a2780c/submodules/alt_sld_fab_alt_sld_fab_sldfabric.vhd Line: 11
Info (12021): Found 1 design units, including 1 entities, in source file db/ip/sld76a2780c/submodules/alt_sld_fab_alt_sld_fab_splitter.sv
    Info (12023): Found entity 1: alt_sld_fab_alt_sld_fab_splitter File: C:/Temp/mistercore/MacLC_MiSTer/db/ip/sld76a2780c/submodules/alt_sld_fab_alt_sld_fab_splitter.sv Line: 3
Warning (14284): Synthesized away the following node(s):
    Warning (14285): Synthesized away the following LCELL buffer node(s):
        Warning (14320): Synthesized away node "pll_hdmi:pll_hdmi|pll_hdmi_0002:pll_hdmi_inst|altera_pll:altera_pll_i|cntsel_temp[4]" File: c:/intelfpga_lite/17.0/quartus/libraries/megafunctions/altera_pll.v Line: 425
        Warning (14320): Synthesized away node "pll_hdmi:pll_hdmi|pll_hdmi_0002:pll_hdmi_inst|altera_pll:altera_pll_i|cntsel_temp[3]" File: c:/intelfpga_lite/17.0/quartus/libraries/megafunctions/altera_pll.v Line: 425
        Warning (14320): Synthesized away node "pll_hdmi:pll_hdmi|pll_hdmi_0002:pll_hdmi_inst|altera_pll:altera_pll_i|cntsel_temp[2]" File: c:/intelfpga_lite/17.0/quartus/libraries/megafunctions/altera_pll.v Line: 425
        Warning (14320): Synthesized away node "pll_hdmi:pll_hdmi|pll_hdmi_0002:pll_hdmi_inst|altera_pll:altera_pll_i|cntsel_temp[1]" File: c:/intelfpga_lite/17.0/quartus/libraries/megafunctions/altera_pll.v Line: 425
        Warning (14320): Synthesized away node "pll_hdmi:pll_hdmi|pll_hdmi_0002:pll_hdmi_inst|altera_pll:altera_pll_i|cntsel_temp[0]" File: c:/intelfpga_lite/17.0/quartus/libraries/megafunctions/altera_pll.v Line: 425
        Warning (14320): Synthesized away node "pll_hdmi:pll_hdmi|pll_hdmi_0002:pll_hdmi_inst|altera_pll:altera_pll_i|gnd" File: c:/intelfpga_lite/17.0/quartus/libraries/megafunctions/altera_pll.v Line: 427
Info (19018): Gated clocks are found and converted to use clock enables
    Info (19019): Convert gated clock comb~synth
Info (286031): Timing-Driven Synthesis is running on partition "Top"
Warning (276020): Inferred RAM node "emu:emu|dataController_top:dataController|swim:sw|ism_param_rtl_0" from synchronous design logic.  Pass-through logic has been added to match the read-during-write behavior of the original design.
Warning (276020): Inferred RAM node "emu:emu|dataController_top:dataController|adb_device:adb_dev|kbdFifo_rtl_0" from synchronous design logic.  Pass-through logic has been added to match the read-during-write behavior of the original design.
Warning (276020): Inferred RAM node "emu:emu|tg68k:tg68k|TG68KdotC_Kernel:tg68k|regfile_rtl_0" from synchronous design logic.  Pass-through logic has been added to match the read-during-write behavior of the original design.
Warning (276020): Inferred RAM node "emu:emu|tg68k:tg68k|TG68KdotC_Kernel:tg68k|regfile_rtl_1" from synchronous design logic.  Pass-through logic has been added to match the read-during-write behavior of the original design.
Info (276014): Found 3 instances of uninferred RAM logic
    Info (276007): RAM logic "emu:emu|dataController_top:dataController|egret_wrapper:egret_inst|rom" is uninferred due to asynchronous read logic File: C:/Temp/mistercore/MacLC_MiSTer/rtl/egret/egret_wrapper.sv Line: 124
    Info (276007): RAM logic "emu:emu|dataController_top:dataController|adb_device:adb_dev|kbdFifo" is uninferred due to asynchronous read logic File: C:/Temp/mistercore/MacLC_MiSTer/rtl/adb_device.sv Line: 51
    Info (276007): RAM logic "emu:emu|ariel_ramdac:ariel|palette" is uninferred due to asynchronous read logic File: C:/Temp/mistercore/MacLC_MiSTer/rtl/ariel_ramdac.sv Line: 48
Warning (127007): Memory Initialization File or Hexadecimal (Intel-Format) File "C:/Temp/mistercore/MacLC_MiSTer/db/MacLC.ram0_egret_wrapper_7790ea81.hdl.mif" contains "don't care" values -- overwriting them with 0s
Warning (13046): Tri-state node(s) do not directly drive top-level pin(s)
    Warning (13049): Converted tri-state buffer "emu:emu|SD_CS" feeding internal logic into a wire File: C:/Temp/mistercore/MacLC_MiSTer/sys/emu_ports.vh Line: 95
Info (19000): Inferred 37 megafunctions from design logic
    Info (276038): Inferred altdpram megafunction from the following logic: "emu:emu|maclc_v8_video:v8_video|linebuf_rtl_0" 
        Info (286033): Parameter WIDTH set to 16
        Info (286033): Parameter WIDTHAD set to 10
        Info (286033): Parameter NUMWORDS set to 1024
        Info (286033): Parameter WRADDRESS_REG set to INCLOCK
        Info (286033): Parameter WRADDRESS_ACLR set to OFF
        Info (286033): Parameter WRCONTROL_REG set to INCLOCK
        Info (286033): Parameter WRCONTROL_ACLR set to OFF
        Info (286033): Parameter RDADDRESS_REG set to OUTCLOCK
        Info (286033): Parameter RDADDRESS_ACLR set to OFF
        Info (286033): Parameter RDCONTROL_REG set to UNREGISTERED
        Info (286033): Parameter RDCONTROL_ACLR set to OFF
        Info (286033): Parameter INDATA_REG set to INCLOCK
        Info (286033): Parameter INDATA_ACLR set to OFF
        Info (286033): Parameter OUTDATA_REG set to UNREGISTERED
        Info (286033): Parameter OUTDATA_ACLR set to OFF
        Info (286033): Parameter LPM_FILE set to UNUSED
        Info (286033): Parameter RAM_BLOCK_TYPE set to LUTRAM
    Info (276029): Inferred altsyncram megafunction from the following design logic: "emu:emu|dataController_top:dataController|swim:sw|ism_param_rtl_0" 
        Info (286033): Parameter OPERATION_MODE set to DUAL_PORT
        Info (286033): Parameter WIDTH_A set to 8
        Info (286033): Parameter WIDTHAD_A set to 4
        Info (286033): Parameter NUMWORDS_A set to 16
        Info (286033): Parameter WIDTH_B set to 8
        Info (286033): Parameter WIDTHAD_B set to 4
        Info (286033): Parameter NUMWORDS_B set to 16
        Info (286033): Parameter ADDRESS_ACLR_A set to NONE
        Info (286033): Parameter OUTDATA_REG_B set to UNREGISTERED
        Info (286033): Parameter ADDRESS_ACLR_B set to NONE
        Info (286033): Parameter OUTDATA_ACLR_B set to NONE
        Info (286033): Parameter ADDRESS_REG_B set to CLOCK0
        Info (286033): Parameter INDATA_ACLR_A set to NONE
        Info (286033): Parameter WRCONTROL_ACLR_A set to NONE
    Info (276029): Inferred altsyncram megafunction from the following design logic: "emu:emu|dataController_top:dataController|adb_device:adb_dev|kbdFifo_rtl_0" 
        Info (286033): Parameter OPERATION_MODE set to DUAL_PORT
        Info (286033): Parameter WIDTH_A set to 8
        Info (286033): Parameter WIDTHAD_A set to 3
        Info (286033): Parameter NUMWORDS_A set to 8
        Info (286033): Parameter WIDTH_B set to 8
        Info (286033): Parameter WIDTHAD_B set to 3
        Info (286033): Parameter NUMWORDS_B set to 8
        Info (286033): Parameter ADDRESS_ACLR_A set to NONE
        Info (286033): Parameter OUTDATA_REG_B set to UNREGISTERED
        Info (286033): Parameter ADDRESS_ACLR_B set to NONE
        Info (286033): Parameter OUTDATA_ACLR_B set to NONE
        Info (286033): Parameter ADDRESS_REG_B set to CLOCK0
        Info (286033): Parameter INDATA_ACLR_A set to NONE
        Info (286033): Parameter WRCONTROL_ACLR_A set to NONE
        Info (286033): Parameter READ_DURING_WRITE_MODE_MIXED_PORTS set to OLD_DATA
    Info (276029): Inferred altsyncram megafunction from the following design logic: "emu:emu|dataController_top:dataController|ncr5380:scsi|scsi:target[1].target|scsi_dpram:buffer1|ram_ab_rtl_0" 
        Info (286033): Parameter OPERATION_MODE set to BIDIR_DUAL_PORT
        Info (286033): Parameter WIDTH_A set to 8
        Info (286033): Parameter WIDTH_B set to 8
        Info (286033): Parameter WIDTHAD_A set to 13
        Info (286033): Parameter WIDTHAD_B set to 13
        Info (286033): Parameter NUMWORDS_A set to 8192
        Info (286033): Parameter NUMWORDS_B set to 8192
        Info (286033): Parameter OUTDATA_REG_A set to UNREGISTERED
        Info (286033): Parameter OUTDATA_REG_B set to UNREGISTERED
        Info (286033): Parameter ADDRESS_REG_B set to CLOCK0
        Info (286033): Parameter INDATA_REG_B set to CLOCK0
        Info (286033): Parameter WRCONTROL_WRADDRESS_REG_B set to CLOCK0
        Info (286033): Parameter INDATA_ACLR_A set to NONE
        Info (286033): Parameter WRCONTROL_ACLR_A set to NONE
        Info (286033): Parameter ADDRESS_ACLR_A set to NONE
        Info (286033): Parameter ADDRESS_ACLR_B set to NONE
        Info (286033): Parameter OUTDATA_ACLR_B set to NONE
        Info (286033): Parameter READ_DURING_WRITE_MODE_MIXED_PORTS set to OLD_DATA
    Info (276029): Inferred altsyncram megafunction from the following design logic: "emu:emu|dataController_top:dataController|ncr5380:scsi|scsi:target[1].target|scsi_dpram:buffer1|ram_c_rtl_0" 
        Info (286033): Parameter OPERATION_MODE set to DUAL_PORT
        Info (286033): Parameter WIDTH_A set to 8
        Info (286033): Parameter WIDTHAD_A set to 13
        Info (286033): Parameter NUMWORDS_A set to 8192
        Info (286033): Parameter WIDTH_B set to 8
        Info (286033): Parameter WIDTHAD_B set to 13
        Info (286033): Parameter NUMWORDS_B set to 8192
        Info (286033): Parameter ADDRESS_ACLR_A set to NONE
        Info (286033): Parameter OUTDATA_REG_B set to UNREGISTERED
        Info (286033): Parameter ADDRESS_ACLR_B set to NONE
        Info (286033): Parameter OUTDATA_ACLR_B set to NONE
        Info (286033): Parameter ADDRESS_REG_B set to CLOCK0
        Info (286033): Parameter INDATA_ACLR_A set to NONE
        Info (286033): Parameter WRCONTROL_ACLR_A set to NONE
        Info (286033): Parameter READ_DURING_WRITE_MODE_MIXED_PORTS set to OLD_DATA
    Info (276029): Inferred altsyncram megafunction from the following design logic: "emu:emu|dataController_top:dataController|ncr5380:scsi|scsi:target[1].target|scsi_dpram:buffer0|ram_ab_rtl_0" 
        Info (286033): Parameter OPERATION_MODE set to BIDIR_DUAL_PORT
        Info (286033): Parameter WIDTH_A set to 8
        Info (286033): Parameter WIDTH_B set to 8
        Info (286033): Parameter WIDTHAD_A set to 13
        Info (286033): Parameter WIDTHAD_B set to 13
        Info (286033): Parameter NUMWORDS_A set to 8192
        Info (286033): Parameter NUMWORDS_B set to 8192
        Info (286033): Parameter OUTDATA_REG_A set to UNREGISTERED
        Info (286033): Parameter OUTDATA_REG_B set to UNREGISTERED
        Info (286033): Parameter ADDRESS_REG_B set to CLOCK0
        Info (286033): Parameter INDATA_REG_B set to CLOCK0
        Info (286033): Parameter WRCONTROL_WRADDRESS_REG_B set to CLOCK0
        Info (286033): Parameter INDATA_ACLR_A set to NONE
        Info (286033): Parameter WRCONTROL_ACLR_A set to NONE
        Info (286033): Parameter ADDRESS_ACLR_A set to NONE
        Info (286033): Parameter ADDRESS_ACLR_B set to NONE
        Info (286033): Parameter OUTDATA_ACLR_B set to NONE
        Info (286033): Parameter READ_DURING_WRITE_MODE_MIXED_PORTS set to OLD_DATA
    Info (276029): Inferred altsyncram megafunction from the following design logic: "emu:emu|dataController_top:dataController|ncr5380:scsi|scsi:target[1].target|scsi_dpram:buffer0|ram_c_rtl_0" 
        Info (286033): Parameter OPERATION_MODE set to DUAL_PORT
        Info (286033): Parameter WIDTH_A set to 8
        Info (286033): Parameter WIDTHAD_A set to 13
        Info (286033): Parameter NUMWORDS_A set to 8192
        Info (286033): Parameter WIDTH_B set to 8
        Info (286033): Parameter WIDTHAD_B set to 13
        Info (286033): Parameter NUMWORDS_B set to 8192
        Info (286033): Parameter ADDRESS_ACLR_A set to NONE
        Info (286033): Parameter OUTDATA_REG_B set to UNREGISTERED
        Info (286033): Parameter ADDRESS_ACLR_B set to NONE
        Info (286033): Parameter OUTDATA_ACLR_B set to NONE
        Info (286033): Parameter ADDRESS_REG_B set to CLOCK0
        Info (286033): Parameter INDATA_ACLR_A set to NONE
        Info (286033): Parameter WRCONTROL_ACLR_A set to NONE
        Info (286033): Parameter READ_DURING_WRITE_MODE_MIXED_PORTS set to OLD_DATA
    Info (276029): Inferred altsyncram megafunction from the following design logic: "emu:emu|dataController_top:dataController|ncr5380:scsi|scsi:target[1].target|scsi_dpram:buffer0|ram_d_rtl_0" 
        Info (286033): Parameter OPERATION_MODE set to DUAL_PORT
        Info (286033): Parameter WIDTH_A set to 8
        Info (286033): Parameter WIDTHAD_A set to 13
        Info (286033): Parameter NUMWORDS_A set to 8192
        Info (286033): Parameter WIDTH_B set to 8
        Info (286033): Parameter WIDTHAD_B set to 13
        Info (286033): Parameter NUMWORDS_B set to 8192
        Info (286033): Parameter ADDRESS_ACLR_A set to NONE
        Info (286033): Parameter OUTDATA_REG_B set to UNREGISTERED
        Info (286033): Parameter ADDRESS_ACLR_B set to NONE
        Info (286033): Parameter OUTDATA_ACLR_B set to NONE
        Info (286033): Parameter ADDRESS_REG_B set to CLOCK0
        Info (286033): Parameter INDATA_ACLR_A set to NONE
        Info (286033): Parameter WRCONTROL_ACLR_A set to NONE
        Info (286033): Parameter READ_DURING_WRITE_MODE_MIXED_PORTS set to OLD_DATA
    Info (276029): Inferred altsyncram megafunction from the following design logic: "emu:emu|dataController_top:dataController|ncr5380:scsi|scsi:target[0].target|scsi_dpram:tb_buf1|ram_ab_rtl_0" 
        Info (286033): Parameter OPERATION_MODE set to BIDIR_DUAL_PORT
        Info (286033): Parameter WIDTH_A set to 8
        Info (286033): Parameter WIDTH_B set to 8
        Info (286033): Parameter WIDTHAD_A set to 8
        Info (286033): Parameter WIDTHAD_B set to 8
        Info (286033): Parameter NUMWORDS_A set to 256
        Info (286033): Parameter NUMWORDS_B set to 256
        Info (286033): Parameter OUTDATA_REG_A set to UNREGISTERED
        Info (286033): Parameter OUTDATA_REG_B set to UNREGISTERED
        Info (286033): Parameter ADDRESS_REG_B set to CLOCK0
        Info (286033): Parameter INDATA_REG_B set to CLOCK0
        Info (286033): Parameter WRCONTROL_WRADDRESS_REG_B set to CLOCK0
        Info (286033): Parameter INDATA_ACLR_A set to NONE
        Info (286033): Parameter WRCONTROL_ACLR_A set to NONE
        Info (286033): Parameter ADDRESS_ACLR_A set to NONE
        Info (286033): Parameter ADDRESS_ACLR_B set to NONE
        Info (286033): Parameter OUTDATA_ACLR_B set to NONE
        Info (286033): Parameter READ_DURING_WRITE_MODE_MIXED_PORTS set to OLD_DATA
    Info (276029): Inferred altsyncram megafunction from the following design logic: "emu:emu|dataController_top:dataController|ncr5380:scsi|scsi:target[0].target|scsi_dpram:tb_buf1|ram_c_rtl_0" 
        Info (286033): Parameter OPERATION_MODE set to DUAL_PORT
        Info (286033): Parameter WIDTH_A set to 8
        Info (286033): Parameter WIDTHAD_A set to 8
        Info (286033): Parameter NUMWORDS_A set to 256
        Info (286033): Parameter WIDTH_B set to 8
        Info (286033): Parameter WIDTHAD_B set to 8
        Info (286033): Parameter NUMWORDS_B set to 256
        Info (286033): Parameter ADDRESS_ACLR_A set to NONE
        Info (286033): Parameter OUTDATA_REG_B set to UNREGISTERED
        Info (286033): Parameter ADDRESS_ACLR_B set to NONE
        Info (286033): Parameter OUTDATA_ACLR_B set to NONE
        Info (286033): Parameter ADDRESS_REG_B set to CLOCK0
        Info (286033): Parameter INDATA_ACLR_A set to NONE
        Info (286033): Parameter WRCONTROL_ACLR_A set to NONE
        Info (286033): Parameter READ_DURING_WRITE_MODE_MIXED_PORTS set to OLD_DATA
    Info (276029): Inferred altsyncram megafunction from the following design logic: "emu:emu|dataController_top:dataController|ncr5380:scsi|scsi:target[0].target|scsi_dpram:tb_buf0|ram_ab_rtl_0" 
        Info (286033): Parameter OPERATION_MODE set to BIDIR_DUAL_PORT
        Info (286033): Parameter WIDTH_A set to 8
        Info (286033): Parameter WIDTH_B set to 8
        Info (286033): Parameter WIDTHAD_A set to 8
        Info (286033): Parameter WIDTHAD_B set to 8
        Info (286033): Parameter NUMWORDS_A set to 256
        Info (286033): Parameter NUMWORDS_B set to 256
        Info (286033): Parameter OUTDATA_REG_A set to UNREGISTERED
        Info (286033): Parameter OUTDATA_REG_B set to UNREGISTERED
        Info (286033): Parameter ADDRESS_REG_B set to CLOCK0
        Info (286033): Parameter INDATA_REG_B set to CLOCK0
        Info (286033): Parameter WRCONTROL_WRADDRESS_REG_B set to CLOCK0
        Info (286033): Parameter INDATA_ACLR_A set to NONE
        Info (286033): Parameter WRCONTROL_ACLR_A set to NONE
        Info (286033): Parameter ADDRESS_ACLR_A set to NONE
        Info (286033): Parameter ADDRESS_ACLR_B set to NONE
        Info (286033): Parameter OUTDATA_ACLR_B set to NONE
        Info (286033): Parameter READ_DURING_WRITE_MODE_MIXED_PORTS set to OLD_DATA
    Info (276029): Inferred altsyncram megafunction from the following design logic: "emu:emu|dataController_top:dataController|ncr5380:scsi|scsi:target[0].target|scsi_dpram:tb_buf0|ram_c_rtl_0" 
        Info (286033): Parameter OPERATION_MODE set to DUAL_PORT
        Info (286033): Parameter WIDTH_A set to 8
        Info (286033): Parameter WIDTHAD_A set to 8
        Info (286033): Parameter NUMWORDS_A set to 256
        Info (286033): Parameter WIDTH_B set to 8
        Info (286033): Parameter WIDTHAD_B set to 8
        Info (286033): Parameter NUMWORDS_B set to 256
        Info (286033): Parameter ADDRESS_ACLR_A set to NONE
        Info (286033): Parameter OUTDATA_REG_B set to UNREGISTERED
        Info (286033): Parameter ADDRESS_ACLR_B set to NONE
        Info (286033): Parameter OUTDATA_ACLR_B set to NONE
        Info (286033): Parameter ADDRESS_REG_B set to CLOCK0
        Info (286033): Parameter INDATA_ACLR_A set to NONE
        Info (286033): Parameter WRCONTROL_ACLR_A set to NONE
        Info (286033): Parameter READ_DURING_WRITE_MODE_MIXED_PORTS set to OLD_DATA
    Info (276029): Inferred altsyncram megafunction from the following design logic: "emu:emu|dataController_top:dataController|ncr5380:scsi|scsi:target[0].target|scsi_dpram:tb_buf0|ram_d_rtl_0" 
        Info (286033): Parameter OPERATION_MODE set to DUAL_PORT
        Info (286033): Parameter WIDTH_A set to 8
        Info (286033): Parameter WIDTHAD_A set to 8
        Info (286033): Parameter NUMWORDS_A set to 256
        Info (286033): Parameter WIDTH_B set to 8
        Info (286033): Parameter WIDTHAD_B set to 8
        Info (286033): Parameter NUMWORDS_B set to 256
        Info (286033): Parameter ADDRESS_ACLR_A set to NONE
        Info (286033): Parameter OUTDATA_REG_B set to UNREGISTERED
        Info (286033): Parameter ADDRESS_ACLR_B set to NONE
        Info (286033): Parameter OUTDATA_ACLR_B set to NONE
        Info (286033): Parameter ADDRESS_REG_B set to CLOCK0
        Info (286033): Parameter INDATA_ACLR_A set to NONE
        Info (286033): Parameter WRCONTROL_ACLR_A set to NONE
        Info (286033): Parameter READ_DURING_WRITE_MODE_MIXED_PORTS set to OLD_DATA
    Info (276029): Inferred altsyncram megafunction from the following design logic: "emu:emu|dataController_top:dataController|ncr5380:scsi|scsi:target[0].target|scsi_dpram:buffer1|ram_ab_rtl_0" 
        Info (286033): Parameter OPERATION_MODE set to BIDIR_DUAL_PORT
        Info (286033): Parameter WIDTH_A set to 8
        Info (286033): Parameter WIDTH_B set to 8
        Info (286033): Parameter WIDTHAD_A set to 13
        Info (286033): Parameter WIDTHAD_B set to 13
        Info (286033): Parameter NUMWORDS_A set to 8192
        Info (286033): Parameter NUMWORDS_B set to 8192
        Info (286033): Parameter OUTDATA_REG_A set to UNREGISTERED
        Info (286033): Parameter OUTDATA_REG_B set to UNREGISTERED
        Info (286033): Parameter ADDRESS_REG_B set to CLOCK0
        Info (286033): Parameter INDATA_REG_B set to CLOCK0
        Info (286033): Parameter WRCONTROL_WRADDRESS_REG_B set to CLOCK0
        Info (286033): Parameter INDATA_ACLR_A set to NONE
        Info (286033): Parameter WRCONTROL_ACLR_A set to NONE
        Info (286033): Parameter ADDRESS_ACLR_A set to NONE
        Info (286033): Parameter ADDRESS_ACLR_B set to NONE
        Info (286033): Parameter OUTDATA_ACLR_B set to NONE
        Info (286033): Parameter READ_DURING_WRITE_MODE_MIXED_PORTS set to OLD_DATA
    Info (276029): Inferred altsyncram megafunction from the following design logic: "emu:emu|dataController_top:dataController|ncr5380:scsi|scsi:target[0].target|scsi_dpram:buffer1|ram_c_rtl_0" 
        Info (286033): Parameter OPERATION_MODE set to DUAL_PORT
        Info (286033): Parameter WIDTH_A set to 8
        Info (286033): Parameter WIDTHAD_A set to 13
        Info (286033): Parameter NUMWORDS_A set to 8192
        Info (286033): Parameter WIDTH_B set to 8
        Info (286033): Parameter WIDTHAD_B set to 13
        Info (286033): Parameter NUMWORDS_B set to 8192
        Info (286033): Parameter ADDRESS_ACLR_A set to NONE
        Info (286033): Parameter OUTDATA_REG_B set to UNREGISTERED
        Info (286033): Parameter ADDRESS_ACLR_B set to NONE
        Info (286033): Parameter OUTDATA_ACLR_B set to NONE
        Info (286033): Parameter ADDRESS_REG_B set to CLOCK0
        Info (286033): Parameter INDATA_ACLR_A set to NONE
        Info (286033): Parameter WRCONTROL_ACLR_A set to NONE
        Info (286033): Parameter READ_DURING_WRITE_MODE_MIXED_PORTS set to OLD_DATA
    Info (276029): Inferred altsyncram megafunction from the following design logic: "emu:emu|dataController_top:dataController|ncr5380:scsi|scsi:target[0].target|scsi_dpram:buffer0|ram_ab_rtl_0" 
        Info (286033): Parameter OPERATION_MODE set to BIDIR_DUAL_PORT
        Info (286033): Parameter WIDTH_A set to 8
        Info (286033): Parameter WIDTH_B set to 8
        Info (286033): Parameter WIDTHAD_A set to 13
        Info (286033): Parameter WIDTHAD_B set to 13
        Info (286033): Parameter NUMWORDS_A set to 8192
        Info (286033): Parameter NUMWORDS_B set to 8192
        Info (286033): Parameter OUTDATA_REG_A set to UNREGISTERED
        Info (286033): Parameter OUTDATA_REG_B set to UNREGISTERED
        Info (286033): Parameter ADDRESS_REG_B set to CLOCK0
        Info (286033): Parameter INDATA_REG_B set to CLOCK0
        Info (286033): Parameter WRCONTROL_WRADDRESS_REG_B set to CLOCK0
        Info (286033): Parameter INDATA_ACLR_A set to NONE
        Info (286033): Parameter WRCONTROL_ACLR_A set to NONE
        Info (286033): Parameter ADDRESS_ACLR_A set to NONE
        Info (286033): Parameter ADDRESS_ACLR_B set to NONE
        Info (286033): Parameter OUTDATA_ACLR_B set to NONE
        Info (286033): Parameter READ_DURING_WRITE_MODE_MIXED_PORTS set to OLD_DATA
    Info (276029): Inferred altsyncram megafunction from the following design logic: "emu:emu|dataController_top:dataController|ncr5380:scsi|scsi:target[0].target|scsi_dpram:buffer0|ram_c_rtl_0" 
        Info (286033): Parameter OPERATION_MODE set to DUAL_PORT
        Info (286033): Parameter WIDTH_A set to 8
        Info (286033): Parameter WIDTHAD_A set to 13
        Info (286033): Parameter NUMWORDS_A set to 8192
        Info (286033): Parameter WIDTH_B set to 8
        Info (286033): Parameter WIDTHAD_B set to 13
        Info (286033): Parameter NUMWORDS_B set to 8192
        Info (286033): Parameter ADDRESS_ACLR_A set to NONE
        Info (286033): Parameter OUTDATA_REG_B set to UNREGISTERED
        Info (286033): Parameter ADDRESS_ACLR_B set to NONE
        Info (286033): Parameter OUTDATA_ACLR_B set to NONE
        Info (286033): Parameter ADDRESS_REG_B set to CLOCK0
        Info (286033): Parameter INDATA_ACLR_A set to NONE
        Info (286033): Parameter WRCONTROL_ACLR_A set to NONE
        Info (286033): Parameter READ_DURING_WRITE_MODE_MIXED_PORTS set to OLD_DATA
    Info (276029): Inferred altsyncram megafunction from the following design logic: "emu:emu|dataController_top:dataController|ncr5380:scsi|scsi:target[0].target|scsi_dpram:buffer0|ram_d_rtl_0" 
        Info (286033): Parameter OPERATION_MODE set to DUAL_PORT
        Info (286033): Parameter WIDTH_A set to 8
        Info (286033): Parameter WIDTHAD_A set to 13
        Info (286033): Parameter NUMWORDS_A set to 8192
        Info (286033): Parameter WIDTH_B set to 8
        Info (286033): Parameter WIDTHAD_B set to 13
        Info (286033): Parameter NUMWORDS_B set to 8192
        Info (286033): Parameter ADDRESS_ACLR_A set to NONE
        Info (286033): Parameter OUTDATA_REG_B set to UNREGISTERED
        Info (286033): Parameter ADDRESS_ACLR_B set to NONE
        Info (286033): Parameter OUTDATA_ACLR_B set to NONE
        Info (286033): Parameter ADDRESS_REG_B set to CLOCK0
        Info (286033): Parameter INDATA_ACLR_A set to NONE
        Info (286033): Parameter WRCONTROL_ACLR_A set to NONE
        Info (286033): Parameter READ_DURING_WRITE_MODE_MIXED_PORTS set to OLD_DATA
    Info (276029): Inferred altsyncram megafunction from the following design logic: "emu:emu|vram_bram:vram_fb|mem_lo_rtl_0" 
        Info (286033): Parameter OPERATION_MODE set to DUAL_PORT
        Info (286033): Parameter WIDTH_A set to 8
        Info (286033): Parameter WIDTHAD_A set to 18
        Info (286033): Parameter NUMWORDS_A set to 196608
        Info (286033): Parameter WIDTH_B set to 8
        Info (286033): Parameter WIDTHAD_B set to 18
        Info (286033): Parameter NUMWORDS_B set to 196608
        Info (286033): Parameter ADDRESS_ACLR_A set to NONE
        Info (286033): Parameter OUTDATA_REG_B set to UNREGISTERED
        Info (286033): Parameter ADDRESS_ACLR_B set to NONE
        Info (286033): Parameter OUTDATA_ACLR_B set to NONE
        Info (286033): Parameter ADDRESS_REG_B set to CLOCK0
        Info (286033): Parameter INDATA_ACLR_A set to NONE
        Info (286033): Parameter WRCONTROL_ACLR_A set to NONE
        Info (286033): Parameter RAM_BLOCK_TYPE set to M10K
    Info (276029): Inferred altsyncram megafunction from the following design logic: "emu:emu|vram_bram:vram_fb|mem_hi_rtl_0" 
        Info (286033): Parameter OPERATION_MODE set to DUAL_PORT
        Info (286033): Parameter WIDTH_A set to 8
        Info (286033): Parameter WIDTHAD_A set to 18
        Info (286033): Parameter NUMWORDS_A set to 196608
        Info (286033): Parameter WIDTH_B set to 8
        Info (286033): Parameter WIDTHAD_B set to 18
        Info (286033): Parameter NUMWORDS_B set to 196608
        Info (286033): Parameter ADDRESS_ACLR_A set to NONE
        Info (286033): Parameter OUTDATA_REG_B set to UNREGISTERED
        Info (286033): Parameter ADDRESS_ACLR_B set to NONE
        Info (286033): Parameter OUTDATA_ACLR_B set to NONE
        Info (286033): Parameter ADDRESS_REG_B set to CLOCK0
        Info (286033): Parameter INDATA_ACLR_A set to NONE
        Info (286033): Parameter WRCONTROL_ACLR_A set to NONE
        Info (286033): Parameter RAM_BLOCK_TYPE set to M10K
    Info (276029): Inferred altsyncram megafunction from the following design logic: "emu:emu|ariel_ramdac:ariel|palette_rtl_0" 
        Info (286033): Parameter OPERATION_MODE set to DUAL_PORT
        Info (286033): Parameter WIDTH_A set to 24
        Info (286033): Parameter WIDTHAD_A set to 8
        Info (286033): Parameter NUMWORDS_A set to 256
        Info (286033): Parameter WIDTH_B set to 24
        Info (286033): Parameter WIDTHAD_B set to 8
        Info (286033): Parameter NUMWORDS_B set to 256
        Info (286033): Parameter ADDRESS_ACLR_A set to NONE
        Info (286033): Parameter OUTDATA_REG_B set to UNREGISTERED
        Info (286033): Parameter ADDRESS_ACLR_B set to NONE
        Info (286033): Parameter OUTDATA_ACLR_B set to NONE
        Info (286033): Parameter ADDRESS_REG_B set to CLOCK0
        Info (286033): Parameter INDATA_ACLR_A set to NONE
        Info (286033): Parameter WRCONTROL_ACLR_A set to NONE
        Info (286033): Parameter RAM_BLOCK_TYPE set to M10K
        Info (286033): Parameter READ_DURING_WRITE_MODE_MIXED_PORTS set to OLD_DATA
    Info (276029): Inferred altsyncram megafunction from the following design logic: "emu:emu|tg68k:tg68k|TG68KdotC_Kernel:tg68k|regfile_rtl_0" 
        Info (286033): Parameter OPERATION_MODE set to DUAL_PORT
        Info (286033): Parameter WIDTH_A set to 32
        Info (286033): Parameter WIDTHAD_A set to 4
        Info (286033): Parameter NUMWORDS_A set to 16
        Info (286033): Parameter WIDTH_B set to 32
        Info (286033): Parameter WIDTHAD_B set to 4
        Info (286033): Parameter NUMWORDS_B set to 16
        Info (286033): Parameter ADDRESS_ACLR_A set to NONE
        Info (286033): Parameter OUTDATA_REG_B set to UNREGISTERED
        Info (286033): Parameter ADDRESS_ACLR_B set to NONE
        Info (286033): Parameter OUTDATA_ACLR_B set to NONE
        Info (286033): Parameter ADDRESS_REG_B set to CLOCK0
        Info (286033): Parameter INDATA_ACLR_A set to NONE
        Info (286033): Parameter WRCONTROL_ACLR_A set to NONE
        Info (286033): Parameter INIT_FILE set to db/MacLC.ram0_TG68KdotC_Kernel_dd034617.hdl.mif
    Info (276029): Inferred altsyncram megafunction from the following design logic: "emu:emu|tg68k:tg68k|TG68KdotC_Kernel:tg68k|regfile_rtl_1" 
        Info (286033): Parameter OPERATION_MODE set to DUAL_PORT
        Info (286033): Parameter WIDTH_A set to 32
        Info (286033): Parameter WIDTHAD_A set to 4
        Info (286033): Parameter NUMWORDS_A set to 16
        Info (286033): Parameter WIDTH_B set to 32
        Info (286033): Parameter WIDTHAD_B set to 4
        Info (286033): Parameter NUMWORDS_B set to 16
        Info (286033): Parameter ADDRESS_ACLR_A set to NONE
        Info (286033): Parameter OUTDATA_REG_B set to UNREGISTERED
        Info (286033): Parameter ADDRESS_ACLR_B set to NONE
        Info (286033): Parameter OUTDATA_ACLR_B set to NONE
        Info (286033): Parameter ADDRESS_REG_B set to CLOCK0
        Info (286033): Parameter INDATA_ACLR_A set to NONE
        Info (286033): Parameter WRCONTROL_ACLR_A set to NONE
        Info (286033): Parameter INIT_FILE set to db/MacLC.ram0_TG68KdotC_Kernel_dd034617.hdl.mif
    Info (276029): Inferred altsyncram megafunction from the following design logic: "osd:vga_osd|osd_buffer_rtl_0" 
        Info (286033): Parameter OPERATION_MODE set to DUAL_PORT
        Info (286033): Parameter WIDTH_A set to 8
        Info (286033): Parameter WIDTHAD_A set to 12
        Info (286033): Parameter NUMWORDS_A set to 4096
        Info (286033): Parameter WIDTH_B set to 8
        Info (286033): Parameter WIDTHAD_B set to 12
        Info (286033): Parameter NUMWORDS_B set to 4096
        Info (286033): Parameter ADDRESS_ACLR_A set to NONE
        Info (286033): Parameter OUTDATA_REG_B set to UNREGISTERED
        Info (286033): Parameter ADDRESS_ACLR_B set to NONE
        Info (286033): Parameter OUTDATA_ACLR_B set to NONE
        Info (286033): Parameter ADDRESS_REG_B set to CLOCK0
        Info (286033): Parameter INDATA_ACLR_A set to NONE
        Info (286033): Parameter WRCONTROL_ACLR_A set to NONE
        Info (286033): Parameter RDCONTROL_REG_B set to CLOCK0
    Info (276029): Inferred altsyncram megafunction from the following design logic: "osd:hdmi_osd|osd_buffer_rtl_0" 
        Info (286033): Parameter OPERATION_MODE set to DUAL_PORT
        Info (286033): Parameter WIDTH_A set to 8
        Info (286033): Parameter WIDTHAD_A set to 12
        Info (286033): Parameter NUMWORDS_A set to 4096
        Info (286033): Parameter WIDTH_B set to 8
        Info (286033): Parameter WIDTHAD_B set to 12
        Info (286033): Parameter NUMWORDS_B set to 4096
        Info (286033): Parameter ADDRESS_ACLR_A set to NONE
        Info (286033): Parameter OUTDATA_REG_B set to UNREGISTERED
        Info (286033): Parameter ADDRESS_ACLR_B set to NONE
        Info (286033): Parameter OUTDATA_ACLR_B set to NONE
        Info (286033): Parameter ADDRESS_REG_B set to CLOCK1
        Info (286033): Parameter INDATA_ACLR_A set to NONE
        Info (286033): Parameter WRCONTROL_ACLR_A set to NONE
    Info (276029): Inferred altsyncram megafunction from the following design logic: "shadowmask:HDMI_shadowmask|mask_lut_rtl_0" 
        Info (286033): Parameter OPERATION_MODE set to DUAL_PORT
        Info (286033): Parameter WIDTH_A set to 11
        Info (286033): Parameter WIDTHAD_A set to 8
        Info (286033): Parameter NUMWORDS_A set to 256
        Info (286033): Parameter WIDTH_B set to 11
        Info (286033): Parameter WIDTHAD_B set to 8
        Info (286033): Parameter NUMWORDS_B set to 256
        Info (286033): Parameter ADDRESS_ACLR_A set to NONE
        Info (286033): Parameter OUTDATA_REG_B set to UNREGISTERED
        Info (286033): Parameter ADDRESS_ACLR_B set to NONE
        Info (286033): Parameter OUTDATA_ACLR_B set to NONE
        Info (286033): Parameter ADDRESS_REG_B set to CLOCK1
        Info (286033): Parameter INDATA_ACLR_A set to NONE
        Info (286033): Parameter WRCONTROL_ACLR_A set to NONE
    Info (276029): Inferred altsyncram megafunction from the following design logic: "ascal:ascal|i_dpram_rtl_0" 
        Info (286033): Parameter OPERATION_MODE set to DUAL_PORT
        Info (286033): Parameter WIDTH_A set to 128
        Info (286033): Parameter WIDTHAD_A set to 5
        Info (286033): Parameter NUMWORDS_A set to 32
        Info (286033): Parameter WIDTH_B set to 128
        Info (286033): Parameter WIDTHAD_B set to 5
        Info (286033): Parameter NUMWORDS_B set to 32
        Info (286033): Parameter ADDRESS_ACLR_A set to NONE
        Info (286033): Parameter OUTDATA_REG_B set to UNREGISTERED
        Info (286033): Parameter ADDRESS_ACLR_B set to NONE
        Info (286033): Parameter OUTDATA_ACLR_B set to NONE
        Info (286033): Parameter ADDRESS_REG_B set to CLOCK1
        Info (286033): Parameter INDATA_ACLR_A set to NONE
        Info (286033): Parameter WRCONTROL_ACLR_A set to NONE
    Info (276029): Inferred altsyncram megafunction from the following design logic: "ascal:ascal|pal1_mem_rtl_0" 
        Info (286033): Parameter OPERATION_MODE set to DUAL_PORT
        Info (286033): Parameter WIDTH_A set to 48
        Info (286033): Parameter WIDTHAD_A set to 7
        Info (286033): Parameter NUMWORDS_A set to 128
        Info (286033): Parameter WIDTH_B set to 48
        Info (286033): Parameter WIDTHAD_B set to 7
        Info (286033): Parameter NUMWORDS_B set to 128
        Info (286033): Parameter ADDRESS_ACLR_A set to NONE
        Info (286033): Parameter OUTDATA_REG_B set to UNREGISTERED
        Info (286033): Parameter ADDRESS_ACLR_B set to NONE
        Info (286033): Parameter OUTDATA_ACLR_B set to NONE
        Info (286033): Parameter ADDRESS_REG_B set to CLOCK1
        Info (286033): Parameter INDATA_ACLR_A set to NONE
        Info (286033): Parameter WRCONTROL_ACLR_A set to NONE
    Info (276029): Inferred altsyncram megafunction from the following design logic: "ascal:ascal|o_dpram_rtl_0" 
        Info (286033): Parameter OPERATION_MODE set to DUAL_PORT
        Info (286033): Parameter WIDTH_A set to 128
        Info (286033): Parameter WIDTHAD_A set to 5
        Info (286033): Parameter NUMWORDS_A set to 32
        Info (286033): Parameter WIDTH_B set to 128
        Info (286033): Parameter WIDTHAD_B set to 5
        Info (286033): Parameter NUMWORDS_B set to 32
        Info (286033): Parameter ADDRESS_ACLR_A set to NONE
        Info (286033): Parameter OUTDATA_REG_B set to CLOCK1
        Info (286033): Parameter ADDRESS_ACLR_B set to NONE
        Info (286033): Parameter OUTDATA_ACLR_B set to NONE
        Info (286033): Parameter ADDRESS_REG_B set to CLOCK1
        Info (286033): Parameter INDATA_ACLR_A set to NONE
        Info (286033): Parameter WRCONTROL_ACLR_A set to NONE
    Info (276029): Inferred altsyncram megafunction from the following design logic: "ascal:ascal|o_h_poly_mem_rtl_0" 
        Info (286033): Parameter OPERATION_MODE set to DUAL_PORT
        Info (286033): Parameter WIDTH_A set to 40
        Info (286033): Parameter WIDTHAD_A set to 8
        Info (286033): Parameter NUMWORDS_A set to 256
        Info (286033): Parameter WIDTH_B set to 40
        Info (286033): Parameter WIDTHAD_B set to 8
        Info (286033): Parameter NUMWORDS_B set to 256
        Info (286033): Parameter ADDRESS_ACLR_A set to NONE
        Info (286033): Parameter OUTDATA_REG_B set to UNREGISTERED
        Info (286033): Parameter ADDRESS_ACLR_B set to NONE
        Info (286033): Parameter OUTDATA_ACLR_B set to NONE
        Info (286033): Parameter ADDRESS_REG_B set to CLOCK1
        Info (286033): Parameter INDATA_ACLR_A set to NONE
        Info (286033): Parameter WRCONTROL_ACLR_A set to NONE
    Info (276029): Inferred altsyncram megafunction from the following design logic: "ascal:ascal|o_v_poly_mem_rtl_0" 
        Info (286033): Parameter OPERATION_MODE set to DUAL_PORT
        Info (286033): Parameter WIDTH_A set to 40
        Info (286033): Parameter WIDTHAD_A set to 8
        Info (286033): Parameter NUMWORDS_A set to 256
        Info (286033): Parameter WIDTH_B set to 40
        Info (286033): Parameter WIDTHAD_B set to 8
        Info (286033): Parameter NUMWORDS_B set to 256
        Info (286033): Parameter ADDRESS_ACLR_A set to NONE
        Info (286033): Parameter OUTDATA_REG_B set to UNREGISTERED
        Info (286033): Parameter ADDRESS_ACLR_B set to NONE
        Info (286033): Parameter OUTDATA_ACLR_B set to NONE
        Info (286033): Parameter ADDRESS_REG_B set to CLOCK1
        Info (286033): Parameter INDATA_ACLR_A set to NONE
        Info (286033): Parameter WRCONTROL_ACLR_A set to NONE
    Info (276029): Inferred altsyncram megafunction from the following design logic: "ascal:ascal|o_a_poly_mem_rtl_0" 
        Info (286033): Parameter OPERATION_MODE set to DUAL_PORT
        Info (286033): Parameter WIDTH_A set to 40
        Info (286033): Parameter WIDTHAD_A set to 8
        Info (286033): Parameter NUMWORDS_A set to 256
        Info (286033): Parameter WIDTH_B set to 40
        Info (286033): Parameter WIDTHAD_B set to 8
        Info (286033): Parameter NUMWORDS_B set to 256
        Info (286033): Parameter ADDRESS_ACLR_A set to NONE
        Info (286033): Parameter OUTDATA_REG_B set to UNREGISTERED
        Info (286033): Parameter ADDRESS_ACLR_B set to NONE
        Info (286033): Parameter OUTDATA_ACLR_B set to NONE
        Info (286033): Parameter ADDRESS_REG_B set to CLOCK1
        Info (286033): Parameter INDATA_ACLR_A set to NONE
        Info (286033): Parameter WRCONTROL_ACLR_A set to NONE
    Info (276034): Inferred altshift_taps megafunction from the following design logic: "yc_out:yc_out|phase[2].y_rtl_0"
        Info (286033): Parameter NUMBER_OF_TAPS set to 1
        Info (286033): Parameter TAP_DISTANCE set to 3
        Info (286033): Parameter WIDTH set to 12
        Info (286033): Parameter POWER_UP_STATE set to DONT_CARE
    Info (276034): Inferred altshift_taps megafunction from the following design logic: "shadowmask:HDMI_shadowmask|vid_rtl_0"
        Info (286033): Parameter NUMBER_OF_TAPS set to 1
        Info (286033): Parameter TAP_DISTANCE set to 4
        Info (286033): Parameter WIDTH set to 81
        Info (286033): Parameter POWER_UP_STATE set to DONT_CARE
    Info (276034): Inferred altshift_taps megafunction from the following design logic: "ascal:ascal|o_vpix_inner[2].r_rtl_0"
        Info (286033): Parameter NUMBER_OF_TAPS set to 1
        Info (286033): Parameter TAP_DISTANCE set to 4
        Info (286033): Parameter WIDTH set to 24
        Info (286033): Parameter POWER_UP_STATE set to DONT_CARE
    Info (276034): Inferred altshift_taps megafunction from the following design logic: "vga_out:vga_out|din1_rtl_0"
        Info (286033): Parameter NUMBER_OF_TAPS set to 1
        Info (286033): Parameter TAP_DISTANCE set to 3
        Info (286033): Parameter WIDTH set to 30
        Info (286033): Parameter POWER_UP_STATE set to DONT_CARE
    Info (276034): Inferred altshift_taps megafunction from the following design logic: "vga_out:vga_scaler_out|din1_rtl_0"
        Info (286033): Parameter NUMBER_OF_TAPS set to 1
        Info (286033): Parameter TAP_DISTANCE set to 3
        Info (286033): Parameter WIDTH set to 31
        Info (286033): Parameter POWER_UP_STATE set to DONT_CARE
Info (12130): Elaborated megafunction instantiation "emu:emu|tg68k:tg68k|TG68KdotC_Kernel:tg68k|altsyncram:regfile_rtl_1"
Info (12133): Instantiated megafunction "emu:emu|tg68k:tg68k|TG68KdotC_Kernel:tg68k|altsyncram:regfile_rtl_1" with the following parameter:
    Info (12134): Parameter "OPERATION_MODE" = "DUAL_PORT"
    Info (12134): Parameter "WIDTH_A" = "32"
    Info (12134): Parameter "WIDTHAD_A" = "4"
    Info (12134): Parameter "NUMWORDS_A" = "16"
    Info (12134): Parameter "WIDTH_B" = "32"
    Info (12134): Parameter "WIDTHAD_B" = "4"
    Info (12134): Parameter "NUMWORDS_B" = "16"
    Info (12134): Parameter "ADDRESS_ACLR_A" = "NONE"
    Info (12134): Parameter "OUTDATA_REG_B" = "UNREGISTERED"
    Info (12134): Parameter "ADDRESS_ACLR_B" = "NONE"
    Info (12134): Parameter "OUTDATA_ACLR_B" = "NONE"
    Info (12134): Parameter "ADDRESS_REG_B" = "CLOCK0"
    Info (12134): Parameter "INDATA_ACLR_A" = "NONE"
    Info (12134): Parameter "WRCONTROL_ACLR_A" = "NONE"
    Info (12134): Parameter "INIT_FILE" = "db/MacLC.ram0_TG68KdotC_Kernel_dd034617.hdl.mif"
Info (12021): Found 1 design units, including 1 entities, in source file db/altsyncram_v7p1.tdf
    Info (12023): Found entity 1: altsyncram_v7p1 File: C:/Temp/mistercore/MacLC_MiSTer/db/altsyncram_v7p1.tdf Line: 28
Info (12130): Elaborated megafunction instantiation "osd:vga_osd|altsyncram:osd_buffer_rtl_0"
Info (12133): Instantiated megafunction "osd:vga_osd|altsyncram:osd_buffer_rtl_0" with the following parameter:
    Info (12134): Parameter "OPERATION_MODE" = "DUAL_PORT"
    Info (12134): Parameter "WIDTH_A" = "8"
    Info (12134): Parameter "WIDTHAD_A" = "12"
    Info (12134): Parameter "NUMWORDS_A" = "4096"
    Info (12134): Parameter "WIDTH_B" = "8"
    Info (12134): Parameter "WIDTHAD_B" = "12"
    Info (12134): Parameter "NUMWORDS_B" = "4096"
    Info (12134): Parameter "ADDRESS_ACLR_A" = "NONE"
    Info (12134): Parameter "OUTDATA_REG_B" = "UNREGISTERED"
    Info (12134): Parameter "ADDRESS_ACLR_B" = "NONE"
    Info (12134): Parameter "OUTDATA_ACLR_B" = "NONE"
    Info (12134): Parameter "ADDRESS_REG_B" = "CLOCK0"
    Info (12134): Parameter "INDATA_ACLR_A" = "NONE"
    Info (12134): Parameter "WRCONTROL_ACLR_A" = "NONE"
    Info (12134): Parameter "RDCONTROL_REG_B" = "CLOCK0"
Info (12021): Found 1 design units, including 1 entities, in source file db/altsyncram_0nl1.tdf
    Info (12023): Found entity 1: altsyncram_0nl1 File: C:/Temp/mistercore/MacLC_MiSTer/db/altsyncram_0nl1.tdf Line: 28
Info (12130): Elaborated megafunction instantiation "osd:hdmi_osd|altsyncram:osd_buffer_rtl_0"
Info (12133): Instantiated megafunction "osd:hdmi_osd|altsyncram:osd_buffer_rtl_0" with the following parameter:
    Info (12134): Parameter "OPERATION_MODE" = "DUAL_PORT"
    Info (12134): Parameter "WIDTH_A" = "8"
    Info (12134): Parameter "WIDTHAD_A" = "12"
    Info (12134): Parameter "NUMWORDS_A" = "4096"
    Info (12134): Parameter "WIDTH_B" = "8"
    Info (12134): Parameter "WIDTHAD_B" = "12"
    Info (12134): Parameter "NUMWORDS_B" = "4096"
    Info (12134): Parameter "ADDRESS_ACLR_A" = "NONE"
    Info (12134): Parameter "OUTDATA_REG_B" = "UNREGISTERED"
    Info (12134): Parameter "ADDRESS_ACLR_B" = "NONE"
    Info (12134): Parameter "OUTDATA_ACLR_B" = "NONE"
    Info (12134): Parameter "ADDRESS_REG_B" = "CLOCK1"
    Info (12134): Parameter "INDATA_ACLR_A" = "NONE"
    Info (12134): Parameter "WRCONTROL_ACLR_A" = "NONE"
Info (12021): Found 1 design units, including 1 entities, in source file db/altsyncram_i6k1.tdf
    Info (12023): Found entity 1: altsyncram_i6k1 File: C:/Temp/mistercore/MacLC_MiSTer/db/altsyncram_i6k1.tdf Line: 28
Info (12130): Elaborated megafunction instantiation "emu:emu|dataController_top:dataController|ncr5380:scsi|scsi:target[1].target|scsi_dpram:buffer1|altsyncram:ram_ab_rtl_0"
Info (12133): Instantiated megafunction "emu:emu|dataController_top:dataController|ncr5380:scsi|scsi:target[1].target|scsi_dpram:buffer1|altsyncram:ram_ab_rtl_0" with the following parameter:
    Info (12134): Parameter "OPERATION_MODE" = "BIDIR_DUAL_PORT"
    Info (12134): Parameter "WIDTH_A" = "8"
    Info (12134): Parameter "WIDTH_B" = "8"
    Info (12134): Parameter "WIDTHAD_A" = "13"
    Info (12134): Parameter "WIDTHAD_B" = "13"
    Info (12134): Parameter "NUMWORDS_A" = "8192"
    Info (12134): Parameter "NUMWORDS_B" = "8192"
    Info (12134): Parameter "OUTDATA_REG_A" = "UNREGISTERED"
    Info (12134): Parameter "OUTDATA_REG_B" = "UNREGISTERED"
    Info (12134): Parameter "ADDRESS_REG_B" = "CLOCK0"
    Info (12134): Parameter "INDATA_REG_B" = "CLOCK0"
    Info (12134): Parameter "WRCONTROL_WRADDRESS_REG_B" = "CLOCK0"
    Info (12134): Parameter "INDATA_ACLR_A" = "NONE"
    Info (12134): Parameter "WRCONTROL_ACLR_A" = "NONE"
    Info (12134): Parameter "ADDRESS_ACLR_A" = "NONE"
    Info (12134): Parameter "ADDRESS_ACLR_B" = "NONE"
    Info (12134): Parameter "OUTDATA_ACLR_B" = "NONE"
    Info (12134): Parameter "READ_DURING_WRITE_MODE_MIXED_PORTS" = "OLD_DATA"
Info (12021): Found 1 design units, including 1 entities, in source file db/altsyncram_ig12.tdf
    Info (12023): Found entity 1: altsyncram_ig12 File: C:/Temp/mistercore/MacLC_MiSTer/db/altsyncram_ig12.tdf Line: 28
Info (12130): Elaborated megafunction instantiation "emu:emu|dataController_top:dataController|ncr5380:scsi|scsi:target[1].target|scsi_dpram:buffer1|altsyncram:ram_c_rtl_0"
Info (12133): Instantiated megafunction "emu:emu|dataController_top:dataController|ncr5380:scsi|scsi:target[1].target|scsi_dpram:buffer1|altsyncram:ram_c_rtl_0" with the following parameter:
    Info (12134): Parameter "OPERATION_MODE" = "DUAL_PORT"
    Info (12134): Parameter "WIDTH_A" = "8"
    Info (12134): Parameter "WIDTHAD_A" = "13"
    Info (12134): Parameter "NUMWORDS_A" = "8192"
    Info (12134): Parameter "WIDTH_B" = "8"
    Info (12134): Parameter "WIDTHAD_B" = "13"
    Info (12134): Parameter "NUMWORDS_B" = "8192"
    Info (12134): Parameter "ADDRESS_ACLR_A" = "NONE"
    Info (12134): Parameter "OUTDATA_REG_B" = "UNREGISTERED"
    Info (12134): Parameter "ADDRESS_ACLR_B" = "NONE"
    Info (12134): Parameter "OUTDATA_ACLR_B" = "NONE"
    Info (12134): Parameter "ADDRESS_REG_B" = "CLOCK0"
    Info (12134): Parameter "INDATA_ACLR_A" = "NONE"
    Info (12134): Parameter "WRCONTROL_ACLR_A" = "NONE"
    Info (12134): Parameter "READ_DURING_WRITE_MODE_MIXED_PORTS" = "OLD_DATA"
Info (12021): Found 1 design units, including 1 entities, in source file db/altsyncram_0an1.tdf
    Info (12023): Found entity 1: altsyncram_0an1 File: C:/Temp/mistercore/MacLC_MiSTer/db/altsyncram_0an1.tdf Line: 28
Info (12130): Elaborated megafunction instantiation "emu:emu|dataController_top:dataController|ncr5380:scsi|scsi:target[0].target|scsi_dpram:tb_buf1|altsyncram:ram_ab_rtl_0"
Info (12133): Instantiated megafunction "emu:emu|dataController_top:dataController|ncr5380:scsi|scsi:target[0].target|scsi_dpram:tb_buf1|altsyncram:ram_ab_rtl_0" with the following parameter:
    Info (12134): Parameter "OPERATION_MODE" = "BIDIR_DUAL_PORT"
    Info (12134): Parameter "WIDTH_A" = "8"
    Info (12134): Parameter "WIDTH_B" = "8"
    Info (12134): Parameter "WIDTHAD_A" = "8"
    Info (12134): Parameter "WIDTHAD_B" = "8"
    Info (12134): Parameter "NUMWORDS_A" = "256"
    Info (12134): Parameter "NUMWORDS_B" = "256"
    Info (12134): Parameter "OUTDATA_REG_A" = "UNREGISTERED"
    Info (12134): Parameter "OUTDATA_REG_B" = "UNREGISTERED"
    Info (12134): Parameter "ADDRESS_REG_B" = "CLOCK0"
    Info (12134): Parameter "INDATA_REG_B" = "CLOCK0"
    Info (12134): Parameter "WRCONTROL_WRADDRESS_REG_B" = "CLOCK0"
    Info (12134): Parameter "INDATA_ACLR_A" = "NONE"
    Info (12134): Parameter "WRCONTROL_ACLR_A" = "NONE"
    Info (12134): Parameter "ADDRESS_ACLR_A" = "NONE"
    Info (12134): Parameter "ADDRESS_ACLR_B" = "NONE"
    Info (12134): Parameter "OUTDATA_ACLR_B" = "NONE"
    Info (12134): Parameter "READ_DURING_WRITE_MODE_MIXED_PORTS" = "OLD_DATA"
Info (12021): Found 1 design units, including 1 entities, in source file db/altsyncram_ca12.tdf
    Info (12023): Found entity 1: altsyncram_ca12 File: C:/Temp/mistercore/MacLC_MiSTer/db/altsyncram_ca12.tdf Line: 28
Info (12130): Elaborated megafunction instantiation "emu:emu|dataController_top:dataController|ncr5380:scsi|scsi:target[0].target|scsi_dpram:tb_buf1|altsyncram:ram_c_rtl_0"
Info (12133): Instantiated megafunction "emu:emu|dataController_top:dataController|ncr5380:scsi|scsi:target[0].target|scsi_dpram:tb_buf1|altsyncram:ram_c_rtl_0" with the following parameter:
    Info (12134): Parameter "OPERATION_MODE" = "DUAL_PORT"
    Info (12134): Parameter "WIDTH_A" = "8"
    Info (12134): Parameter "WIDTHAD_A" = "8"
    Info (12134): Parameter "NUMWORDS_A" = "256"
    Info (12134): Parameter "WIDTH_B" = "8"
    Info (12134): Parameter "WIDTHAD_B" = "8"
    Info (12134): Parameter "NUMWORDS_B" = "256"
    Info (12134): Parameter "ADDRESS_ACLR_A" = "NONE"
    Info (12134): Parameter "OUTDATA_REG_B" = "UNREGISTERED"
    Info (12134): Parameter "ADDRESS_ACLR_B" = "NONE"
    Info (12134): Parameter "OUTDATA_ACLR_B" = "NONE"
    Info (12134): Parameter "ADDRESS_REG_B" = "CLOCK0"
    Info (12134): Parameter "INDATA_ACLR_A" = "NONE"
    Info (12134): Parameter "WRCONTROL_ACLR_A" = "NONE"
    Info (12134): Parameter "READ_DURING_WRITE_MODE_MIXED_PORTS" = "OLD_DATA"
Info (12021): Found 1 design units, including 1 entities, in source file db/altsyncram_q3n1.tdf
    Info (12023): Found entity 1: altsyncram_q3n1 File: C:/Temp/mistercore/MacLC_MiSTer/db/altsyncram_q3n1.tdf Line: 28
Info (12130): Elaborated megafunction instantiation "ascal:ascal|altsyncram:i_dpram_rtl_0"
Info (12133): Instantiated megafunction "ascal:ascal|altsyncram:i_dpram_rtl_0" with the following parameter:
    Info (12134): Parameter "OPERATION_MODE" = "DUAL_PORT"
    Info (12134): Parameter "WIDTH_A" = "128"
    Info (12134): Parameter "WIDTHAD_A" = "5"
    Info (12134): Parameter "NUMWORDS_A" = "32"
    Info (12134): Parameter "WIDTH_B" = "128"
    Info (12134): Parameter "WIDTHAD_B" = "5"
    Info (12134): Parameter "NUMWORDS_B" = "32"
    Info (12134): Parameter "ADDRESS_ACLR_A" = "NONE"
    Info (12134): Parameter "OUTDATA_REG_B" = "UNREGISTERED"
    Info (12134): Parameter "ADDRESS_ACLR_B" = "NONE"
    Info (12134): Parameter "OUTDATA_ACLR_B" = "NONE"
    Info (12134): Parameter "ADDRESS_REG_B" = "CLOCK1"
    Info (12134): Parameter "INDATA_ACLR_A" = "NONE"
    Info (12134): Parameter "WRCONTROL_ACLR_A" = "NONE"
Info (12021): Found 1 design units, including 1 entities, in source file db/altsyncram_g9j1.tdf
    Info (12023): Found entity 1: altsyncram_g9j1 File: C:/Temp/mistercore/MacLC_MiSTer/db/altsyncram_g9j1.tdf Line: 28
Info (12130): Elaborated megafunction instantiation "ascal:ascal|altsyncram:pal1_mem_rtl_0"
Info (12133): Instantiated megafunction "ascal:ascal|altsyncram:pal1_mem_rtl_0" with the following parameter:
    Info (12134): Parameter "OPERATION_MODE" = "DUAL_PORT"
    Info (12134): Parameter "WIDTH_A" = "48"
    Info (12134): Parameter "WIDTHAD_A" = "7"
    Info (12134): Parameter "NUMWORDS_A" = "128"
    Info (12134): Parameter "WIDTH_B" = "48"
    Info (12134): Parameter "WIDTHAD_B" = "7"
    Info (12134): Parameter "NUMWORDS_B" = "128"
    Info (12134): Parameter "ADDRESS_ACLR_A" = "NONE"
    Info (12134): Parameter "OUTDATA_REG_B" = "UNREGISTERED"
    Info (12134): Parameter "ADDRESS_ACLR_B" = "NONE"
    Info (12134): Parameter "OUTDATA_ACLR_B" = "NONE"
    Info (12134): Parameter "ADDRESS_REG_B" = "CLOCK1"
    Info (12134): Parameter "INDATA_ACLR_A" = "NONE"
    Info (12134): Parameter "WRCONTROL_ACLR_A" = "NONE"
Info (12021): Found 1 design units, including 1 entities, in source file db/altsyncram_2aj1.tdf
    Info (12023): Found entity 1: altsyncram_2aj1 File: C:/Temp/mistercore/MacLC_MiSTer/db/altsyncram_2aj1.tdf Line: 28
Info (12130): Elaborated megafunction instantiation "ascal:ascal|altshift_taps:o_vpix_inner[2].r_rtl_0"
Info (12133): Instantiated megafunction "ascal:ascal|altshift_taps:o_vpix_inner[2].r_rtl_0" with the following parameter:
    Info (12134): Parameter "NUMBER_OF_TAPS" = "1"
    Info (12134): Parameter "TAP_DISTANCE" = "4"
    Info (12134): Parameter "WIDTH" = "24"
    Info (12134): Parameter "POWER_UP_STATE" = "DONT_CARE"
Info (12021): Found 1 design units, including 1 entities, in source file db/shift_taps_agv.tdf
    Info (12023): Found entity 1: shift_taps_agv File: C:/Temp/mistercore/MacLC_MiSTer/db/shift_taps_agv.tdf Line: 27
Info (12021): Found 1 design units, including 1 entities, in source file db/altsyncram_jr91.tdf
    Info (12023): Found entity 1: altsyncram_jr91 File: C:/Temp/mistercore/MacLC_MiSTer/db/altsyncram_jr91.tdf Line: 28
Info (12021): Found 1 design units, including 1 entities, in source file db/cntr_phf.tdf
    Info (12023): Found entity 1: cntr_phf File: C:/Temp/mistercore/MacLC_MiSTer/db/cntr_phf.tdf Line: 26
Info (12130): Elaborated megafunction instantiation "emu:emu|maclc_v8_video:v8_video|altdpram:linebuf_rtl_0"
Info (12133): Instantiated megafunction "emu:emu|maclc_v8_video:v8_video|altdpram:linebuf_rtl_0" with the following parameter:
    Info (12134): Parameter "WIDTH" = "16"
    Info (12134): Parameter "WIDTHAD" = "10"
    Info (12134): Parameter "NUMWORDS" = "1024"
    Info (12134): Parameter "WRADDRESS_REG" = "INCLOCK"
    Info (12134): Parameter "WRADDRESS_ACLR" = "OFF"
    Info (12134): Parameter "WRCONTROL_REG" = "INCLOCK"
    Info (12134): Parameter "WRCONTROL_ACLR" = "OFF"
    Info (12134): Parameter "RDADDRESS_REG" = "OUTCLOCK"
    Info (12134): Parameter "RDADDRESS_ACLR" = "OFF"
    Info (12134): Parameter "RDCONTROL_REG" = "UNREGISTERED"
    Info (12134): Parameter "RDCONTROL_ACLR" = "OFF"
    Info (12134): Parameter "INDATA_REG" = "INCLOCK"
    Info (12134): Parameter "INDATA_ACLR" = "OFF"
    Info (12134): Parameter "OUTDATA_REG" = "UNREGISTERED"
    Info (12134): Parameter "OUTDATA_ACLR" = "OFF"
    Info (12134): Parameter "LPM_FILE" = "UNUSED"
    Info (12134): Parameter "RAM_BLOCK_TYPE" = "LUTRAM"
Info (12021): Found 1 design units, including 1 entities, in source file db/dpram_nro1.tdf
    Info (12023): Found entity 1: dpram_nro1 File: C:/Temp/mistercore/MacLC_MiSTer/db/dpram_nro1.tdf Line: 32
Info (12021): Found 1 design units, including 1 entities, in source file db/decode_sma.tdf
    Info (12023): Found entity 1: decode_sma File: C:/Temp/mistercore/MacLC_MiSTer/db/decode_sma.tdf Line: 23
Info (12021): Found 1 design units, including 1 entities, in source file db/mux_rib.tdf
    Info (12023): Found entity 1: mux_rib File: C:/Temp/mistercore/MacLC_MiSTer/db/mux_rib.tdf Line: 23
Info (12130): Elaborated megafunction instantiation "vga_out:vga_out|altshift_taps:din1_rtl_0"
Info (12133): Instantiated megafunction "vga_out:vga_out|altshift_taps:din1_rtl_0" with the following parameter:
    Info (12134): Parameter "NUMBER_OF_TAPS" = "1"
    Info (12134): Parameter "TAP_DISTANCE" = "3"
    Info (12134): Parameter "WIDTH" = "30"
    Info (12134): Parameter "POWER_UP_STATE" = "DONT_CARE"
Info (12021): Found 1 design units, including 1 entities, in source file db/shift_taps_ruu.tdf
    Info (12023): Found entity 1: shift_taps_ruu File: C:/Temp/mistercore/MacLC_MiSTer/db/shift_taps_ruu.tdf Line: 27
Info (12021): Found 1 design units, including 1 entities, in source file db/altsyncram_cr91.tdf
    Info (12023): Found entity 1: altsyncram_cr91 File: C:/Temp/mistercore/MacLC_MiSTer/db/altsyncram_cr91.tdf Line: 28
Info (12021): Found 1 design units, including 1 entities, in source file db/cntr_ohf.tdf
    Info (12023): Found entity 1: cntr_ohf File: C:/Temp/mistercore/MacLC_MiSTer/db/cntr_ohf.tdf Line: 28
Info (12021): Found 1 design units, including 1 entities, in source file db/cmpr_a9c.tdf
    Info (12023): Found entity 1: cmpr_a9c File: C:/Temp/mistercore/MacLC_MiSTer/db/cmpr_a9c.tdf Line: 23
Info (12130): Elaborated megafunction instantiation "shadowmask:HDMI_shadowmask|altsyncram:mask_lut_rtl_0"
Info (12133): Instantiated megafunction "shadowmask:HDMI_shadowmask|altsyncram:mask_lut_rtl_0" with the following parameter:
    Info (12134): Parameter "OPERATION_MODE" = "DUAL_PORT"
    Info (12134): Parameter "WIDTH_A" = "11"
    Info (12134): Parameter "WIDTHAD_A" = "8"
    Info (12134): Parameter "NUMWORDS_A" = "256"
    Info (12134): Parameter "WIDTH_B" = "11"
    Info (12134): Parameter "WIDTHAD_B" = "8"
    Info (12134): Parameter "NUMWORDS_B" = "256"
    Info (12134): Parameter "ADDRESS_ACLR_A" = "NONE"
    Info (12134): Parameter "OUTDATA_REG_B" = "UNREGISTERED"
    Info (12134): Parameter "ADDRESS_ACLR_B" = "NONE"
    Info (12134): Parameter "OUTDATA_ACLR_B" = "NONE"
    Info (12134): Parameter "ADDRESS_REG_B" = "CLOCK1"
    Info (12134): Parameter "INDATA_ACLR_A" = "NONE"
    Info (12134): Parameter "WRCONTROL_ACLR_A" = "NONE"
Info (12021): Found 1 design units, including 1 entities, in source file db/altsyncram_k9j1.tdf
    Info (12023): Found entity 1: altsyncram_k9j1 File: C:/Temp/mistercore/MacLC_MiSTer/db/altsyncram_k9j1.tdf Line: 28
Info (12130): Elaborated megafunction instantiation "ascal:ascal|altsyncram:o_dpram_rtl_0"
Info (12133): Instantiated megafunction "ascal:ascal|altsyncram:o_dpram_rtl_0" with the following parameter:
    Info (12134): Parameter "OPERATION_MODE" = "DUAL_PORT"
    Info (12134): Parameter "WIDTH_A" = "128"
    Info (12134): Parameter "WIDTHAD_A" = "5"
    Info (12134): Parameter "NUMWORDS_A" = "32"
    Info (12134): Parameter "WIDTH_B" = "128"
    Info (12134): Parameter "WIDTHAD_B" = "5"
    Info (12134): Parameter "NUMWORDS_B" = "32"
    Info (12134): Parameter "ADDRESS_ACLR_A" = "NONE"
    Info (12134): Parameter "OUTDATA_REG_B" = "CLOCK1"
    Info (12134): Parameter "ADDRESS_ACLR_B" = "NONE"
    Info (12134): Parameter "OUTDATA_ACLR_B" = "NONE"
    Info (12134): Parameter "ADDRESS_REG_B" = "CLOCK1"
    Info (12134): Parameter "INDATA_ACLR_A" = "NONE"
    Info (12134): Parameter "WRCONTROL_ACLR_A" = "NONE"
Info (12021): Found 1 design units, including 1 entities, in source file db/altsyncram_32k1.tdf
    Info (12023): Found entity 1: altsyncram_32k1 File: C:/Temp/mistercore/MacLC_MiSTer/db/altsyncram_32k1.tdf Line: 28
Info (12130): Elaborated megafunction instantiation "ascal:ascal|altsyncram:o_h_poly_mem_rtl_0"
Info (12133): Instantiated megafunction "ascal:ascal|altsyncram:o_h_poly_mem_rtl_0" with the following parameter:
    Info (12134): Parameter "OPERATION_MODE" = "DUAL_PORT"
    Info (12134): Parameter "WIDTH_A" = "40"
    Info (12134): Parameter "WIDTHAD_A" = "8"
    Info (12134): Parameter "NUMWORDS_A" = "256"
    Info (12134): Parameter "WIDTH_B" = "40"
    Info (12134): Parameter "WIDTHAD_B" = "8"
    Info (12134): Parameter "NUMWORDS_B" = "256"
    Info (12134): Parameter "ADDRESS_ACLR_A" = "NONE"
    Info (12134): Parameter "OUTDATA_REG_B" = "UNREGISTERED"
    Info (12134): Parameter "ADDRESS_ACLR_B" = "NONE"
    Info (12134): Parameter "OUTDATA_ACLR_B" = "NONE"
    Info (12134): Parameter "ADDRESS_REG_B" = "CLOCK1"
    Info (12134): Parameter "INDATA_ACLR_A" = "NONE"
    Info (12134): Parameter "WRCONTROL_ACLR_A" = "NONE"
Info (12021): Found 1 design units, including 1 entities, in source file db/altsyncram_o9j1.tdf
    Info (12023): Found entity 1: altsyncram_o9j1 File: C:/Temp/mistercore/MacLC_MiSTer/db/altsyncram_o9j1.tdf Line: 28
Info (12130): Elaborated megafunction instantiation "shadowmask:HDMI_shadowmask|altshift_taps:vid_rtl_0"
Info (12133): Instantiated megafunction "shadowmask:HDMI_shadowmask|altshift_taps:vid_rtl_0" with the following parameter:
    Info (12134): Parameter "NUMBER_OF_TAPS" = "1"
    Info (12134): Parameter "TAP_DISTANCE" = "4"
    Info (12134): Parameter "WIDTH" = "81"
    Info (12134): Parameter "POWER_UP_STATE" = "DONT_CARE"
Info (12021): Found 1 design units, including 1 entities, in source file db/shift_taps_0vu.tdf
    Info (12023): Found entity 1: shift_taps_0vu File: C:/Temp/mistercore/MacLC_MiSTer/db/shift_taps_0vu.tdf Line: 27
Info (12021): Found 1 design units, including 1 entities, in source file db/altsyncram_pr91.tdf
    Info (12023): Found entity 1: altsyncram_pr91 File: C:/Temp/mistercore/MacLC_MiSTer/db/altsyncram_pr91.tdf Line: 28
Info (12130): Elaborated megafunction instantiation "vga_out:vga_scaler_out|altshift_taps:din1_rtl_0"
Info (12133): Instantiated megafunction "vga_out:vga_scaler_out|altshift_taps:din1_rtl_0" with the following parameter:
    Info (12134): Parameter "NUMBER_OF_TAPS" = "1"
    Info (12134): Parameter "TAP_DISTANCE" = "3"
    Info (12134): Parameter "WIDTH" = "31"
    Info (12134): Parameter "POWER_UP_STATE" = "DONT_CARE"
Info (12021): Found 1 design units, including 1 entities, in source file db/shift_taps_quu.tdf
    Info (12023): Found entity 1: shift_taps_quu File: C:/Temp/mistercore/MacLC_MiSTer/db/shift_taps_quu.tdf Line: 27
Info (12021): Found 1 design units, including 1 entities, in source file db/altsyncram_dr91.tdf
    Info (12023): Found entity 1: altsyncram_dr91 File: C:/Temp/mistercore/MacLC_MiSTer/db/altsyncram_dr91.tdf Line: 28
Info (12130): Elaborated megafunction instantiation "yc_out:yc_out|altshift_taps:phase[2].y_rtl_0"
Info (12133): Instantiated megafunction "yc_out:yc_out|altshift_taps:phase[2].y_rtl_0" with the following parameter:
    Info (12134): Parameter "NUMBER_OF_TAPS" = "1"
    Info (12134): Parameter "TAP_DISTANCE" = "3"
    Info (12134): Parameter "WIDTH" = "12"
    Info (12134): Parameter "POWER_UP_STATE" = "DONT_CARE"
Info (12021): Found 1 design units, including 1 entities, in source file db/shift_taps_puu.tdf
    Info (12023): Found entity 1: shift_taps_puu File: C:/Temp/mistercore/MacLC_MiSTer/db/shift_taps_puu.tdf Line: 27
Info (12021): Found 1 design units, including 1 entities, in source file db/altsyncram_br91.tdf
    Info (12023): Found entity 1: altsyncram_br91 File: C:/Temp/mistercore/MacLC_MiSTer/db/altsyncram_br91.tdf Line: 28
Info (12130): Elaborated megafunction instantiation "emu:emu|dataController_top:dataController|swim:sw|altsyncram:ism_param_rtl_0"
Info (12133): Instantiated megafunction "emu:emu|dataController_top:dataController|swim:sw|altsyncram:ism_param_rtl_0" with the following parameter:
    Info (12134): Parameter "OPERATION_MODE" = "DUAL_PORT"
    Info (12134): Parameter "WIDTH_A" = "8"
    Info (12134): Parameter "WIDTHAD_A" = "4"
    Info (12134): Parameter "NUMWORDS_A" = "16"
    Info (12134): Parameter "WIDTH_B" = "8"
    Info (12134): Parameter "WIDTHAD_B" = "4"
    Info (12134): Parameter "NUMWORDS_B" = "16"
    Info (12134): Parameter "ADDRESS_ACLR_A" = "NONE"
    Info (12134): Parameter "OUTDATA_REG_B" = "UNREGISTERED"
    Info (12134): Parameter "ADDRESS_ACLR_B" = "NONE"
    Info (12134): Parameter "OUTDATA_ACLR_B" = "NONE"
    Info (12134): Parameter "ADDRESS_REG_B" = "CLOCK0"
    Info (12134): Parameter "INDATA_ACLR_A" = "NONE"
    Info (12134): Parameter "WRCONTROL_ACLR_A" = "NONE"
Info (12021): Found 1 design units, including 1 entities, in source file db/altsyncram_lvj1.tdf
    Info (12023): Found entity 1: altsyncram_lvj1 File: C:/Temp/mistercore/MacLC_MiSTer/db/altsyncram_lvj1.tdf Line: 28
Info (12130): Elaborated megafunction instantiation "emu:emu|dataController_top:dataController|adb_device:adb_dev|altsyncram:kbdFifo_rtl_0"
Info (12133): Instantiated megafunction "emu:emu|dataController_top:dataController|adb_device:adb_dev|altsyncram:kbdFifo_rtl_0" with the following parameter:
    Info (12134): Parameter "OPERATION_MODE" = "DUAL_PORT"
    Info (12134): Parameter "WIDTH_A" = "8"
    Info (12134): Parameter "WIDTHAD_A" = "3"
    Info (12134): Parameter "NUMWORDS_A" = "8"
    Info (12134): Parameter "WIDTH_B" = "8"
    Info (12134): Parameter "WIDTHAD_B" = "3"
    Info (12134): Parameter "NUMWORDS_B" = "8"
    Info (12134): Parameter "ADDRESS_ACLR_A" = "NONE"
    Info (12134): Parameter "OUTDATA_REG_B" = "UNREGISTERED"
    Info (12134): Parameter "ADDRESS_ACLR_B" = "NONE"
    Info (12134): Parameter "OUTDATA_ACLR_B" = "NONE"
    Info (12134): Parameter "ADDRESS_REG_B" = "CLOCK0"
    Info (12134): Parameter "INDATA_ACLR_A" = "NONE"
    Info (12134): Parameter "WRCONTROL_ACLR_A" = "NONE"
    Info (12134): Parameter "READ_DURING_WRITE_MODE_MIXED_PORTS" = "OLD_DATA"
Info (12021): Found 1 design units, including 1 entities, in source file db/altsyncram_6tm1.tdf
    Info (12023): Found entity 1: altsyncram_6tm1 File: C:/Temp/mistercore/MacLC_MiSTer/db/altsyncram_6tm1.tdf Line: 28
Info (12130): Elaborated megafunction instantiation "emu:emu|vram_bram:vram_fb|altsyncram:mem_lo_rtl_0"
Info (12133): Instantiated megafunction "emu:emu|vram_bram:vram_fb|altsyncram:mem_lo_rtl_0" with the following parameter:
    Info (12134): Parameter "OPERATION_MODE" = "DUAL_PORT"
    Info (12134): Parameter "WIDTH_A" = "8"
    Info (12134): Parameter "WIDTHAD_A" = "18"
    Info (12134): Parameter "NUMWORDS_A" = "196608"
    Info (12134): Parameter "WIDTH_B" = "8"
    Info (12134): Parameter "WIDTHAD_B" = "18"
    Info (12134): Parameter "NUMWORDS_B" = "196608"
    Info (12134): Parameter "ADDRESS_ACLR_A" = "NONE"
    Info (12134): Parameter "OUTDATA_REG_B" = "UNREGISTERED"
    Info (12134): Parameter "ADDRESS_ACLR_B" = "NONE"
    Info (12134): Parameter "OUTDATA_ACLR_B" = "NONE"
    Info (12134): Parameter "ADDRESS_REG_B" = "CLOCK0"
    Info (12134): Parameter "INDATA_ACLR_A" = "NONE"
    Info (12134): Parameter "WRCONTROL_ACLR_A" = "NONE"
    Info (12134): Parameter "RAM_BLOCK_TYPE" = "M10K"
Info (12021): Found 1 design units, including 1 entities, in source file db/altsyncram_cuk1.tdf
    Info (12023): Found entity 1: altsyncram_cuk1 File: C:/Temp/mistercore/MacLC_MiSTer/db/altsyncram_cuk1.tdf Line: 34
Info (12021): Found 1 design units, including 1 entities, in source file db/decode_tma.tdf
    Info (12023): Found entity 1: decode_tma File: C:/Temp/mistercore/MacLC_MiSTer/db/decode_tma.tdf Line: 23
Info (12021): Found 1 design units, including 1 entities, in source file db/decode_m2a.tdf
    Info (12023): Found entity 1: decode_m2a File: C:/Temp/mistercore/MacLC_MiSTer/db/decode_m2a.tdf Line: 23
Info (12021): Found 1 design units, including 1 entities, in source file db/mux_dhb.tdf
    Info (12023): Found entity 1: mux_dhb File: C:/Temp/mistercore/MacLC_MiSTer/db/mux_dhb.tdf Line: 23
Info (12130): Elaborated megafunction instantiation "emu:emu|ariel_ramdac:ariel|altsyncram:palette_rtl_0"
Info (12133): Instantiated megafunction "emu:emu|ariel_ramdac:ariel|altsyncram:palette_rtl_0" with the following parameter:
    Info (12134): Parameter "OPERATION_MODE" = "DUAL_PORT"
    Info (12134): Parameter "WIDTH_A" = "24"
    Info (12134): Parameter "WIDTHAD_A" = "8"
    Info (12134): Parameter "NUMWORDS_A" = "256"
    Info (12134): Parameter "WIDTH_B" = "24"
    Info (12134): Parameter "WIDTHAD_B" = "8"
    Info (12134): Parameter "NUMWORDS_B" = "256"
    Info (12134): Parameter "ADDRESS_ACLR_A" = "NONE"
    Info (12134): Parameter "OUTDATA_REG_B" = "UNREGISTERED"
    Info (12134): Parameter "ADDRESS_ACLR_B" = "NONE"
    Info (12134): Parameter "OUTDATA_ACLR_B" = "NONE"
    Info (12134): Parameter "ADDRESS_REG_B" = "CLOCK0"
    Info (12134): Parameter "INDATA_ACLR_A" = "NONE"
    Info (12134): Parameter "WRCONTROL_ACLR_A" = "NONE"
    Info (12134): Parameter "RAM_BLOCK_TYPE" = "M10K"
    Info (12134): Parameter "READ_DURING_WRITE_MODE_MIXED_PORTS" = "OLD_DATA"
Info (12021): Found 1 design units, including 1 entities, in source file db/altsyncram_r3p1.tdf
    Info (12023): Found entity 1: altsyncram_r3p1 File: C:/Temp/mistercore/MacLC_MiSTer/db/altsyncram_r3p1.tdf Line: 28
Warning (12241): 51 hierarchies have connectivity warnings - see the Connectivity Checks report folder
Info (17026): Resynthesizing 0 WYSIWYG logic cells and I/Os using "speed" technology mapper which leaves 7 WYSIWYG logic cells and I/Os untouched
Warning (14284): Synthesized away the following node(s):
    Warning (14285): Synthesized away the following LCELL buffer node(s):
        Warning (14320): Synthesized away node "pll_cfg_hdmi:pll_cfg_hdmi|phase_done" File: C:/Temp/mistercore/MacLC_MiSTer/sys/pll_cfg/pll_cfg_hdmi.v Line: 165
Warning (13050): Open-drain buffer(s) that do not directly drive top-level pin(s) are removed
    Warning (13051): Converted the fanout from the open-drain buffer "emu:emu|SD_SCK" to the node "emu:emu|SD_SCK" into a wire File: C:/Temp/mistercore/MacLC_MiSTer/sys/emu_ports.vh Line: 92
    Warning (13051): Converted the fanout from the open-drain buffer "emu:emu|SD_MOSI" to the node "emu:emu|SD_MOSI" into a wire File: C:/Temp/mistercore/MacLC_MiSTer/sys/emu_ports.vh Line: 93
Warning (13050): Open-drain buffer(s) that do not directly drive top-level pin(s) are removed
    Warning (13051): Converted the fanout from the open-drain buffer "HDMI_I2C_SCL" to the node "hdmi_scl_en" into a wire File: C:/Temp/mistercore/MacLC_MiSTer/sys/sys_top.v Line: 30
Warning (13024): Output pins are stuck at VCC or GND
    Warning (13410): Pin "SDRAM_CKE" is stuck at VCC File: C:/Temp/mistercore/MacLC_MiSTer/sys/sys_top.v Line: 57
Info (17049): 1064 registers lost all their fanouts during netlist optimizations.
Info (17016): Found the following redundant logic cells in design
    Info (17048): Logic cell "pll_cfg_hdmi:pll_cfg_hdmi|generic_lcell_comb:lcell_dprio_read|combout" File: C:/Temp/mistercore/MacLC_MiSTer/sys/pll_cfg/altera_pll_reconfig_core.v Line: 2179
    Info (17048): Logic cell "pll_cfg_hdmi:pll_cfg_hdmi|dyn_phase_shift:dyn_phase_shift_inst|generic_lcell_comb:lcell_cnt_sel_0|combout" File: C:/Temp/mistercore/MacLC_MiSTer/sys/pll_cfg/altera_pll_reconfig_core.v Line: 2179
    Info (17048): Logic cell "pll_cfg_hdmi:pll_cfg_hdmi|dyn_phase_shift:dyn_phase_shift_inst|generic_lcell_comb:lcell_cnt_sel_1|combout" File: C:/Temp/mistercore/MacLC_MiSTer/sys/pll_cfg/altera_pll_reconfig_core.v Line: 2179
    Info (17048): Logic cell "pll_cfg_hdmi:pll_cfg_hdmi|dyn_phase_shift:dyn_phase_shift_inst|generic_lcell_comb:lcell_cnt_sel_2|combout" File: C:/Temp/mistercore/MacLC_MiSTer/sys/pll_cfg/altera_pll_reconfig_core.v Line: 2179
    Info (17048): Logic cell "pll_cfg_hdmi:pll_cfg_hdmi|dyn_phase_shift:dyn_phase_shift_inst|generic_lcell_comb:lcell_cnt_sel_3|combout" File: C:/Temp/mistercore/MacLC_MiSTer/sys/pll_cfg/altera_pll_reconfig_core.v Line: 2179
    Info (17048): Logic cell "pll_cfg_hdmi:pll_cfg_hdmi|dyn_phase_shift:dyn_phase_shift_inst|generic_lcell_comb:lcell_cnt_sel_4|combout" File: C:/Temp/mistercore/MacLC_MiSTer/sys/pll_cfg/altera_pll_reconfig_core.v Line: 2179
    Info (17048): Logic cell "pll_cfg_hdmi:pll_cfg_hdmi|generic_lcell_comb:lcell_fpll_0_1|combout" File: C:/Temp/mistercore/MacLC_MiSTer/sys/pll_cfg/altera_pll_reconfig_core.v Line: 2179
    Info (17048): Logic cell "pll_cfg_hdmi:pll_cfg_hdmi|up_dn" File: C:/Temp/mistercore/MacLC_MiSTer/sys/pll_cfg/pll_cfg_hdmi.v Line: 167
    Info (17048): Logic cell "pll_cfg_hdmi:pll_cfg_hdmi|phase_en" File: C:/Temp/mistercore/MacLC_MiSTer/sys/pll_cfg/pll_cfg_hdmi.v Line: 166
    Info (17048): Logic cell "pll_cfg_hdmi:pll_cfg_hdmi|dprio_ser_shift_load" File: C:/Temp/mistercore/MacLC_MiSTer/sys/pll_cfg/pll_cfg_hdmi.v Line: 159
    Info (17048): Logic cell "pll_cfg_hdmi:pll_cfg_hdmi|dyn_phase_shift:dyn_phase_shift_inst|gnd" File: C:/Temp/mistercore/MacLC_MiSTer/sys/pll_cfg/altera_pll_reconfig_core.v Line: 1919
Info (144001): Generated suppressed messages file C:/Temp/mistercore/MacLC_MiSTer/output_files/MacLC.map.smsg
Info (16010): Generating hard_block partition "hard_block:auto_generated_inst"
    Info (16011): Adding 52 node(s), including 3 DDIO, 3 PLL, 0 transceiver and 0 LCELL
Warning (21074): Design contains 2 input pin(s) that do not drive logic
    Warning (15610): No output dependent on input pin "SD_SPI_MISO" File: C:/Temp/mistercore/MacLC_MiSTer/sys/sys_top.v Line: 100
    Warning (15610): No output dependent on input pin "ADC_SDO" File: C:/Temp/mistercore/MacLC_MiSTer/sys/sys_top.v Line: 110
Info (21057): Implemented 75469 device resources after synthesis - the final resource count might be different
    Info (21058): Implemented 19 input pins
    Info (21059): Implemented 98 output pins
    Info (21060): Implemented 32 bidirectional pins
    Info (21061): Implemented 73285 logic cells
    Info (21064): Implemented 1965 RAM segments
    Info (21065): Implemented 3 PLLs
    Info (21062): Implemented 45 DSP elements
Info: Quartus Prime Analysis & Synthesis was successful. 0 errors, 93 warnings
    Info: Peak virtual memory: 6713 megabytes
    Info: Processing ended: Wed Jun 24 06:38:43 2026
    Info: Elapsed time: 00:04:32
    Info: Total CPU time (on all processors): 00:06:08
Info: *******************************************************************
Info: Running Quartus Prime Fitter
    Info: Version 17.0.2 Build 602 07/19/2017 SJ Lite Edition
    Info: Processing started: Wed Jun 24 06:38:44 2026
Info: Command: quartus_fit --read_settings_files=off --write_settings_files=off MacLC -c MacLC
Info: qfit2_default_script.tcl version: #1
Info: Project  = MacLC
Info: Revision = MacLC
Info (16303): High Performance Effort optimization mode selected -- timing performance will be prioritized at the potential cost of increased compilation time
Info (20030): Parallel compilation is enabled and will use 12 of the 12 processors detected
Info (119006): Selected device 5CSEBA6U23I7 for design "MacLC"
Info (21077): Low junction temperature is -40 degrees C
Info (21077): High junction temperature is 100 degrees C
Warning (21300): LOCKED port on the PLL is not properly connected on instance "pll_audio:pll_audio|pll_audio_0002:pll_audio_inst|altera_pll:altera_pll_i|general[0].gpll". The LOCKED port on the PLL should be connected when the FBOUTCLK port is connected. Although it is unnecessary to connect the LOCKED signal, any logic driven off of an output clock of the PLL will not know when the PLL is locked and ready.
Info (171004): Fitter is performing a Standard Fit compilation using maximum Fitter effort to optimize design performance
Warning (292013): Feature LogicLock is only available with a valid subscription license. You can purchase a software subscription to gain full access to this feature.
Warning (15714): Some pins have incomplete I/O assignments. Refer to the I/O Assignment Warnings report for details
Info (176045): Design uses memory blocks. Violating setup or hold times of memory block address registers for either read or write operations could cause memory contents to be corrupted. Make sure that all memory block address registers meet the setup and hold time requirements.
Info (184020): Starting Fitter periphery placement operations
Info (11178): Promoted 10 clocks (9 global, 1 regional)
    Info (11162): aspi_sck~CLKENA0 with 129 fanout uses regional clock CLKCTRL_R80
        Info (11177): Node drives Regional Clock Region 2 from (45, 0) to (89, 36)
    Info (11162): sysmem_lite:sysmem|sysmem_HPS_fpga_interfaces:fpga_interfaces|h2f_rst_n[0]~CLKENA0 with 28 fanout uses global clock CLKCTRL_G11
    Info (11162): sysmem_lite:sysmem|sysmem_HPS_fpga_interfaces:fpga_interfaces|h2f_user0_clk[0]~CLKENA0 with 937 fanout uses global clock CLKCTRL_G9
    Info (11162): hdmi_tx_clk~CLKENA0 with 84 fanout uses global clock CLKCTRL_G6
    Info (11162): pll_hdmi:pll_hdmi|pll_hdmi_0002:pll_hdmi_inst|altera_pll:altera_pll_i|altera_cyclonev_pll:cyclonev_pll|divclk[0]~CLKENA0 with 4956 fanout uses global clock CLKCTRL_G4
    Info (11162): vga_tx_clk~CLKENA0 with 3 fanout uses global clock CLKCTRL_G5
    Info (11162): pll_audio:pll_audio|pll_audio_0002:pll_audio_inst|altera_pll:altera_pll_i|outclk_wire[0]~CLKENA0 with 1628 fanout uses global clock CLKCTRL_G2
    Info (11162): emu:emu|pll:pll|pll_0002:pll_inst|altera_pll:altera_pll_i|outclk_wire[0]~CLKENA0 with 85 fanout uses global clock CLKCTRL_G10
    Info (11162): emu:emu|pll:pll|pll_0002:pll_inst|altera_pll:altera_pll_i|outclk_wire[1]~CLKENA0 with 34190 fanout uses global clock CLKCTRL_G7
    Info (11162): altera_internal_jtag~TCKUTAPCLKENA0 with 1703 fanout uses global clock CLKCTRL_G3
        Info (12525): This signal is driven by core routing -- it may be moved during placement to reduce routing delays
Info (11191): Automatically promoted 2 clocks (2 global)
    Info (11162): FPGA_CLK1_50~inputCLKENA0 with 705 fanout uses global clock CLKCTRL_G0
    Info (11162): FPGA_CLK2_50~inputCLKENA0 with 189 fanout uses global clock CLKCTRL_G1
Info (184021): Fitter periphery placement operations ending: elapsed time is 00:00:01
Info (332164): Evaluating HDL-embedded SDC commands
    Info (332165): Entity altera_std_synchronizer
        Info (332166): set_false_path -to [get_keepers {*altera_std_synchronizer:*|din_s1}]
    Info (332165): Entity sld_hub
        Info (332166): create_clock -name altera_reserved_tck [get_ports {altera_reserved_tck}] -period 30MHz   
        Info (332166): if { [string equal quartus_fit $::TimeQuestInfo(nameofexecutable)] } { set_max_delay -to [get_ports { altera_reserved_tdo } ] 0 }
        Info (332166): set_clock_groups -asynchronous -group {altera_reserved_tck}
Info (332104): Reading SDC File: 'sys/sys_top.sdc'
Info (332110): Deriving PLL clocks
    Info (332110): create_generated_clock -source {pll_hdmi|pll_hdmi_inst|altera_pll_i|cyclonev_pll|counter[0].output_counter|vco0ph[0]} -divide_by 3 -duty_cycle 50.00 -name {pll_hdmi|pll_hdmi_inst|altera_pll_i|cyclonev_pll|counter[0].output_counter|divclk} {pll_hdmi|pll_hdmi_inst|altera_pll_i|cyclonev_pll|counter[0].output_counter|divclk}
    Info (332110): create_generated_clock -source {pll_hdmi|pll_hdmi_inst|altera_pll_i|cyclonev_pll|fpll_0|fpll|refclkin} -divide_by 512 -multiply_by 4563 -duty_cycle 50.00 -name {pll_hdmi|pll_hdmi_inst|altera_pll_i|cyclonev_pll|fpll_0|fpll|vcoph[0]} {pll_hdmi|pll_hdmi_inst|altera_pll_i|cyclonev_pll|fpll_0|fpll|vcoph[0]}
    Info (332110): create_generated_clock -source {pll_audio|pll_audio_inst|altera_pll_i|general[0].gpll~FRACTIONAL_PLL|refclkin} -divide_by 512 -multiply_by 4279 -duty_cycle 50.00 -name {pll_audio|pll_audio_inst|altera_pll_i|general[0].gpll~FRACTIONAL_PLL|vcoph[0]} {pll_audio|pll_audio_inst|altera_pll_i|general[0].gpll~FRACTIONAL_PLL|vcoph[0]}
    Info (332110): create_generated_clock -source {pll_audio|pll_audio_inst|altera_pll_i|general[0].gpll~PLL_OUTPUT_COUNTER|vco0ph[0]} -divide_by 17 -duty_cycle 50.00 -name {pll_audio|pll_audio_inst|altera_pll_i|general[0].gpll~PLL_OUTPUT_COUNTER|divclk} {pll_audio|pll_audio_inst|altera_pll_i|general[0].gpll~PLL_OUTPUT_COUNTER|divclk}
    Info (332110): create_generated_clock -source {emu|pll|pll_inst|altera_pll_i|general[0].gpll~FRACTIONAL_PLL|refclkin} -divide_by 128 -multiply_by 1165 -duty_cycle 50.00 -name {emu|pll|pll_inst|altera_pll_i|general[0].gpll~FRACTIONAL_PLL|vcoph[0]} {emu|pll|pll_inst|altera_pll_i|general[0].gpll~FRACTIONAL_PLL|vcoph[0]}
    Info (332110): create_generated_clock -source {emu|pll|pll_inst|altera_pll_i|general[0].gpll~PLL_OUTPUT_COUNTER|vco0ph[0]} -divide_by 7 -duty_cycle 50.00 -name {emu|pll|pll_inst|altera_pll_i|general[0].gpll~PLL_OUTPUT_COUNTER|divclk} {emu|pll|pll_inst|altera_pll_i|general[0].gpll~PLL_OUTPUT_COUNTER|divclk}
    Info (332110): create_generated_clock -source {emu|pll|pll_inst|altera_pll_i|general[1].gpll~PLL_OUTPUT_COUNTER|vco0ph[0]} -divide_by 14 -duty_cycle 50.00 -name {emu|pll|pll_inst|altera_pll_i|general[1].gpll~PLL_OUTPUT_COUNTER|divclk} {emu|pll|pll_inst|altera_pll_i|general[1].gpll~PLL_OUTPUT_COUNTER|divclk}
Info (332151): Clock uncertainty is not calculated until you update the timing netlist.
Info (332104): Reading SDC File: 'MacLC.sdc'
Warning (332125): Found combinational loop of 117 nodes File: C:/Temp/mistercore/MacLC_MiSTer/rtl/tg68k/TG68KdotC_Kernel.vhd Line: 1656
    Warning (332126): Node "emu|tg68k|tg68k|Mux356~5|combout"
    Warning (332126): Node "emu|tg68k|tg68k|setexecOPC~0|dataa"
    Warning (332126): Node "emu|tg68k|tg68k|setexecOPC~0|combout"
    Warning (332126): Node "emu|tg68k|tg68k|Mux240~4|datad"
    Warning (332126): Node "emu|tg68k|tg68k|Mux240~4|combout"
    Warning (332126): Node "emu|tg68k|tg68k|Selector83~2|dataa"
    Warning (332126): Node "emu|tg68k|tg68k|Selector83~2|combout"
    Warning (332126): Node "emu|tg68k|tg68k|process_16~45|datac"
    Warning (332126): Node "emu|tg68k|tg68k|process_16~45|combout"
    Warning (332126): Node "emu|tg68k|tg68k|Mux45~0|dataa"
    Warning (332126): Node "emu|tg68k|tg68k|Mux45~0|combout"
    Warning (332126): Node "emu|tg68k|tg68k|Mux45~1|dataa"
    Warning (332126): Node "emu|tg68k|tg68k|Mux45~1|combout"
    Warning (332126): Node "emu|tg68k|tg68k|Mux356~1|datad"
    Warning (332126): Node "emu|tg68k|tg68k|Mux356~1|combout"
    Warning (332126): Node "emu|tg68k|tg68k|Mux356~5|dataa"
    Warning (332126): Node "emu|tg68k|tg68k|Mux356~2|datae"
    Warning (332126): Node "emu|tg68k|tg68k|Mux356~2|combout"
    Warning (332126): Node "emu|tg68k|tg68k|Mux356~5|datab"
    Warning (332126): Node "emu|tg68k|tg68k|setstate~31|datac"
    Warning (332126): Node "emu|tg68k|tg68k|setstate~31|combout"
    Warning (332126): Node "emu|tg68k|tg68k|Mux356~2|dataf"
    Warning (332126): Node "emu|tg68k|tg68k|Mux356~3|datac"
    Warning (332126): Node "emu|tg68k|tg68k|Mux356~3|combout"
    Warning (332126): Node "emu|tg68k|tg68k|Mux356~5|datac"
    Warning (332126): Node "emu|tg68k|tg68k|Mux356~4|dataf"
    Warning (332126): Node "emu|tg68k|tg68k|Mux356~4|combout"
    Warning (332126): Node "emu|tg68k|tg68k|Mux356~5|datad"
    Warning (332126): Node "emu|tg68k|tg68k|Mux355~4|dataa"
    Warning (332126): Node "emu|tg68k|tg68k|Mux355~4|combout"
    Warning (332126): Node "emu|tg68k|tg68k|setexecOPC~4|dataa"
    Warning (332126): Node "emu|tg68k|tg68k|setexecOPC~4|combout"
    Warning (332126): Node "emu|tg68k|tg68k|setexecOPC~2|datae"
    Warning (332126): Node "emu|tg68k|tg68k|setexecOPC~2|combout"
    Warning (332126): Node "emu|tg68k|tg68k|setexecOPC~0|datae"
    Warning (332126): Node "emu|tg68k|tg68k|setstate~9|datab"
    Warning (332126): Node "emu|tg68k|tg68k|setstate~9|combout"
    Warning (332126): Node "emu|tg68k|tg68k|Mux355~5|datae"
    Warning (332126): Node "emu|tg68k|tg68k|Mux355~5|combout"
    Warning (332126): Node "emu|tg68k|tg68k|setexecOPC~4|datab"
    Warning (332126): Node "emu|tg68k|tg68k|Mux44~1|dataa"
    Warning (332126): Node "emu|tg68k|tg68k|Mux44~1|combout"
    Warning (332126): Node "emu|tg68k|tg68k|Mux355~5|datad"
    Warning (332126): Node "emu|tg68k|tg68k|setstate~21|dataa"
    Warning (332126): Node "emu|tg68k|tg68k|setstate~21|combout"
    Warning (332126): Node "emu|tg68k|tg68k|Mux355~5|dataf"
    Warning (332126): Node "emu|tg68k|tg68k|setstate~16|datad"
    Warning (332126): Node "emu|tg68k|tg68k|setstate~16|combout"
    Warning (332126): Node "emu|tg68k|tg68k|setstate~21|datad"
    Warning (332126): Node "emu|tg68k|tg68k|setstate~19|datab"
    Warning (332126): Node "emu|tg68k|tg68k|setstate~19|combout"
    Warning (332126): Node "emu|tg68k|tg68k|setstate~21|datae"
    Warning (332126): Node "emu|tg68k|tg68k|setstate~20|datad"
    Warning (332126): Node "emu|tg68k|tg68k|setstate~20|combout"
    Warning (332126): Node "emu|tg68k|tg68k|setstate~31|dataa"
    Warning (332126): Node "emu|tg68k|tg68k|setstate~21|dataf"
    Warning (332126): Node "emu|tg68k|tg68k|Mux355~8|dataa"
    Warning (332126): Node "emu|tg68k|tg68k|Mux355~8|combout"
    Warning (332126): Node "emu|tg68k|tg68k|setexecOPC~4|datac"
    Warning (332126): Node "emu|tg68k|tg68k|setstate~4|datac"
    Warning (332126): Node "emu|tg68k|tg68k|setstate~4|combout"
    Warning (332126): Node "emu|tg68k|tg68k|Mux45~1|datab"
    Warning (332126): Node "emu|tg68k|tg68k|Mux355~11|dataa"
    Warning (332126): Node "emu|tg68k|tg68k|Mux355~11|combout"
    Warning (332126): Node "emu|tg68k|tg68k|Mux355~14|datab"
    Warning (332126): Node "emu|tg68k|tg68k|Mux355~14|combout"
    Warning (332126): Node "emu|tg68k|tg68k|setexecOPC~4|datad"
    Warning (332126): Node "emu|tg68k|tg68k|Mux355~4|datac"
    Warning (332126): Node "emu|tg68k|tg68k|setstate~9|datad"
    Warning (332126): Node "emu|tg68k|tg68k|Mux44~1|datac"
    Warning (332126): Node "emu|tg68k|tg68k|Mux355~8|datac"
    Warning (332126): Node "emu|tg68k|tg68k|set~4|dataa"
    Warning (332126): Node "emu|tg68k|tg68k|set~4|combout"
    Warning (332126): Node "emu|tg68k|tg68k|setstate~30|datac"
    Warning (332126): Node "emu|tg68k|tg68k|setstate~30|combout"
    Warning (332126): Node "emu|tg68k|tg68k|setstate~31|dataf"
    Warning (332126): Node "emu|tg68k|tg68k|Selector9~1|datae"
    Warning (332126): Node "emu|tg68k|tg68k|Selector9~1|combout"
    Warning (332126): Node "emu|tg68k|tg68k|setstate~27|datac"
    Warning (332126): Node "emu|tg68k|tg68k|setstate~27|combout"
    Warning (332126): Node "emu|tg68k|tg68k|setstate~31|datae"
    Warning (332126): Node "emu|tg68k|tg68k|Mux356~4|datac"
    Warning (332126): Node "emu|tg68k|tg68k|Mux202~3|datad"
    Warning (332126): Node "emu|tg68k|tg68k|Mux202~3|combout"
    Warning (332126): Node "emu|tg68k|tg68k|Mux314~6|datae"
    Warning (332126): Node "emu|tg68k|tg68k|Mux314~6|combout"
    Warning (332126): Node "emu|tg68k|tg68k|Mux314~3|datad"
    Warning (332126): Node "emu|tg68k|tg68k|Mux314~3|combout"
    Warning (332126): Node "emu|tg68k|tg68k|Mux240~4|datab"
    Warning (332126): Node "emu|tg68k|tg68k|Mux241~7|datad"
    Warning (332126): Node "emu|tg68k|tg68k|Mux241~7|combout"
    Warning (332126): Node "emu|tg68k|tg68k|Mux241~2|datad"
    Warning (332126): Node "emu|tg68k|tg68k|Mux241~2|combout"
    Warning (332126): Node "emu|tg68k|tg68k|process_16~45|datad"
    Warning (332126): Node "emu|tg68k|tg68k|Mux313~0|datac"
    Warning (332126): Node "emu|tg68k|tg68k|Mux313~0|combout"
    Warning (332126): Node "emu|tg68k|tg68k|Mux313~1|datac"
    Warning (332126): Node "emu|tg68k|tg68k|Mux313~1|combout"
    Warning (332126): Node "emu|tg68k|tg68k|setexecOPC~0|datad"
    Warning (332126): Node "emu|tg68k|tg68k|setstate~14|datad"
    Warning (332126): Node "emu|tg68k|tg68k|setstate~14|combout"
    Warning (332126): Node "emu|tg68k|tg68k|setstate~21|datab"
    Warning (332126): Node "emu|tg68k|tg68k|setstate~15|datad"
    Warning (332126): Node "emu|tg68k|tg68k|setstate~15|combout"
    Warning (332126): Node "emu|tg68k|tg68k|setstate~31|datab"
    Warning (332126): Node "emu|tg68k|tg68k|setstate~21|datac"
    Warning (332126): Node "emu|tg68k|tg68k|Mux50~0|datae"
    Warning (332126): Node "emu|tg68k|tg68k|Mux50~0|combout"
    Warning (332126): Node "emu|tg68k|tg68k|Mux46~2|datae"
    Warning (332126): Node "emu|tg68k|tg68k|Mux46~2|combout"
    Warning (332126): Node "emu|tg68k|tg68k|Mux314~7|datac"
    Warning (332126): Node "emu|tg68k|tg68k|Mux314~7|combout"
    Warning (332126): Node "emu|tg68k|tg68k|Mux314~3|datae"
    Warning (332126): Node "emu|tg68k|tg68k|Mux355~14|datae"
    Warning (332126): Node "emu|tg68k|tg68k|Mux241~6|datae"
    Warning (332126): Node "emu|tg68k|tg68k|Mux241~6|combout"
    Warning (332126): Node "emu|tg68k|tg68k|Mux241~7|datab"
Critical Warning (332081): Design contains combinational loop of 117 nodes. Estimating the delays through the loop.
Info (332097): The following timing edges are non-unate.  TimeQuest will assume pos-unate behavior for these edges in the clock network.
    Info (332098): Cell: emu|pll|pll_inst|altera_pll_i|general[0].gpll~FRACTIONAL_PLL  from: refclkin  to: fbclk
    Info (332098): Cell: emu|pll|pll_inst|altera_pll_i|general[0].gpll~PLL_OUTPUT_COUNTER  from: vco0ph[0]  to: divclk
    Info (332098): Cell: emu|pll|pll_inst|altera_pll_i|general[0].gpll~PLL_REFCLK_SELECT  from: clkin[0]  to: clkout
    Info (332098): Cell: emu|pll|pll_inst|altera_pll_i|general[1].gpll~PLL_OUTPUT_COUNTER  from: vco0ph[0]  to: divclk
    Info (332098): Cell: pll_audio|pll_audio_inst|altera_pll_i|general[0].gpll~FRACTIONAL_PLL  from: refclkin  to: fbclk
    Info (332098): Cell: pll_audio|pll_audio_inst|altera_pll_i|general[0].gpll~PLL_OUTPUT_COUNTER  from: vco0ph[0]  to: divclk
    Info (332098): Cell: pll_audio|pll_audio_inst|altera_pll_i|general[0].gpll~PLL_REFCLK_SELECT  from: clkin[0]  to: clkout
    Info (332098): Cell: pll_hdmi|pll_hdmi_inst|altera_pll_i|cyclonev_pll|counter[0].output_counter  from: vco0ph[0]  to: divclk
    Info (332098): Cell: pll_hdmi|pll_hdmi_inst|altera_pll_i|cyclonev_pll|fpll_0|REFCLK_SELECT  from: clkin[0]  to: clkout
    Info (332098): Cell: pll_hdmi|pll_hdmi_inst|altera_pll_i|cyclonev_pll|fpll_0|fpll  from: refclkin  to: fbclk
    Info (332098): From: sysmem|fpga_interfaces|f2sdram|cmd_port_clk_0  to: sysmem_lite:sysmem|sysmem_HPS_fpga_interfaces:fpga_interfaces|f2sdram~FF_762
    Info (332098): From: sysmem|fpga_interfaces|f2sdram|cmd_port_clk_2  to: sysmem_lite:sysmem|sysmem_HPS_fpga_interfaces:fpga_interfaces|f2sdram~FF_920
    Info (332098): From: sysmem|fpga_interfaces|f2sdram|rd_clk_0  to: sysmem_lite:sysmem|sysmem_HPS_fpga_interfaces:fpga_interfaces|f2sdram~FF_7
    Info (332098): From: sysmem|fpga_interfaces|f2sdram|rd_clk_1  to: sysmem_lite:sysmem|sysmem_HPS_fpga_interfaces:fpga_interfaces|f2sdram~FF_6
    Info (332098): From: sysmem|fpga_interfaces|f2sdram|rd_clk_3  to: sysmem_lite:sysmem|sysmem_HPS_fpga_interfaces:fpga_interfaces|f2sdram~FF_4
    Info (332098): From: sysmem|fpga_interfaces|f2sdram|wr_clk_0  to: sysmem_lite:sysmem|sysmem_HPS_fpga_interfaces:fpga_interfaces|f2sdram~FF_3
    Info (332098): From: sysmem|fpga_interfaces|f2sdram|wr_clk_1  to: sysmem_lite:sysmem|sysmem_HPS_fpga_interfaces:fpga_interfaces|f2sdram~FF_2
    Info (332098): From: sysmem|fpga_interfaces|f2sdram|wr_clk_3  to: sysmem_lite:sysmem|sysmem_HPS_fpga_interfaces:fpga_interfaces|f2sdram~FF_0
Info (332123): Deriving Clock Uncertainty. Please refer to report_sdc in TimeQuest to see clock uncertainties.
Info (332129): Detected timing requirements -- optimizing circuit to achieve only the specified requirements
Info (332111): Found 14 clocks
    Info (332111):   Period   Clock Name
    Info (332111): ======== ============
    Info (332111):   33.333 altera_reserved_tck
    Info (332111):    2.197 emu|pll|pll_inst|altera_pll_i|general[0].gpll~FRACTIONAL_PLL|vcoph[0]
    Info (332111):   15.381 emu|pll|pll_inst|altera_pll_i|general[0].gpll~PLL_OUTPUT_COUNTER|divclk
    Info (332111):   30.763 emu|pll|pll_inst|altera_pll_i|general[1].gpll~PLL_OUTPUT_COUNTER|divclk
    Info (332111):   20.000 FPGA_CLK1_50
    Info (332111):   20.000 FPGA_CLK2_50
    Info (332111):   20.000 FPGA_CLK3_50
    Info (332111):  100.000     hdmi_sck
    Info (332111):    2.393 pll_audio|pll_audio_inst|altera_pll_i|general[0].gpll~FRACTIONAL_PLL|vcoph[0]
    Info (332111):   40.682 pll_audio|pll_audio_inst|altera_pll_i|general[0].gpll~PLL_OUTPUT_COUNTER|divclk
    Info (332111):    6.732 pll_hdmi|pll_hdmi_inst|altera_pll_i|cyclonev_pll|counter[0].output_counter|divclk
    Info (332111):    2.244 pll_hdmi|pll_hdmi_inst|altera_pll_i|cyclonev_pll|fpll_0|fpll|vcoph[0]
    Info (332111):   10.000      spi_sck
    Info (332111):   10.000 sysmem|fpga_interfaces|clocks_resets|h2f_user0_clk
Info (176233): Starting register packing
Warning (176250): Ignoring invalid fast I/O register assignments. See the Ignored Assignments panel in the Fitter Compilation Report for more information.
Warning (176251): Ignoring some wildcard destinations of fast I/O register assignments
    Info (176252): Wildcard assignment "Fast Output Register=ON" to "SDRAM_*" matches multiple destination nodes -- some destinations are not valid targets for this assignment
Info (176235): Finished register packing
    Extra Info (176218): Packed 51 registers into blocks of type Block RAM
    Extra Info (176218): Packed 801 registers into blocks of type DSP block
    Extra Info (176218): Packed 16 registers into blocks of type I/O input buffer
    Extra Info (176218): Packed 80 registers into blocks of type I/O output buffer
    Extra Info (176220): Created 167 register duplicates
Info (128000): Starting physical synthesis optimizations for speed
Info (128002): Starting physical synthesis algorithm register retiming
Info (128003): Physical synthesis algorithm register retiming complete: estimated slack improvement of 0 ps
Info (128002): Starting physical synthesis algorithm combinational resynthesis using boolean division
Info (128003): Physical synthesis algorithm combinational resynthesis using boolean division complete: estimated slack improvement of 0 ps
Info (128002): Starting physical synthesis algorithm register retiming
Info (128003): Physical synthesis algorithm register retiming complete: estimated slack improvement of 0 ps
Info (128002): Starting physical synthesis algorithm combinational resynthesis using boolean division
Info (128003): Physical synthesis algorithm combinational resynthesis using boolean division complete: estimated slack improvement of 0 ps
Info (128001): Physical synthesis optimizations for speed complete: elapsed time is 00:00:55
Info (176233): Starting register packing
Info (176235): Finished register packing
    Extra Info (176218): Packed 228 registers into blocks of type DSP block
    Extra Info (176220): Created 156 register duplicates
Info (11798): Fitter preparation operations ending: elapsed time is 00:01:32
Info (170189): Fitter placement preparation operations beginning
Info (14951): The Fitter is using Advanced Physical Optimization.
Info (170190): Fitter placement preparation operations ending: elapsed time is 00:03:41
Info (170191): Fitter placement operations beginning
Info (170137): Fitter placement was successful
Info (170192): Fitter placement operations ending: elapsed time is 00:01:15
Info (170193): Fitter routing operations beginning
Info (170089): 5e+03 ns of routing delay (approximately 2.5% of available device routing delay) has been added to meet hold timing. For more information, refer to the Estimated Delay Added for Hold Timing section in the Fitter report.
Info (170195): Router estimated average interconnect usage is 33% of the available device resources
    Info (170196): Router estimated peak interconnect usage is 50% of the available device resources in the region that extends from location X11_Y46 to location X21_Y57
Info (170194): Fitter routing operations ending: elapsed time is 00:02:20
Info (11888): Total time spent on timing analysis during the Fitter is 98.61 seconds.
Info (334003): Started post-fitting delay annotation
Info (334004): Delay annotation completed successfully
Info (334003): Started post-fitting delay annotation
Info (334004): Delay annotation completed successfully
Info (11801): Fitter post-fit operations ending: elapsed time is 00:01:14
Warning (171167): Found invalid Fitter assignments. See the Ignored Assignments panel in the Fitter Compilation Report for more information.
Warning (169064): Following 4 pins have no output enable or a GND or VCC output enable - later changes to this connectivity may change fitting results
    Info (169065): Pin USER_IO[0] has a permanently disabled output enable File: C:/Temp/mistercore/MacLC_MiSTer/sys/sys_top.v Line: 125
    Info (169065): Pin USER_IO[1] has a permanently disabled output enable File: C:/Temp/mistercore/MacLC_MiSTer/sys/sys_top.v Line: 125
    Info (169065): Pin USER_IO[3] has a permanently disabled output enable File: C:/Temp/mistercore/MacLC_MiSTer/sys/sys_top.v Line: 125
    Info (169065): Pin USER_IO[6] has a permanently disabled output enable File: C:/Temp/mistercore/MacLC_MiSTer/sys/sys_top.v Line: 125
Info (144001): Generated suppressed messages file C:/Temp/mistercore/MacLC_MiSTer/output_files/MacLC.fit.smsg
Info: Quartus Prime Fitter was successful. 0 errors, 126 warnings
    Info: Peak virtual memory: 10089 megabytes
    Info: Processing ended: Wed Jun 24 06:55:47 2026
    Info: Elapsed time: 00:17:03
    Info: Total CPU time (on all processors): 01:23:35
Info: *******************************************************************
Info: Running Quartus Prime Assembler
    Info: Version 17.0.2 Build 602 07/19/2017 SJ Lite Edition
    Info: Processing started: Wed Jun 24 06:55:48 2026
Info: Command: quartus_asm --read_settings_files=off --write_settings_files=off MacLC -c MacLC
Info (115030): Assembler is generating device programming files
Info: Quartus Prime Assembler was successful. 0 errors, 0 warnings
    Info: Peak virtual memory: 5393 megabytes
    Info: Processing ended: Wed Jun 24 06:56:10 2026
    Info: Elapsed time: 00:00:22
    Info: Total CPU time (on all processors): 00:00:21
Info (293026): Skipped module PowerPlay Power Analyzer due to the assignment FLOW_ENABLE_POWER_ANALYZER
Info: *******************************************************************
Info: Running Quartus Prime TimeQuest Timing Analyzer
    Info: Version 17.0.2 Build 602 07/19/2017 SJ Lite Edition
    Info: Processing started: Wed Jun 24 06:56:10 2026
Info: Command: quartus_sta MacLC -c MacLC
Info: qsta_default_script.tcl version: #1
Info (20030): Parallel compilation is enabled and will use 12 of the 12 processors detected
Info (21077): Low junction temperature is -40 degrees C
Info (21077): High junction temperature is 100 degrees C
Info (332164): Evaluating HDL-embedded SDC commands
    Info (332165): Entity altera_std_synchronizer
        Info (332166): set_false_path -to [get_keepers {*altera_std_synchronizer:*|din_s1}]
    Info (332165): Entity sld_hub
        Info (332166): create_clock -name altera_reserved_tck [get_ports {altera_reserved_tck}] -period 30MHz   
        Info (332166): if { [string equal quartus_fit $::TimeQuestInfo(nameofexecutable)] } { set_max_delay -to [get_ports { altera_reserved_tdo } ] 0 }
        Info (332166): set_clock_groups -asynchronous -group {altera_reserved_tck}
Info (332104): Reading SDC File: 'sys/sys_top.sdc'
Info (332110): Deriving PLL clocks
    Info (332110): create_generated_clock -source {pll_hdmi|pll_hdmi_inst|altera_pll_i|cyclonev_pll|counter[0].output_counter|vco0ph[0]} -divide_by 3 -duty_cycle 50.00 -name {pll_hdmi|pll_hdmi_inst|altera_pll_i|cyclonev_pll|counter[0].output_counter|divclk} {pll_hdmi|pll_hdmi_inst|altera_pll_i|cyclonev_pll|counter[0].output_counter|divclk}
    Info (332110): create_generated_clock -source {pll_hdmi|pll_hdmi_inst|altera_pll_i|cyclonev_pll|fpll_0|fpll|refclkin} -divide_by 512 -multiply_by 4563 -duty_cycle 50.00 -name {pll_hdmi|pll_hdmi_inst|altera_pll_i|cyclonev_pll|fpll_0|fpll|vcoph[0]} {pll_hdmi|pll_hdmi_inst|altera_pll_i|cyclonev_pll|fpll_0|fpll|vcoph[0]}
    Info (332110): create_generated_clock -source {pll_audio|pll_audio_inst|altera_pll_i|general[0].gpll~FRACTIONAL_PLL|refclkin} -divide_by 512 -multiply_by 4279 -duty_cycle 50.00 -name {pll_audio|pll_audio_inst|altera_pll_i|general[0].gpll~FRACTIONAL_PLL|vcoph[0]} {pll_audio|pll_audio_inst|altera_pll_i|general[0].gpll~FRACTIONAL_PLL|vcoph[0]}
    Info (332110): create_generated_clock -source {pll_audio|pll_audio_inst|altera_pll_i|general[0].gpll~PLL_OUTPUT_COUNTER|vco0ph[0]} -divide_by 17 -duty_cycle 50.00 -name {pll_audio|pll_audio_inst|altera_pll_i|general[0].gpll~PLL_OUTPUT_COUNTER|divclk} {pll_audio|pll_audio_inst|altera_pll_i|general[0].gpll~PLL_OUTPUT_COUNTER|divclk}
    Info (332110): create_generated_clock -source {emu|pll|pll_inst|altera_pll_i|general[0].gpll~FRACTIONAL_PLL|refclkin} -divide_by 128 -multiply_by 1165 -duty_cycle 50.00 -name {emu|pll|pll_inst|altera_pll_i|general[0].gpll~FRACTIONAL_PLL|vcoph[0]} {emu|pll|pll_inst|altera_pll_i|general[0].gpll~FRACTIONAL_PLL|vcoph[0]}
    Info (332110): create_generated_clock -source {emu|pll|pll_inst|altera_pll_i|general[0].gpll~PLL_OUTPUT_COUNTER|vco0ph[0]} -divide_by 7 -duty_cycle 50.00 -name {emu|pll|pll_inst|altera_pll_i|general[0].gpll~PLL_OUTPUT_COUNTER|divclk} {emu|pll|pll_inst|altera_pll_i|general[0].gpll~PLL_OUTPUT_COUNTER|divclk}
    Info (332110): create_generated_clock -source {emu|pll|pll_inst|altera_pll_i|general[1].gpll~PLL_OUTPUT_COUNTER|vco0ph[0]} -divide_by 14 -duty_cycle 50.00 -name {emu|pll|pll_inst|altera_pll_i|general[1].gpll~PLL_OUTPUT_COUNTER|divclk} {emu|pll|pll_inst|altera_pll_i|general[1].gpll~PLL_OUTPUT_COUNTER|divclk}
Info (332151): Clock uncertainty is not calculated until you update the timing netlist.
Info (332104): Reading SDC File: 'MacLC.sdc'
Warning (332125): Found combinational loop of 117 nodes File: C:/Temp/mistercore/MacLC_MiSTer/rtl/tg68k/TG68KdotC_Kernel.vhd Line: 1656
    Warning (332126): Node "emu|tg68k|tg68k|Mux355~5|combout"
    Warning (332126): Node "emu|tg68k|tg68k|setexecOPC~4|datae"
    Warning (332126): Node "emu|tg68k|tg68k|setexecOPC~4|combout"
    Warning (332126): Node "emu|tg68k|tg68k|setexecOPC~2|dataf"
    Warning (332126): Node "emu|tg68k|tg68k|setexecOPC~2|combout"
    Warning (332126): Node "emu|tg68k|tg68k|setexecOPC~0|datac"
    Warning (332126): Node "emu|tg68k|tg68k|setexecOPC~0|combout"
    Warning (332126): Node "emu|tg68k|tg68k|Mux240~4|datae"
    Warning (332126): Node "emu|tg68k|tg68k|Mux240~4|combout"
    Warning (332126): Node "emu|tg68k|tg68k|Selector83~2|datad"
    Warning (332126): Node "emu|tg68k|tg68k|Selector83~2|combout"
    Warning (332126): Node "emu|tg68k|tg68k|process_16~45|dataf"
    Warning (332126): Node "emu|tg68k|tg68k|process_16~45|combout"
    Warning (332126): Node "emu|tg68k|tg68k|Mux355~4|datae"
    Warning (332126): Node "emu|tg68k|tg68k|Mux355~4|combout"
    Warning (332126): Node "emu|tg68k|tg68k|setexecOPC~4|dataf"
    Warning (332126): Node "emu|tg68k|tg68k|Mux355~8|datab"
    Warning (332126): Node "emu|tg68k|tg68k|Mux355~8|combout"
    Warning (332126): Node "emu|tg68k|tg68k|setexecOPC~4|datac"
    Warning (332126): Node "emu|tg68k|tg68k|Mux355~14|datae"
    Warning (332126): Node "emu|tg68k|tg68k|Mux355~14|combout"
    Warning (332126): Node "emu|tg68k|tg68k|setexecOPC~4|datad"
    Warning (332126): Node "emu|tg68k|tg68k|Mux44~1|datad"
    Warning (332126): Node "emu|tg68k|tg68k|Mux44~1|combout"
    Warning (332126): Node "emu|tg68k|tg68k|Mux355~5|datac"
    Warning (332126): Node "emu|tg68k|tg68k|setstate~21|dataa"
    Warning (332126): Node "emu|tg68k|tg68k|setstate~21|combout"
    Warning (332126): Node "emu|tg68k|tg68k|Mux355~5|datae"
    Warning (332126): Node "emu|tg68k|tg68k|setstate~20|dataf"
    Warning (332126): Node "emu|tg68k|tg68k|setstate~20|combout"
    Warning (332126): Node "emu|tg68k|tg68k|setstate~31|datad"
    Warning (332126): Node "emu|tg68k|tg68k|setstate~31|combout"
    Warning (332126): Node "emu|tg68k|tg68k|Mux356~2|datae"
    Warning (332126): Node "emu|tg68k|tg68k|Mux356~2|combout"
    Warning (332126): Node "emu|tg68k|tg68k|Mux356~5|datad"
    Warning (332126): Node "emu|tg68k|tg68k|Mux356~5|combout"
    Warning (332126): Node "emu|tg68k|tg68k|setexecOPC~0|dataf"
    Warning (332126): Node "emu|tg68k|tg68k|setstate~21|datab"
    Warning (332126): Node "emu|tg68k|tg68k|setstate~19|dataf"
    Warning (332126): Node "emu|tg68k|tg68k|setstate~19|combout"
    Warning (332126): Node "emu|tg68k|tg68k|setstate~21|datac"
    Warning (332126): Node "emu|tg68k|tg68k|setstate~16|dataf"
    Warning (332126): Node "emu|tg68k|tg68k|setstate~16|combout"
    Warning (332126): Node "emu|tg68k|tg68k|setstate~21|datae"
    Warning (332126): Node "emu|tg68k|tg68k|setstate~9|datab"
    Warning (332126): Node "emu|tg68k|tg68k|setstate~9|combout"
    Warning (332126): Node "emu|tg68k|tg68k|Mux355~5|dataf"
    Warning (332126): Node "emu|tg68k|tg68k|Mux50~0|dataf"
    Warning (332126): Node "emu|tg68k|tg68k|Mux50~0|combout"
    Warning (332126): Node "emu|tg68k|tg68k|Mux46~2|dataf"
    Warning (332126): Node "emu|tg68k|tg68k|Mux46~2|combout"
    Warning (332126): Node "emu|tg68k|tg68k|Mux314~7|dataf"
    Warning (332126): Node "emu|tg68k|tg68k|Mux314~7|combout"
    Warning (332126): Node "emu|tg68k|tg68k|Mux314~3|dataf"
    Warning (332126): Node "emu|tg68k|tg68k|Mux314~3|combout"
    Warning (332126): Node "emu|tg68k|tg68k|Mux240~4|dataf"
    Warning (332126): Node "emu|tg68k|tg68k|Mux241~7|datad"
    Warning (332126): Node "emu|tg68k|tg68k|Mux241~7|combout"
    Warning (332126): Node "emu|tg68k|tg68k|Mux241~2|dataf"
    Warning (332126): Node "emu|tg68k|tg68k|Mux241~2|combout"
    Warning (332126): Node "emu|tg68k|tg68k|process_16~45|datac"
    Warning (332126): Node "emu|tg68k|tg68k|Mux45~0|dataf"
    Warning (332126): Node "emu|tg68k|tg68k|Mux45~0|combout"
    Warning (332126): Node "emu|tg68k|tg68k|Mux45~1|dataf"
    Warning (332126): Node "emu|tg68k|tg68k|Mux45~1|combout"
    Warning (332126): Node "emu|tg68k|tg68k|Mux356~4|dataf"
    Warning (332126): Node "emu|tg68k|tg68k|Mux356~4|combout"
    Warning (332126): Node "emu|tg68k|tg68k|Mux356~5|datac"
    Warning (332126): Node "emu|tg68k|tg68k|setstate~31|dataa"
    Warning (332126): Node "emu|tg68k|tg68k|Mux356~2|dataf"
    Warning (332126): Node "emu|tg68k|tg68k|Mux356~1|dataf"
    Warning (332126): Node "emu|tg68k|tg68k|Mux356~1|combout"
    Warning (332126): Node "emu|tg68k|tg68k|Mux356~5|datae"
    Warning (332126): Node "emu|tg68k|tg68k|Mux356~3|dataf"
    Warning (332126): Node "emu|tg68k|tg68k|Mux356~3|combout"
    Warning (332126): Node "emu|tg68k|tg68k|Mux356~5|dataf"
    Warning (332126): Node "emu|tg68k|tg68k|set~4|dataf"
    Warning (332126): Node "emu|tg68k|tg68k|set~4|combout"
    Warning (332126): Node "emu|tg68k|tg68k|setstate~30|dataf"
    Warning (332126): Node "emu|tg68k|tg68k|setstate~30|combout"
    Warning (332126): Node "emu|tg68k|tg68k|setstate~31|datae"
    Warning (332126): Node "emu|tg68k|tg68k|Selector9~1|dataf"
    Warning (332126): Node "emu|tg68k|tg68k|Selector9~1|combout"
    Warning (332126): Node "emu|tg68k|tg68k|Mux356~4|datae"
    Warning (332126): Node "emu|tg68k|tg68k|setstate~27|dataf"
    Warning (332126): Node "emu|tg68k|tg68k|setstate~27|combout"
    Warning (332126): Node "emu|tg68k|tg68k|setstate~31|datac"
    Warning (332126): Node "emu|tg68k|tg68k|Mux202~3|dataf"
    Warning (332126): Node "emu|tg68k|tg68k|Mux202~3|combout"
    Warning (332126): Node "emu|tg68k|tg68k|Mux314~6|dataf"
    Warning (332126): Node "emu|tg68k|tg68k|Mux314~6|combout"
    Warning (332126): Node "emu|tg68k|tg68k|Mux314~3|datae"
    Warning (332126): Node "emu|tg68k|tg68k|setstate~15|dataf"
    Warning (332126): Node "emu|tg68k|tg68k|setstate~15|combout"
    Warning (332126): Node "emu|tg68k|tg68k|setstate~31|dataf"
    Warning (332126): Node "emu|tg68k|tg68k|setstate~21|datad"
    Warning (332126): Node "emu|tg68k|tg68k|setstate~14|dataf"
    Warning (332126): Node "emu|tg68k|tg68k|setstate~14|combout"
    Warning (332126): Node "emu|tg68k|tg68k|setstate~21|dataf"
    Warning (332126): Node "emu|tg68k|tg68k|Mux313~0|datae"
    Warning (332126): Node "emu|tg68k|tg68k|Mux313~0|combout"
    Warning (332126): Node "emu|tg68k|tg68k|Mux313~1|dataf"
    Warning (332126): Node "emu|tg68k|tg68k|Mux313~1|combout"
    Warning (332126): Node "emu|tg68k|tg68k|setexecOPC~0|datae"
    Warning (332126): Node "emu|tg68k|tg68k|setstate~4|dataf"
    Warning (332126): Node "emu|tg68k|tg68k|setstate~4|combout"
    Warning (332126): Node "emu|tg68k|tg68k|Mux45~1|datae"
    Warning (332126): Node "emu|tg68k|tg68k|Mux355~8|dataa"
    Warning (332126): Node "emu|tg68k|tg68k|Mux355~11|dataf"
    Warning (332126): Node "emu|tg68k|tg68k|Mux355~11|combout"
    Warning (332126): Node "emu|tg68k|tg68k|Mux355~14|dataf"
    Warning (332126): Node "emu|tg68k|tg68k|Mux44~1|dataf"
    Warning (332126): Node "emu|tg68k|tg68k|setstate~9|dataa"
    Warning (332126): Node "emu|tg68k|tg68k|Mux355~4|dataf"
    Warning (332126): Node "emu|tg68k|tg68k|Mux241~6|dataf"
    Warning (332126): Node "emu|tg68k|tg68k|Mux241~6|combout"
    Warning (332126): Node "emu|tg68k|tg68k|Mux241~7|dataf"
Critical Warning (332081): Design contains combinational loop of 117 nodes. Estimating the delays through the loop.
Info (332097): The following timing edges are non-unate.  TimeQuest will assume pos-unate behavior for these edges in the clock network.
    Info (332098): From: emu:emu|maclc_v8_video:v8_video|altdpram:linebuf_rtl_0|dpram_nro1:auto_generated|lutrama0~CLKMUX_0  to: emu:emu|maclc_v8_video:v8_video|altdpram:linebuf_rtl_0|dpram_nro1:auto_generated|lutrama0~MEMORYREGOUT
    Info (332098): From: emu:emu|maclc_v8_video:v8_video|altdpram:linebuf_rtl_0|dpram_nro1:auto_generated|lutrama100~CLKMUX_0  to: emu:emu|maclc_v8_video:v8_video|altdpram:linebuf_rtl_0|dpram_nro1:auto_generated|lutrama100~MEMORYREGOUT
    Info (332098): From: emu:emu|maclc_v8_video:v8_video|altdpram:linebuf_rtl_0|dpram_nro1:auto_generated|lutrama101~CLKMUX_0  to: emu:emu|maclc_v8_video:v8_video|altdpram:linebuf_rtl_0|dpram_nro1:auto_generated|lutrama101~MEMORYREGOUT
    Info (332098): From: emu:emu|maclc_v8_video:v8_video|altdpram:linebuf_rtl_0|dpram_nro1:auto_generated|lutrama102~CLKMUX_0  to: emu:emu|maclc_v8_video:v8_video|altdpram:linebuf_rtl_0|dpram_nro1:auto_generated|lutrama102~MEMORYREGOUT
    Info (332098): From: emu:emu|maclc_v8_video:v8_video|altdpram:linebuf_rtl_0|dpram_nro1:auto_generated|lutrama103~CLKMUX_0  to: emu:emu|maclc_v8_video:v8_video|altdpram:linebuf_rtl_0|dpram_nro1:auto_generated|lutrama103~MEMORYREGOUT
    Info (332098): From: emu:emu|maclc_v8_video:v8_video|altdpram:linebuf_rtl_0|dpram_nro1:auto_generated|lutrama104~CLKMUX_0  to: emu:emu|maclc_v8_video:v8_video|altdpram:linebuf_rtl_0|dpram_nro1:auto_generated|lutrama104~MEMORYREGOUT
    Info (332098): From: emu:emu|maclc_v8_video:v8_video|altdpram:linebuf_rtl_0|dpram_nro1:auto_generated|lutrama105~CLKMUX_0  to: emu:emu|maclc_v8_video:v8_video|altdpram:linebuf_rtl_0|dpram_nro1:auto_generated|lutrama105~MEMORYREGOUT
    Info (332098): From: emu:emu|maclc_v8_video:v8_video|altdpram:linebuf_rtl_0|dpram_nro1:auto_generated|lutrama106~CLKMUX_0  to: emu:emu|maclc_v8_video:v8_video|altdpram:linebuf_rtl_0|dpram_nro1:auto_generated|lutrama106~MEMORYREGOUT
    Info (332098): From: emu:emu|maclc_v8_video:v8_video|altdpram:linebuf_rtl_0|dpram_nro1:auto_generated|lutrama107~CLKMUX_0  to: emu:emu|maclc_v8_video:v8_video|altdpram:linebuf_rtl_0|dpram_nro1:auto_generated|lutrama107~MEMORYREGOUT
    Info (332098): From: emu:emu|maclc_v8_video:v8_video|altdpram:linebuf_rtl_0|dpram_nro1:auto_generated|lutrama108~CLKMUX_0  to: emu:emu|maclc_v8_video:v8_video|altdpram:linebuf_rtl_0|dpram_nro1:auto_generated|lutrama108~MEMORYREGOUT
    Info (332098): From: emu:emu|maclc_v8_video:v8_video|altdpram:linebuf_rtl_0|dpram_nro1:auto_generated|lutrama109~CLKMUX_0  to: emu:emu|maclc_v8_video:v8_video|altdpram:linebuf_rtl_0|dpram_nro1:auto_generated|lutrama109~MEMORYREGOUT
    Info (332098): From: emu:emu|maclc_v8_video:v8_video|altdpram:linebuf_rtl_0|dpram_nro1:auto_generated|lutrama10~CLKMUX_0  to: emu:emu|maclc_v8_video:v8_video|altdpram:linebuf_rtl_0|dpram_nro1:auto_generated|lutrama10~MEMORYREGOUT
    Info (332098): From: emu:emu|maclc_v8_video:v8_video|altdpram:linebuf_rtl_0|dpram_nro1:auto_generated|lutrama110~CLKMUX_0  to: emu:emu|maclc_v8_video:v8_video|altdpram:linebuf_rtl_0|dpram_nro1:auto_generated|lutrama110~MEMORYREGOUT
    Info (332098): From: emu:emu|maclc_v8_video:v8_video|altdpram:linebuf_rtl_0|dpram_nro1:auto_generated|lutrama111~CLKMUX_0  to: emu:emu|maclc_v8_video:v8_video|altdpram:linebuf_rtl_0|dpram_nro1:auto_generated|lutrama111~MEMORYREGOUT
    Info (332098): From: emu:emu|maclc_v8_video:v8_video|altdpram:linebuf_rtl_0|dpram_nro1:auto_generated|lutrama112~CLKMUX_0  to: emu:emu|maclc_v8_video:v8_video|altdpram:linebuf_rtl_0|dpram_nro1:auto_generated|lutrama112~MEMORYREGOUT
    Info (332098): From: emu:emu|maclc_v8_video:v8_video|altdpram:linebuf_rtl_0|dpram_nro1:auto_generated|lutrama113~CLKMUX_0  to: emu:emu|maclc_v8_video:v8_video|altdpram:linebuf_rtl_0|dpram_nro1:auto_generated|lutrama113~MEMORYREGOUT
    Info (332098): From: emu:emu|maclc_v8_video:v8_video|altdpram:linebuf_rtl_0|dpram_nro1:auto_generated|lutrama114~CLKMUX_0  to: emu:emu|maclc_v8_video:v8_video|altdpram:linebuf_rtl_0|dpram_nro1:auto_generated|lutrama114~MEMORYREGOUT
    Info (332098): From: emu:emu|maclc_v8_video:v8_video|altdpram:linebuf_rtl_0|dpram_nro1:auto_generated|lutrama115~CLKMUX_0  to: emu:emu|maclc_v8_video:v8_video|altdpram:linebuf_rtl_0|dpram_nro1:auto_generated|lutrama115~MEMORYREGOUT
    Info (332098): From: emu:emu|maclc_v8_video:v8_video|altdpram:linebuf_rtl_0|dpram_nro1:auto_generated|lutrama116~CLKMUX_0  to: emu:emu|maclc_v8_video:v8_video|altdpram:linebuf_rtl_0|dpram_nro1:auto_generated|lutrama116~MEMORYREGOUT
    Info (332098): From: emu:emu|maclc_v8_video:v8_video|altdpram:linebuf_rtl_0|dpram_nro1:auto_generated|lutrama117~CLKMUX_0  to: emu:emu|maclc_v8_video:v8_video|altdpram:linebuf_rtl_0|dpram_nro1:auto_generated|lutrama117~MEMORYREGOUT
    Info (332098): From: emu:emu|maclc_v8_video:v8_video|altdpram:linebuf_rtl_0|dpram_nro1:auto_generated|lutrama118~CLKMUX_0  to: emu:emu|maclc_v8_video:v8_video|altdpram:linebuf_rtl_0|dpram_nro1:auto_generated|lutrama118~MEMORYREGOUT
    Info (332098): From: emu:emu|maclc_v8_video:v8_video|altdpram:linebuf_rtl_0|dpram_nro1:auto_generated|lutrama119~CLKMUX_0  to: emu:emu|maclc_v8_video:v8_video|altdpram:linebuf_rtl_0|dpram_nro1:auto_generated|lutrama119~MEMORYREGOUT
    Info (332098): From: emu:emu|maclc_v8_video:v8_video|altdpram:linebuf_rtl_0|dpram_nro1:auto_generated|lutrama11~CLKMUX_0  to: emu:emu|maclc_v8_video:v8_video|altdpram:linebuf_rtl_0|dpram_nro1:auto_generated|lutrama11~MEMORYREGOUT
    Info (332098): From: emu:emu|maclc_v8_video:v8_video|altdpram:linebuf_rtl_0|dpram_nro1:auto_generated|lutrama120~CLKMUX_0  to: emu:emu|maclc_v8_video:v8_video|altdpram:linebuf_rtl_0|dpram_nro1:auto_generated|lutrama120~MEMORYREGOUT
    Info (332098): From: emu:emu|maclc_v8_video:v8_video|altdpram:linebuf_rtl_0|dpram_nro1:auto_generated|lutrama121~CLKMUX_0  to: emu:emu|maclc_v8_video:v8_video|altdpram:linebuf_rtl_0|dpram_nro1:auto_generated|lutrama121~MEMORYREGOUT
    Info (332098): From: emu:emu|maclc_v8_video:v8_video|altdpram:linebuf_rtl_0|dpram_nro1:auto_generated|lutrama122~CLKMUX_0  to: emu:emu|maclc_v8_video:v8_video|altdpram:linebuf_rtl_0|dpram_nro1:auto_generated|lutrama122~MEMORYREGOUT
    Info (332098): From: emu:emu|maclc_v8_video:v8_video|altdpram:linebuf_rtl_0|dpram_nro1:auto_generated|lutrama123~CLKMUX_0  to: emu:emu|maclc_v8_video:v8_video|altdpram:linebuf_rtl_0|dpram_nro1:auto_generated|lutrama123~MEMORYREGOUT
    Info (332098): From: emu:emu|maclc_v8_video:v8_video|altdpram:linebuf_rtl_0|dpram_nro1:auto_generated|lutrama124~CLKMUX_0  to: emu:emu|maclc_v8_video:v8_video|altdpram:linebuf_rtl_0|dpram_nro1:auto_generated|lutrama124~MEMORYREGOUT
    Info (332098): From: emu:emu|maclc_v8_video:v8_video|altdpram:linebuf_rtl_0|dpram_nro1:auto_generated|lutrama125~CLKMUX_0  to: emu:emu|maclc_v8_video:v8_video|altdpram:linebuf_rtl_0|dpram_nro1:auto_generated|lutrama125~MEMORYREGOUT
    Info (332098): From: emu:emu|maclc_v8_video:v8_video|altdpram:linebuf_rtl_0|dpram_nro1:auto_generated|lutrama126~CLKMUX_0  to: emu:emu|maclc_v8_video:v8_video|altdpram:linebuf_rtl_0|dpram_nro1:auto_generated|lutrama126~MEMORYREGOUT
    Info (332098): From: emu:emu|maclc_v8_video:v8_video|altdpram:linebuf_rtl_0|dpram_nro1:auto_generated|lutrama127~CLKMUX_0  to: emu:emu|maclc_v8_video:v8_video|altdpram:linebuf_rtl_0|dpram_nro1:auto_generated|lutrama127~MEMORYREGOUT
    Info (332098): From: emu:emu|maclc_v8_video:v8_video|altdpram:linebuf_rtl_0|dpram_nro1:auto_generated|lutrama128~CLKMUX_0  to: emu:emu|maclc_v8_video:v8_video|altdpram:linebuf_rtl_0|dpram_nro1:auto_generated|lutrama128~MEMORYREGOUT
    Info (332098): From: emu:emu|maclc_v8_video:v8_video|altdpram:linebuf_rtl_0|dpram_nro1:auto_generated|lutrama129~CLKMUX_0  to: emu:emu|maclc_v8_video:v8_video|altdpram:linebuf_rtl_0|dpram_nro1:auto_generated|lutrama129~MEMORYREGOUT
    Info (332098): From: emu:emu|maclc_v8_video:v8_video|altdpram:linebuf_rtl_0|dpram_nro1:auto_generated|lutrama12~CLKMUX_0  to: emu:emu|maclc_v8_video:v8_video|altdpram:linebuf_rtl_0|dpram_nro1:auto_generated|lutrama12~MEMORYREGOUT
    Info (332098): From: emu:emu|maclc_v8_video:v8_video|altdpram:linebuf_rtl_0|dpram_nro1:auto_generated|lutrama130~CLKMUX_0  to: emu:emu|maclc_v8_video:v8_video|altdpram:linebuf_rtl_0|dpram_nro1:auto_generated|lutrama130~MEMORYREGOUT
    Info (332098): From: emu:emu|maclc_v8_video:v8_video|altdpram:linebuf_rtl_0|dpram_nro1:auto_generated|lutrama131~CLKMUX_0  to: emu:emu|maclc_v8_video:v8_video|altdpram:linebuf_rtl_0|dpram_nro1:auto_generated|lutrama131~MEMORYREGOUT
    Info (332098): From: emu:emu|maclc_v8_video:v8_video|altdpram:linebuf_rtl_0|dpram_nro1:auto_generated|lutrama132~CLKMUX_0  to: emu:emu|maclc_v8_video:v8_video|altdpram:linebuf_rtl_0|dpram_nro1:auto_generated|lutrama132~MEMORYREGOUT
    Info (332098): From: emu:emu|maclc_v8_video:v8_video|altdpram:linebuf_rtl_0|dpram_nro1:auto_generated|lutrama133~CLKMUX_0  to: emu:emu|maclc_v8_video:v8_video|altdpram:linebuf_rtl_0|dpram_nro1:auto_generated|lutrama133~MEMORYREGOUT
    Info (332098): From: emu:emu|maclc_v8_video:v8_video|altdpram:linebuf_rtl_0|dpram_nro1:auto_generated|lutrama134~CLKMUX_0  to: emu:emu|maclc_v8_video:v8_video|altdpram:linebuf_rtl_0|dpram_nro1:auto_generated|lutrama134~MEMORYREGOUT
    Info (332098): From: emu:emu|maclc_v8_video:v8_video|altdpram:linebuf_rtl_0|dpram_nro1:auto_generated|lutrama135~CLKMUX_0  to: emu:emu|maclc_v8_video:v8_video|altdpram:linebuf_rtl_0|dpram_nro1:auto_generated|lutrama135~MEMORYREGOUT
    Info (332098): From: emu:emu|maclc_v8_video:v8_video|altdpram:linebuf_rtl_0|dpram_nro1:auto_generated|lutrama136~CLKMUX_0  to: emu:emu|maclc_v8_video:v8_video|altdpram:linebuf_rtl_0|dpram_nro1:auto_generated|lutrama136~MEMORYREGOUT
    Info (332098): From: emu:emu|maclc_v8_video:v8_video|altdpram:linebuf_rtl_0|dpram_nro1:auto_generated|lutrama137~CLKMUX_0  to: emu:emu|maclc_v8_video:v8_video|altdpram:linebuf_rtl_0|dpram_nro1:auto_generated|lutrama137~MEMORYREGOUT
    Info (332098): From: emu:emu|maclc_v8_video:v8_video|altdpram:linebuf_rtl_0|dpram_nro1:auto_generated|lutrama138~CLKMUX_0  to: emu:emu|maclc_v8_video:v8_video|altdpram:linebuf_rtl_0|dpram_nro1:auto_generated|lutrama138~MEMORYREGOUT
    Info (332098): From: emu:emu|maclc_v8_video:v8_video|altdpram:linebuf_rtl_0|dpram_nro1:auto_generated|lutrama139~CLKMUX_0  to: emu:emu|maclc_v8_video:v8_video|altdpram:linebuf_rtl_0|dpram_nro1:auto_generated|lutrama139~MEMORYREGOUT
    Info (332098): From: emu:emu|maclc_v8_video:v8_video|altdpram:linebuf_rtl_0|dpram_nro1:auto_generated|lutrama13~CLKMUX_0  to: emu:emu|maclc_v8_video:v8_video|altdpram:linebuf_rtl_0|dpram_nro1:auto_generated|lutrama13~MEMORYREGOUT
    Info (332098): From: emu:emu|maclc_v8_video:v8_video|altdpram:linebuf_rtl_0|dpram_nro1:auto_generated|lutrama140~CLKMUX_0  to: emu:emu|maclc_v8_video:v8_video|altdpram:linebuf_rtl_0|dpram_nro1:auto_generated|lutrama140~MEMORYREGOUT
    Info (332098): From: emu:emu|maclc_v8_video:v8_video|altdpram:linebuf_rtl_0|dpram_nro1:auto_generated|lutrama141~CLKMUX_0  to: emu:emu|maclc_v8_video:v8_video|altdpram:linebuf_rtl_0|dpram_nro1:auto_generated|lutrama141~MEMORYREGOUT
    Info (332098): From: emu:emu|maclc_v8_video:v8_video|altdpram:linebuf_rtl_0|dpram_nro1:auto_generated|lutrama142~CLKMUX_0  to: emu:emu|maclc_v8_video:v8_video|altdpram:linebuf_rtl_0|dpram_nro1:auto_generated|lutrama142~MEMORYREGOUT
    Info (332098): From: emu:emu|maclc_v8_video:v8_video|altdpram:linebuf_rtl_0|dpram_nro1:auto_generated|lutrama143~CLKMUX_0  to: emu:emu|maclc_v8_video:v8_video|altdpram:linebuf_rtl_0|dpram_nro1:auto_generated|lutrama143~MEMORYREGOUT
    Info (332098): From: emu:emu|maclc_v8_video:v8_video|altdpram:linebuf_rtl_0|dpram_nro1:auto_generated|lutrama144~CLKMUX_0  to: emu:emu|maclc_v8_video:v8_video|altdpram:linebuf_rtl_0|dpram_nro1:auto_generated|lutrama144~MEMORYREGOUT
    Info (332098): From: emu:emu|maclc_v8_video:v8_video|altdpram:linebuf_rtl_0|dpram_nro1:auto_generated|lutrama145~CLKMUX_0  to: emu:emu|maclc_v8_video:v8_video|altdpram:linebuf_rtl_0|dpram_nro1:auto_generated|lutrama145~MEMORYREGOUT
    Info (332098): From: emu:emu|maclc_v8_video:v8_video|altdpram:linebuf_rtl_0|dpram_nro1:auto_generated|lutrama146~CLKMUX_0  to: emu:emu|maclc_v8_video:v8_video|altdpram:linebuf_rtl_0|dpram_nro1:auto_generated|lutrama146~MEMORYREGOUT
    Info (332098): From: emu:emu|maclc_v8_video:v8_video|altdpram:linebuf_rtl_0|dpram_nro1:auto_generated|lutrama147~CLKMUX_0  to: emu:emu|maclc_v8_video:v8_video|altdpram:linebuf_rtl_0|dpram_nro1:auto_generated|lutrama147~MEMORYREGOUT
    Info (332098): From: emu:emu|maclc_v8_video:v8_video|altdpram:linebuf_rtl_0|dpram_nro1:auto_generated|lutrama148~CLKMUX_0  to: emu:emu|maclc_v8_video:v8_video|altdpram:linebuf_rtl_0|dpram_nro1:auto_generated|lutrama148~MEMORYREGOUT
    Info (332098): From: emu:emu|maclc_v8_video:v8_video|altdpram:linebuf_rtl_0|dpram_nro1:auto_generated|lutrama149~CLKMUX_0  to: emu:emu|maclc_v8_video:v8_video|altdpram:linebuf_rtl_0|dpram_nro1:auto_generated|lutrama149~MEMORYREGOUT
    Info (332098): From: emu:emu|maclc_v8_video:v8_video|altdpram:linebuf_rtl_0|dpram_nro1:auto_generated|lutrama14~CLKMUX_0  to: emu:emu|maclc_v8_video:v8_video|altdpram:linebuf_rtl_0|dpram_nro1:auto_generated|lutrama14~MEMORYREGOUT
    Info (332098): From: emu:emu|maclc_v8_video:v8_video|altdpram:linebuf_rtl_0|dpram_nro1:auto_generated|lutrama150~CLKMUX_0  to: emu:emu|maclc_v8_video:v8_video|altdpram:linebuf_rtl_0|dpram_nro1:auto_generated|lutrama150~MEMORYREGOUT
    Info (332098): From: emu:emu|maclc_v8_video:v8_video|altdpram:linebuf_rtl_0|dpram_nro1:auto_generated|lutrama151~CLKMUX_0  to: emu:emu|maclc_v8_video:v8_video|altdpram:linebuf_rtl_0|dpram_nro1:auto_generated|lutrama151~MEMORYREGOUT
    Info (332098): From: emu:emu|maclc_v8_video:v8_video|altdpram:linebuf_rtl_0|dpram_nro1:auto_generated|lutrama152~CLKMUX_0  to: emu:emu|maclc_v8_video:v8_video|altdpram:linebuf_rtl_0|dpram_nro1:auto_generated|lutrama152~MEMORYREGOUT
    Info (332098): From: emu:emu|maclc_v8_video:v8_video|altdpram:linebuf_rtl_0|dpram_nro1:auto_generated|lutrama153~CLKMUX_0  to: emu:emu|maclc_v8_video:v8_video|altdpram:linebuf_rtl_0|dpram_nro1:auto_generated|lutrama153~MEMORYREGOUT
    Info (332098): From: emu:emu|maclc_v8_video:v8_video|altdpram:linebuf_rtl_0|dpram_nro1:auto_generated|lutrama154~CLKMUX_0  to: emu:emu|maclc_v8_video:v8_video|altdpram:linebuf_rtl_0|dpram_nro1:auto_generated|lutrama154~MEMORYREGOUT
    Info (332098): From: emu:emu|maclc_v8_video:v8_video|altdpram:linebuf_rtl_0|dpram_nro1:auto_generated|lutrama155~CLKMUX_0  to: emu:emu|maclc_v8_video:v8_video|altdpram:linebuf_rtl_0|dpram_nro1:auto_generated|lutrama155~MEMORYREGOUT
    Info (332098): From: emu:emu|maclc_v8_video:v8_video|altdpram:linebuf_rtl_0|dpram_nro1:auto_generated|lutrama156~CLKMUX_0  to: emu:emu|maclc_v8_video:v8_video|altdpram:linebuf_rtl_0|dpram_nro1:auto_generated|lutrama156~MEMORYREGOUT
    Info (332098): From: emu:emu|maclc_v8_video:v8_video|altdpram:linebuf_rtl_0|dpram_nro1:auto_generated|lutrama157~CLKMUX_0  to: emu:emu|maclc_v8_video:v8_video|altdpram:linebuf_rtl_0|dpram_nro1:auto_generated|lutrama157~MEMORYREGOUT
    Info (332098): From: emu:emu|maclc_v8_video:v8_video|altdpram:linebuf_rtl_0|dpram_nro1:auto_generated|lutrama158~CLKMUX_0  to: emu:emu|maclc_v8_video:v8_video|altdpram:linebuf_rtl_0|dpram_nro1:auto_generated|lutrama158~MEMORYREGOUT
    Info (332098): From: emu:emu|maclc_v8_video:v8_video|altdpram:linebuf_rtl_0|dpram_nro1:auto_generated|lutrama159~CLKMUX_0  to: emu:emu|maclc_v8_video:v8_video|altdpram:linebuf_rtl_0|dpram_nro1:auto_generated|lutrama159~MEMORYREGOUT
    Info (332098): From: emu:emu|maclc_v8_video:v8_video|altdpram:linebuf_rtl_0|dpram_nro1:auto_generated|lutrama15~CLKMUX_0  to: emu:emu|maclc_v8_video:v8_video|altdpram:linebuf_rtl_0|dpram_nro1:auto_generated|lutrama15~MEMORYREGOUT
    Info (332098): From: emu:emu|maclc_v8_video:v8_video|altdpram:linebuf_rtl_0|dpram_nro1:auto_generated|lutrama160~CLKMUX_0  to: emu:emu|maclc_v8_video:v8_video|altdpram:linebuf_rtl_0|dpram_nro1:auto_generated|lutrama160~MEMORYREGOUT
    Info (332098): From: emu:emu|maclc_v8_video:v8_video|altdpram:linebuf_rtl_0|dpram_nro1:auto_generated|lutrama161~CLKMUX_0  to: emu:emu|maclc_v8_video:v8_video|altdpram:linebuf_rtl_0|dpram_nro1:auto_generated|lutrama161~MEMORYREGOUT
    Info (332098): From: emu:emu|maclc_v8_video:v8_video|altdpram:linebuf_rtl_0|dpram_nro1:auto_generated|lutrama162~CLKMUX_0  to: emu:emu|maclc_v8_video:v8_video|altdpram:linebuf_rtl_0|dpram_nro1:auto_generated|lutrama162~MEMORYREGOUT
    Info (332098): From: emu:emu|maclc_v8_video:v8_video|altdpram:linebuf_rtl_0|dpram_nro1:auto_generated|lutrama163~CLKMUX_0  to: emu:emu|maclc_v8_video:v8_video|altdpram:linebuf_rtl_0|dpram_nro1:auto_generated|lutrama163~MEMORYREGOUT
    Info (332098): From: emu:emu|maclc_v8_video:v8_video|altdpram:linebuf_rtl_0|dpram_nro1:auto_generated|lutrama164~CLKMUX_0  to: emu:emu|maclc_v8_video:v8_video|altdpram:linebuf_rtl_0|dpram_nro1:auto_generated|lutrama164~MEMORYREGOUT
    Info (332098): From: emu:emu|maclc_v8_video:v8_video|altdpram:linebuf_rtl_0|dpram_nro1:auto_generated|lutrama165~CLKMUX_0  to: emu:emu|maclc_v8_video:v8_video|altdpram:linebuf_rtl_0|dpram_nro1:auto_generated|lutrama165~MEMORYREGOUT
    Info (332098): From: emu:emu|maclc_v8_video:v8_video|altdpram:linebuf_rtl_0|dpram_nro1:auto_generated|lutrama166~CLKMUX_0  to: emu:emu|maclc_v8_video:v8_video|altdpram:linebuf_rtl_0|dpram_nro1:auto_generated|lutrama166~MEMORYREGOUT
    Info (332098): From: emu:emu|maclc_v8_video:v8_video|altdpram:linebuf_rtl_0|dpram_nro1:auto_generated|lutrama167~CLKMUX_0  to: emu:emu|maclc_v8_video:v8_video|altdpram:linebuf_rtl_0|dpram_nro1:auto_generated|lutrama167~MEMORYREGOUT
    Info (332098): From: emu:emu|maclc_v8_video:v8_video|altdpram:linebuf_rtl_0|dpram_nro1:auto_generated|lutrama168~CLKMUX_0  to: emu:emu|maclc_v8_video:v8_video|altdpram:linebuf_rtl_0|dpram_nro1:auto_generated|lutrama168~MEMORYREGOUT
    Info (332098): From: emu:emu|maclc_v8_video:v8_video|altdpram:linebuf_rtl_0|dpram_nro1:auto_generated|lutrama169~CLKMUX_0  to: emu:emu|maclc_v8_video:v8_video|altdpram:linebuf_rtl_0|dpram_nro1:auto_generated|lutrama169~MEMORYREGOUT
    Info (332098): From: emu:emu|maclc_v8_video:v8_video|altdpram:linebuf_rtl_0|dpram_nro1:auto_generated|lutrama16~CLKMUX_0  to: emu:emu|maclc_v8_video:v8_video|altdpram:linebuf_rtl_0|dpram_nro1:auto_generated|lutrama16~MEMORYREGOUT
    Info (332098): From: emu:emu|maclc_v8_video:v8_video|altdpram:linebuf_rtl_0|dpram_nro1:auto_generated|lutrama170~CLKMUX_0  to: emu:emu|maclc_v8_video:v8_video|altdpram:linebuf_rtl_0|dpram_nro1:auto_generated|lutrama170~MEMORYREGOUT
    Info (332098): From: emu:emu|maclc_v8_video:v8_video|altdpram:linebuf_rtl_0|dpram_nro1:auto_generated|lutrama171~CLKMUX_0  to: emu:emu|maclc_v8_video:v8_video|altdpram:linebuf_rtl_0|dpram_nro1:auto_generated|lutrama171~MEMORYREGOUT
    Info (332098): From: emu:emu|maclc_v8_video:v8_video|altdpram:linebuf_rtl_0|dpram_nro1:auto_generated|lutrama172~CLKMUX_0  to: emu:emu|maclc_v8_video:v8_video|altdpram:linebuf_rtl_0|dpram_nro1:auto_generated|lutrama172~MEMORYREGOUT
    Info (332098): From: emu:emu|maclc_v8_video:v8_video|altdpram:linebuf_rtl_0|dpram_nro1:auto_generated|lutrama173~CLKMUX_0  to: emu:emu|maclc_v8_video:v8_video|altdpram:linebuf_rtl_0|dpram_nro1:auto_generated|lutrama173~MEMORYREGOUT
    Info (332098): From: emu:emu|maclc_v8_video:v8_video|altdpram:linebuf_rtl_0|dpram_nro1:auto_generated|lutrama174~CLKMUX_0  to: emu:emu|maclc_v8_video:v8_video|altdpram:linebuf_rtl_0|dpram_nro1:auto_generated|lutrama174~MEMORYREGOUT
    Info (332098): From: emu:emu|maclc_v8_video:v8_video|altdpram:linebuf_rtl_0|dpram_nro1:auto_generated|lutrama175~CLKMUX_0  to: emu:emu|maclc_v8_video:v8_video|altdpram:linebuf_rtl_0|dpram_nro1:auto_generated|lutrama175~MEMORYREGOUT
    Info (332098): From: emu:emu|maclc_v8_video:v8_video|altdpram:linebuf_rtl_0|dpram_nro1:auto_generated|lutrama176~CLKMUX_0  to: emu:emu|maclc_v8_video:v8_video|altdpram:linebuf_rtl_0|dpram_nro1:auto_generated|lutrama176~MEMORYREGOUT
    Info (332098): From: emu:emu|maclc_v8_video:v8_video|altdpram:linebuf_rtl_0|dpram_nro1:auto_generated|lutrama177~CLKMUX_0  to: emu:emu|maclc_v8_video:v8_video|altdpram:linebuf_rtl_0|dpram_nro1:auto_generated|lutrama177~MEMORYREGOUT
    Info (332098): From: emu:emu|maclc_v8_video:v8_video|altdpram:linebuf_rtl_0|dpram_nro1:auto_generated|lutrama178~CLKMUX_0  to: emu:emu|maclc_v8_video:v8_video|altdpram:linebuf_rtl_0|dpram_nro1:auto_generated|lutrama178~MEMORYREGOUT
    Info (332098): From: emu:emu|maclc_v8_video:v8_video|altdpram:linebuf_rtl_0|dpram_nro1:auto_generated|lutrama179~CLKMUX_0  to: emu:emu|maclc_v8_video:v8_video|altdpram:linebuf_rtl_0|dpram_nro1:auto_generated|lutrama179~MEMORYREGOUT
    Info (332098): From: emu:emu|maclc_v8_video:v8_video|altdpram:linebuf_rtl_0|dpram_nro1:auto_generated|lutrama17~CLKMUX_0  to: emu:emu|maclc_v8_video:v8_video|altdpram:linebuf_rtl_0|dpram_nro1:auto_generated|lutrama17~MEMORYREGOUT
    Info (332098): From: emu:emu|maclc_v8_video:v8_video|altdpram:linebuf_rtl_0|dpram_nro1:auto_generated|lutrama180~CLKMUX_0  to: emu:emu|maclc_v8_video:v8_video|altdpram:linebuf_rtl_0|dpram_nro1:auto_generated|lutrama180~MEMORYREGOUT
    Info (332098): From: emu:emu|maclc_v8_video:v8_video|altdpram:linebuf_rtl_0|dpram_nro1:auto_generated|lutrama181~CLKMUX_0  to: emu:emu|maclc_v8_video:v8_video|altdpram:linebuf_rtl_0|dpram_nro1:auto_generated|lutrama181~MEMORYREGOUT
    Info (332098): From: emu:emu|maclc_v8_video:v8_video|altdpram:linebuf_rtl_0|dpram_nro1:auto_generated|lutrama182~CLKMUX_0  to: emu:emu|maclc_v8_video:v8_video|altdpram:linebuf_rtl_0|dpram_nro1:auto_generated|lutrama182~MEMORYREGOUT
    Info (332098): From: emu:emu|maclc_v8_video:v8_video|altdpram:linebuf_rtl_0|dpram_nro1:auto_generated|lutrama183~CLKMUX_0  to: emu:emu|maclc_v8_video:v8_video|altdpram:linebuf_rtl_0|dpram_nro1:auto_generated|lutrama183~MEMORYREGOUT
    Info (332098): From: emu:emu|maclc_v8_video:v8_video|altdpram:linebuf_rtl_0|dpram_nro1:auto_generated|lutrama184~CLKMUX_0  to: emu:emu|maclc_v8_video:v8_video|altdpram:linebuf_rtl_0|dpram_nro1:auto_generated|lutrama184~MEMORYREGOUT
    Info (332098): From: emu:emu|maclc_v8_video:v8_video|altdpram:linebuf_rtl_0|dpram_nro1:auto_generated|lutrama185~CLKMUX_0  to: emu:emu|maclc_v8_video:v8_video|altdpram:linebuf_rtl_0|dpram_nro1:auto_generated|lutrama185~MEMORYREGOUT
    Info (332098): From: emu:emu|maclc_v8_video:v8_video|altdpram:linebuf_rtl_0|dpram_nro1:auto_generated|lutrama186~CLKMUX_0  to: emu:emu|maclc_v8_video:v8_video|altdpram:linebuf_rtl_0|dpram_nro1:auto_generated|lutrama186~MEMORYREGOUT
    Info (332098): From: emu:emu|maclc_v8_video:v8_video|altdpram:linebuf_rtl_0|dpram_nro1:auto_generated|lutrama187~CLKMUX_0  to: emu:emu|maclc_v8_video:v8_video|altdpram:linebuf_rtl_0|dpram_nro1:auto_generated|lutrama187~MEMORYREGOUT
    Info (332098): From: emu:emu|maclc_v8_video:v8_video|altdpram:linebuf_rtl_0|dpram_nro1:auto_generated|lutrama188~CLKMUX_0  to: emu:emu|maclc_v8_video:v8_video|altdpram:linebuf_rtl_0|dpram_nro1:auto_generated|lutrama188~MEMORYREGOUT
    Info (332098): From: emu:emu|maclc_v8_video:v8_video|altdpram:linebuf_rtl_0|dpram_nro1:auto_generated|lutrama189~CLKMUX_0  to: emu:emu|maclc_v8_video:v8_video|altdpram:linebuf_rtl_0|dpram_nro1:auto_generated|lutrama189~MEMORYREGOUT
    Info (332098): From: emu:emu|maclc_v8_video:v8_video|altdpram:linebuf_rtl_0|dpram_nro1:auto_generated|lutrama18~CLKMUX_0  to: emu:emu|maclc_v8_video:v8_video|altdpram:linebuf_rtl_0|dpram_nro1:auto_generated|lutrama18~MEMORYREGOUT
    Info (332098): From: emu:emu|maclc_v8_video:v8_video|altdpram:linebuf_rtl_0|dpram_nro1:auto_generated|lutrama190~CLKMUX_0  to: emu:emu|maclc_v8_video:v8_video|altdpram:linebuf_rtl_0|dpram_nro1:auto_generated|lutrama190~MEMORYREGOUT
    Info (332098): From: emu:emu|maclc_v8_video:v8_video|altdpram:linebuf_rtl_0|dpram_nro1:auto_generated|lutrama191~CLKMUX_0  to: emu:emu|maclc_v8_video:v8_video|altdpram:linebuf_rtl_0|dpram_nro1:auto_generated|lutrama191~MEMORYREGOUT
    Info (332098): From: emu:emu|maclc_v8_video:v8_video|altdpram:linebuf_rtl_0|dpram_nro1:auto_generated|lutrama192~CLKMUX_0  to: emu:emu|maclc_v8_video:v8_video|altdpram:linebuf_rtl_0|dpram_nro1:auto_generated|lutrama192~MEMORYREGOUT
    Info (332098): From: emu:emu|maclc_v8_video:v8_video|altdpram:linebuf_rtl_0|dpram_nro1:auto_generated|lutrama193~CLKMUX_0  to: emu:emu|maclc_v8_video:v8_video|altdpram:linebuf_rtl_0|dpram_nro1:auto_generated|lutrama193~MEMORYREGOUT
    Info (332098): From: emu:emu|maclc_v8_video:v8_video|altdpram:linebuf_rtl_0|dpram_nro1:auto_generated|lutrama194~CLKMUX_0  to: emu:emu|maclc_v8_video:v8_video|altdpram:linebuf_rtl_0|dpram_nro1:auto_generated|lutrama194~MEMORYREGOUT
    Info (332098): From: emu:emu|maclc_v8_video:v8_video|altdpram:linebuf_rtl_0|dpram_nro1:auto_generated|lutrama195~CLKMUX_0  to: emu:emu|maclc_v8_video:v8_video|altdpram:linebuf_rtl_0|dpram_nro1:auto_generated|lutrama195~MEMORYREGOUT
    Info (332098): From: emu:emu|maclc_v8_video:v8_video|altdpram:linebuf_rtl_0|dpram_nro1:auto_generated|lutrama196~CLKMUX_0  to: emu:emu|maclc_v8_video:v8_video|altdpram:linebuf_rtl_0|dpram_nro1:auto_generated|lutrama196~MEMORYREGOUT
    Info (332098): From: emu:emu|maclc_v8_video:v8_video|altdpram:linebuf_rtl_0|dpram_nro1:auto_generated|lutrama197~CLKMUX_0  to: emu:emu|maclc_v8_video:v8_video|altdpram:linebuf_rtl_0|dpram_nro1:auto_generated|lutrama197~MEMORYREGOUT
    Info (332098): From: emu:emu|maclc_v8_video:v8_video|altdpram:linebuf_rtl_0|dpram_nro1:auto_generated|lutrama198~CLKMUX_0  to: emu:emu|maclc_v8_video:v8_video|altdpram:linebuf_rtl_0|dpram_nro1:auto_generated|lutrama198~MEMORYREGOUT
    Info (332098): From: emu:emu|maclc_v8_video:v8_video|altdpram:linebuf_rtl_0|dpram_nro1:auto_generated|lutrama199~CLKMUX_0  to: emu:emu|maclc_v8_video:v8_video|altdpram:linebuf_rtl_0|dpram_nro1:auto_generated|lutrama199~MEMORYREGOUT
    Info (332098): From: emu:emu|maclc_v8_video:v8_video|altdpram:linebuf_rtl_0|dpram_nro1:auto_generated|lutrama19~CLKMUX_0  to: emu:emu|maclc_v8_video:v8_video|altdpram:linebuf_rtl_0|dpram_nro1:auto_generated|lutrama19~MEMORYREGOUT
    Info (332098): From: emu:emu|maclc_v8_video:v8_video|altdpram:linebuf_rtl_0|dpram_nro1:auto_generated|lutrama1~CLKMUX_0  to: emu:emu|maclc_v8_video:v8_video|altdpram:linebuf_rtl_0|dpram_nro1:auto_generated|lutrama1~MEMORYREGOUT
    Info (332098): From: emu:emu|maclc_v8_video:v8_video|altdpram:linebuf_rtl_0|dpram_nro1:auto_generated|lutrama200~CLKMUX_0  to: emu:emu|maclc_v8_video:v8_video|altdpram:linebuf_rtl_0|dpram_nro1:auto_generated|lutrama200~MEMORYREGOUT
    Info (332098): From: emu:emu|maclc_v8_video:v8_video|altdpram:linebuf_rtl_0|dpram_nro1:auto_generated|lutrama201~CLKMUX_0  to: emu:emu|maclc_v8_video:v8_video|altdpram:linebuf_rtl_0|dpram_nro1:auto_generated|lutrama201~MEMORYREGOUT
    Info (332098): From: emu:emu|maclc_v8_video:v8_video|altdpram:linebuf_rtl_0|dpram_nro1:auto_generated|lutrama202~CLKMUX_0  to: emu:emu|maclc_v8_video:v8_video|altdpram:linebuf_rtl_0|dpram_nro1:auto_generated|lutrama202~MEMORYREGOUT
    Info (332098): From: emu:emu|maclc_v8_video:v8_video|altdpram:linebuf_rtl_0|dpram_nro1:auto_generated|lutrama203~CLKMUX_0  to: emu:emu|maclc_v8_video:v8_video|altdpram:linebuf_rtl_0|dpram_nro1:auto_generated|lutrama203~MEMORYREGOUT
    Info (332098): From: emu:emu|maclc_v8_video:v8_video|altdpram:linebuf_rtl_0|dpram_nro1:auto_generated|lutrama204~CLKMUX_0  to: emu:emu|maclc_v8_video:v8_video|altdpram:linebuf_rtl_0|dpram_nro1:auto_generated|lutrama204~MEMORYREGOUT
    Info (332098): From: emu:emu|maclc_v8_video:v8_video|altdpram:linebuf_rtl_0|dpram_nro1:auto_generated|lutrama205~CLKMUX_0  to: emu:emu|maclc_v8_video:v8_video|altdpram:linebuf_rtl_0|dpram_nro1:auto_generated|lutrama205~MEMORYREGOUT
    Info (332098): From: emu:emu|maclc_v8_video:v8_video|altdpram:linebuf_rtl_0|dpram_nro1:auto_generated|lutrama206~CLKMUX_0  to: emu:emu|maclc_v8_video:v8_video|altdpram:linebuf_rtl_0|dpram_nro1:auto_generated|lutrama206~MEMORYREGOUT
    Info (332098): From: emu:emu|maclc_v8_video:v8_video|altdpram:linebuf_rtl_0|dpram_nro1:auto_generated|lutrama207~CLKMUX_0  to: emu:emu|maclc_v8_video:v8_video|altdpram:linebuf_rtl_0|dpram_nro1:auto_generated|lutrama207~MEMORYREGOUT
    Info (332098): From: emu:emu|maclc_v8_video:v8_video|altdpram:linebuf_rtl_0|dpram_nro1:auto_generated|lutrama208~CLKMUX_0  to: emu:emu|maclc_v8_video:v8_video|altdpram:linebuf_rtl_0|dpram_nro1:auto_generated|lutrama208~MEMORYREGOUT
    Info (332098): From: emu:emu|maclc_v8_video:v8_video|altdpram:linebuf_rtl_0|dpram_nro1:auto_generated|lutrama209~CLKMUX_0  to: emu:emu|maclc_v8_video:v8_video|altdpram:linebuf_rtl_0|dpram_nro1:auto_generated|lutrama209~MEMORYREGOUT
    Info (332098): From: emu:emu|maclc_v8_video:v8_video|altdpram:linebuf_rtl_0|dpram_nro1:auto_generated|lutrama20~CLKMUX_0  to: emu:emu|maclc_v8_video:v8_video|altdpram:linebuf_rtl_0|dpram_nro1:auto_generated|lutrama20~MEMORYREGOUT
    Info (332098): From: emu:emu|maclc_v8_video:v8_video|altdpram:linebuf_rtl_0|dpram_nro1:auto_generated|lutrama210~CLKMUX_0  to: emu:emu|maclc_v8_video:v8_video|altdpram:linebuf_rtl_0|dpram_nro1:auto_generated|lutrama210~MEMORYREGOUT
    Info (332098): From: emu:emu|maclc_v8_video:v8_video|altdpram:linebuf_rtl_0|dpram_nro1:auto_generated|lutrama211~CLKMUX_0  to: emu:emu|maclc_v8_video:v8_video|altdpram:linebuf_rtl_0|dpram_nro1:auto_generated|lutrama211~MEMORYREGOUT
    Info (332098): From: emu:emu|maclc_v8_video:v8_video|altdpram:linebuf_rtl_0|dpram_nro1:auto_generated|lutrama212~CLKMUX_0  to: emu:emu|maclc_v8_video:v8_video|altdpram:linebuf_rtl_0|dpram_nro1:auto_generated|lutrama212~MEMORYREGOUT
    Info (332098): From: emu:emu|maclc_v8_video:v8_video|altdpram:linebuf_rtl_0|dpram_nro1:auto_generated|lutrama213~CLKMUX_0  to: emu:emu|maclc_v8_video:v8_video|altdpram:linebuf_rtl_0|dpram_nro1:auto_generated|lutrama213~MEMORYREGOUT
    Info (332098): From: emu:emu|maclc_v8_video:v8_video|altdpram:linebuf_rtl_0|dpram_nro1:auto_generated|lutrama214~CLKMUX_0  to: emu:emu|maclc_v8_video:v8_video|altdpram:linebuf_rtl_0|dpram_nro1:auto_generated|lutrama214~MEMORYREGOUT
    Info (332098): From: emu:emu|maclc_v8_video:v8_video|altdpram:linebuf_rtl_0|dpram_nro1:auto_generated|lutrama215~CLKMUX_0  to: emu:emu|maclc_v8_video:v8_video|altdpram:linebuf_rtl_0|dpram_nro1:auto_generated|lutrama215~MEMORYREGOUT
    Info (332098): From: emu:emu|maclc_v8_video:v8_video|altdpram:linebuf_rtl_0|dpram_nro1:auto_generated|lutrama216~CLKMUX_0  to: emu:emu|maclc_v8_video:v8_video|altdpram:linebuf_rtl_0|dpram_nro1:auto_generated|lutrama216~MEMORYREGOUT
    Info (332098): From: emu:emu|maclc_v8_video:v8_video|altdpram:linebuf_rtl_0|dpram_nro1:auto_generated|lutrama217~CLKMUX_0  to: emu:emu|maclc_v8_video:v8_video|altdpram:linebuf_rtl_0|dpram_nro1:auto_generated|lutrama217~MEMORYREGOUT
    Info (332098): From: emu:emu|maclc_v8_video:v8_video|altdpram:linebuf_rtl_0|dpram_nro1:auto_generated|lutrama218~CLKMUX_0  to: emu:emu|maclc_v8_video:v8_video|altdpram:linebuf_rtl_0|dpram_nro1:auto_generated|lutrama218~MEMORYREGOUT
    Info (332098): From: emu:emu|maclc_v8_video:v8_video|altdpram:linebuf_rtl_0|dpram_nro1:auto_generated|lutrama219~CLKMUX_0  to: emu:emu|maclc_v8_video:v8_video|altdpram:linebuf_rtl_0|dpram_nro1:auto_generated|lutrama219~MEMORYREGOUT
    Info (332098): From: emu:emu|maclc_v8_video:v8_video|altdpram:linebuf_rtl_0|dpram_nro1:auto_generated|lutrama21~CLKMUX_0  to: emu:emu|maclc_v8_video:v8_video|altdpram:linebuf_rtl_0|dpram_nro1:auto_generated|lutrama21~MEMORYREGOUT
    Info (332098): From: emu:emu|maclc_v8_video:v8_video|altdpram:linebuf_rtl_0|dpram_nro1:auto_generated|lutrama220~CLKMUX_0  to: emu:emu|maclc_v8_video:v8_video|altdpram:linebuf_rtl_0|dpram_nro1:auto_generated|lutrama220~MEMORYREGOUT
    Info (332098): From: emu:emu|maclc_v8_video:v8_video|altdpram:linebuf_rtl_0|dpram_nro1:auto_generated|lutrama221~CLKMUX_0  to: emu:emu|maclc_v8_video:v8_video|altdpram:linebuf_rtl_0|dpram_nro1:auto_generated|lutrama221~MEMORYREGOUT
    Info (332098): From: emu:emu|maclc_v8_video:v8_video|altdpram:linebuf_rtl_0|dpram_nro1:auto_generated|lutrama222~CLKMUX_0  to: emu:emu|maclc_v8_video:v8_video|altdpram:linebuf_rtl_0|dpram_nro1:auto_generated|lutrama222~MEMORYREGOUT
    Info (332098): From: emu:emu|maclc_v8_video:v8_video|altdpram:linebuf_rtl_0|dpram_nro1:auto_generated|lutrama223~CLKMUX_0  to: emu:emu|maclc_v8_video:v8_video|altdpram:linebuf_rtl_0|dpram_nro1:auto_generated|lutrama223~MEMORYREGOUT
    Info (332098): From: emu:emu|maclc_v8_video:v8_video|altdpram:linebuf_rtl_0|dpram_nro1:auto_generated|lutrama224~CLKMUX_0  to: emu:emu|maclc_v8_video:v8_video|altdpram:linebuf_rtl_0|dpram_nro1:auto_generated|lutrama224~MEMORYREGOUT
    Info (332098): From: emu:emu|maclc_v8_video:v8_video|altdpram:linebuf_rtl_0|dpram_nro1:auto_generated|lutrama225~CLKMUX_0  to: emu:emu|maclc_v8_video:v8_video|altdpram:linebuf_rtl_0|dpram_nro1:auto_generated|lutrama225~MEMORYREGOUT
    Info (332098): From: emu:emu|maclc_v8_video:v8_video|altdpram:linebuf_rtl_0|dpram_nro1:auto_generated|lutrama226~CLKMUX_0  to: emu:emu|maclc_v8_video:v8_video|altdpram:linebuf_rtl_0|dpram_nro1:auto_generated|lutrama226~MEMORYREGOUT
    Info (332098): From: emu:emu|maclc_v8_video:v8_video|altdpram:linebuf_rtl_0|dpram_nro1:auto_generated|lutrama227~CLKMUX_0  to: emu:emu|maclc_v8_video:v8_video|altdpram:linebuf_rtl_0|dpram_nro1:auto_generated|lutrama227~MEMORYREGOUT
    Info (332098): From: emu:emu|maclc_v8_video:v8_video|altdpram:linebuf_rtl_0|dpram_nro1:auto_generated|lutrama228~CLKMUX_0  to: emu:emu|maclc_v8_video:v8_video|altdpram:linebuf_rtl_0|dpram_nro1:auto_generated|lutrama228~MEMORYREGOUT
    Info (332098): From: emu:emu|maclc_v8_video:v8_video|altdpram:linebuf_rtl_0|dpram_nro1:auto_generated|lutrama229~CLKMUX_0  to: emu:emu|maclc_v8_video:v8_video|altdpram:linebuf_rtl_0|dpram_nro1:auto_generated|lutrama229~MEMORYREGOUT
    Info (332098): From: emu:emu|maclc_v8_video:v8_video|altdpram:linebuf_rtl_0|dpram_nro1:auto_generated|lutrama22~CLKMUX_0  to: emu:emu|maclc_v8_video:v8_video|altdpram:linebuf_rtl_0|dpram_nro1:auto_generated|lutrama22~MEMORYREGOUT
    Info (332098): From: emu:emu|maclc_v8_video:v8_video|altdpram:linebuf_rtl_0|dpram_nro1:auto_generated|lutrama230~CLKMUX_0  to: emu:emu|maclc_v8_video:v8_video|altdpram:linebuf_rtl_0|dpram_nro1:auto_generated|lutrama230~MEMORYREGOUT
    Info (332098): From: emu:emu|maclc_v8_video:v8_video|altdpram:linebuf_rtl_0|dpram_nro1:auto_generated|lutrama231~CLKMUX_0  to: emu:emu|maclc_v8_video:v8_video|altdpram:linebuf_rtl_0|dpram_nro1:auto_generated|lutrama231~MEMORYREGOUT
    Info (332098): From: emu:emu|maclc_v8_video:v8_video|altdpram:linebuf_rtl_0|dpram_nro1:auto_generated|lutrama232~CLKMUX_0  to: emu:emu|maclc_v8_video:v8_video|altdpram:linebuf_rtl_0|dpram_nro1:auto_generated|lutrama232~MEMORYREGOUT
    Info (332098): From: emu:emu|maclc_v8_video:v8_video|altdpram:linebuf_rtl_0|dpram_nro1:auto_generated|lutrama233~CLKMUX_0  to: emu:emu|maclc_v8_video:v8_video|altdpram:linebuf_rtl_0|dpram_nro1:auto_generated|lutrama233~MEMORYREGOUT
    Info (332098): From: emu:emu|maclc_v8_video:v8_video|altdpram:linebuf_rtl_0|dpram_nro1:auto_generated|lutrama234~CLKMUX_0  to: emu:emu|maclc_v8_video:v8_video|altdpram:linebuf_rtl_0|dpram_nro1:auto_generated|lutrama234~MEMORYREGOUT
    Info (332098): From: emu:emu|maclc_v8_video:v8_video|altdpram:linebuf_rtl_0|dpram_nro1:auto_generated|lutrama235~CLKMUX_0  to: emu:emu|maclc_v8_video:v8_video|altdpram:linebuf_rtl_0|dpram_nro1:auto_generated|lutrama235~MEMORYREGOUT
    Info (332098): From: emu:emu|maclc_v8_video:v8_video|altdpram:linebuf_rtl_0|dpram_nro1:auto_generated|lutrama236~CLKMUX_0  to: emu:emu|maclc_v8_video:v8_video|altdpram:linebuf_rtl_0|dpram_nro1:auto_generated|lutrama236~MEMORYREGOUT
    Info (332098): From: emu:emu|maclc_v8_video:v8_video|altdpram:linebuf_rtl_0|dpram_nro1:auto_generated|lutrama237~CLKMUX_0  to: emu:emu|maclc_v8_video:v8_video|altdpram:linebuf_rtl_0|dpram_nro1:auto_generated|lutrama237~MEMORYREGOUT
    Info (332098): From: emu:emu|maclc_v8_video:v8_video|altdpram:linebuf_rtl_0|dpram_nro1:auto_generated|lutrama238~CLKMUX_0  to: emu:emu|maclc_v8_video:v8_video|altdpram:linebuf_rtl_0|dpram_nro1:auto_generated|lutrama238~MEMORYREGOUT
    Info (332098): From: emu:emu|maclc_v8_video:v8_video|altdpram:linebuf_rtl_0|dpram_nro1:auto_generated|lutrama239~CLKMUX_0  to: emu:emu|maclc_v8_video:v8_video|altdpram:linebuf_rtl_0|dpram_nro1:auto_generated|lutrama239~MEMORYREGOUT
    Info (332098): From: emu:emu|maclc_v8_video:v8_video|altdpram:linebuf_rtl_0|dpram_nro1:auto_generated|lutrama23~CLKMUX_0  to: emu:emu|maclc_v8_video:v8_video|altdpram:linebuf_rtl_0|dpram_nro1:auto_generated|lutrama23~MEMORYREGOUT
    Info (332098): From: emu:emu|maclc_v8_video:v8_video|altdpram:linebuf_rtl_0|dpram_nro1:auto_generated|lutrama240~CLKMUX_0  to: emu:emu|maclc_v8_video:v8_video|altdpram:linebuf_rtl_0|dpram_nro1:auto_generated|lutrama240~MEMORYREGOUT
    Info (332098): From: emu:emu|maclc_v8_video:v8_video|altdpram:linebuf_rtl_0|dpram_nro1:auto_generated|lutrama241~CLKMUX_0  to: emu:emu|maclc_v8_video:v8_video|altdpram:linebuf_rtl_0|dpram_nro1:auto_generated|lutrama241~MEMORYREGOUT
    Info (332098): From: emu:emu|maclc_v8_video:v8_video|altdpram:linebuf_rtl_0|dpram_nro1:auto_generated|lutrama242~CLKMUX_0  to: emu:emu|maclc_v8_video:v8_video|altdpram:linebuf_rtl_0|dpram_nro1:auto_generated|lutrama242~MEMORYREGOUT
    Info (332098): From: emu:emu|maclc_v8_video:v8_video|altdpram:linebuf_rtl_0|dpram_nro1:auto_generated|lutrama243~CLKMUX_0  to: emu:emu|maclc_v8_video:v8_video|altdpram:linebuf_rtl_0|dpram_nro1:auto_generated|lutrama243~MEMORYREGOUT
    Info (332098): From: emu:emu|maclc_v8_video:v8_video|altdpram:linebuf_rtl_0|dpram_nro1:auto_generated|lutrama244~CLKMUX_0  to: emu:emu|maclc_v8_video:v8_video|altdpram:linebuf_rtl_0|dpram_nro1:auto_generated|lutrama244~MEMORYREGOUT
    Info (332098): From: emu:emu|maclc_v8_video:v8_video|altdpram:linebuf_rtl_0|dpram_nro1:auto_generated|lutrama245~CLKMUX_0  to: emu:emu|maclc_v8_video:v8_video|altdpram:linebuf_rtl_0|dpram_nro1:auto_generated|lutrama245~MEMORYREGOUT
    Info (332098): From: emu:emu|maclc_v8_video:v8_video|altdpram:linebuf_rtl_0|dpram_nro1:auto_generated|lutrama246~CLKMUX_0  to: emu:emu|maclc_v8_video:v8_video|altdpram:linebuf_rtl_0|dpram_nro1:auto_generated|lutrama246~MEMORYREGOUT
    Info (332098): From: emu:emu|maclc_v8_video:v8_video|altdpram:linebuf_rtl_0|dpram_nro1:auto_generated|lutrama247~CLKMUX_0  to: emu:emu|maclc_v8_video:v8_video|altdpram:linebuf_rtl_0|dpram_nro1:auto_generated|lutrama247~MEMORYREGOUT
    Info (332098): From: emu:emu|maclc_v8_video:v8_video|altdpram:linebuf_rtl_0|dpram_nro1:auto_generated|lutrama248~CLKMUX_0  to: emu:emu|maclc_v8_video:v8_video|altdpram:linebuf_rtl_0|dpram_nro1:auto_generated|lutrama248~MEMORYREGOUT
    Info (332098): From: emu:emu|maclc_v8_video:v8_video|altdpram:linebuf_rtl_0|dpram_nro1:auto_generated|lutrama249~CLKMUX_0  to: emu:emu|maclc_v8_video:v8_video|altdpram:linebuf_rtl_0|dpram_nro1:auto_generated|lutrama249~MEMORYREGOUT
    Info (332098): From: emu:emu|maclc_v8_video:v8_video|altdpram:linebuf_rtl_0|dpram_nro1:auto_generated|lutrama24~CLKMUX_0  to: emu:emu|maclc_v8_video:v8_video|altdpram:linebuf_rtl_0|dpram_nro1:auto_generated|lutrama24~MEMORYREGOUT
    Info (332098): From: emu:emu|maclc_v8_video:v8_video|altdpram:linebuf_rtl_0|dpram_nro1:auto_generated|lutrama250~CLKMUX_0  to: emu:emu|maclc_v8_video:v8_video|altdpram:linebuf_rtl_0|dpram_nro1:auto_generated|lutrama250~MEMORYREGOUT
    Info (332098): From: emu:emu|maclc_v8_video:v8_video|altdpram:linebuf_rtl_0|dpram_nro1:auto_generated|lutrama251~CLKMUX_0  to: emu:emu|maclc_v8_video:v8_video|altdpram:linebuf_rtl_0|dpram_nro1:auto_generated|lutrama251~MEMORYREGOUT
    Info (332098): From: emu:emu|maclc_v8_video:v8_video|altdpram:linebuf_rtl_0|dpram_nro1:auto_generated|lutrama252~CLKMUX_0  to: emu:emu|maclc_v8_video:v8_video|altdpram:linebuf_rtl_0|dpram_nro1:auto_generated|lutrama252~MEMORYREGOUT
    Info (332098): From: emu:emu|maclc_v8_video:v8_video|altdpram:linebuf_rtl_0|dpram_nro1:auto_generated|lutrama253~CLKMUX_0  to: emu:emu|maclc_v8_video:v8_video|altdpram:linebuf_rtl_0|dpram_nro1:auto_generated|lutrama253~MEMORYREGOUT
    Info (332098): From: emu:emu|maclc_v8_video:v8_video|altdpram:linebuf_rtl_0|dpram_nro1:auto_generated|lutrama254~CLKMUX_0  to: emu:emu|maclc_v8_video:v8_video|altdpram:linebuf_rtl_0|dpram_nro1:auto_generated|lutrama254~MEMORYREGOUT
    Info (332098): From: emu:emu|maclc_v8_video:v8_video|altdpram:linebuf_rtl_0|dpram_nro1:auto_generated|lutrama255~CLKMUX_0  to: emu:emu|maclc_v8_video:v8_video|altdpram:linebuf_rtl_0|dpram_nro1:auto_generated|lutrama255~MEMORYREGOUT
    Info (332098): From: emu:emu|maclc_v8_video:v8_video|altdpram:linebuf_rtl_0|dpram_nro1:auto_generated|lutrama256~CLKMUX_0  to: emu:emu|maclc_v8_video:v8_video|altdpram:linebuf_rtl_0|dpram_nro1:auto_generated|lutrama256~MEMORYREGOUT
    Info (332098): From: emu:emu|maclc_v8_video:v8_video|altdpram:linebuf_rtl_0|dpram_nro1:auto_generated|lutrama257~CLKMUX_0  to: emu:emu|maclc_v8_video:v8_video|altdpram:linebuf_rtl_0|dpram_nro1:auto_generated|lutrama257~MEMORYREGOUT
    Info (332098): From: emu:emu|maclc_v8_video:v8_video|altdpram:linebuf_rtl_0|dpram_nro1:auto_generated|lutrama258~CLKMUX_0  to: emu:emu|maclc_v8_video:v8_video|altdpram:linebuf_rtl_0|dpram_nro1:auto_generated|lutrama258~MEMORYREGOUT
    Info (332098): From: emu:emu|maclc_v8_video:v8_video|altdpram:linebuf_rtl_0|dpram_nro1:auto_generated|lutrama259~CLKMUX_0  to: emu:emu|maclc_v8_video:v8_video|altdpram:linebuf_rtl_0|dpram_nro1:auto_generated|lutrama259~MEMORYREGOUT
    Info (332098): From: emu:emu|maclc_v8_video:v8_video|altdpram:linebuf_rtl_0|dpram_nro1:auto_generated|lutrama25~CLKMUX_0  to: emu:emu|maclc_v8_video:v8_video|altdpram:linebuf_rtl_0|dpram_nro1:auto_generated|lutrama25~MEMORYREGOUT
    Info (332098): From: emu:emu|maclc_v8_video:v8_video|altdpram:linebuf_rtl_0|dpram_nro1:auto_generated|lutrama260~CLKMUX_0  to: emu:emu|maclc_v8_video:v8_video|altdpram:linebuf_rtl_0|dpram_nro1:auto_generated|lutrama260~MEMORYREGOUT
    Info (332098): From: emu:emu|maclc_v8_video:v8_video|altdpram:linebuf_rtl_0|dpram_nro1:auto_generated|lutrama261~CLKMUX_0  to: emu:emu|maclc_v8_video:v8_video|altdpram:linebuf_rtl_0|dpram_nro1:auto_generated|lutrama261~MEMORYREGOUT
    Info (332098): From: emu:emu|maclc_v8_video:v8_video|altdpram:linebuf_rtl_0|dpram_nro1:auto_generated|lutrama262~CLKMUX_0  to: emu:emu|maclc_v8_video:v8_video|altdpram:linebuf_rtl_0|dpram_nro1:auto_generated|lutrama262~MEMORYREGOUT
    Info (332098): From: emu:emu|maclc_v8_video:v8_video|altdpram:linebuf_rtl_0|dpram_nro1:auto_generated|lutrama263~CLKMUX_0  to: emu:emu|maclc_v8_video:v8_video|altdpram:linebuf_rtl_0|dpram_nro1:auto_generated|lutrama263~MEMORYREGOUT
    Info (332098): From: emu:emu|maclc_v8_video:v8_video|altdpram:linebuf_rtl_0|dpram_nro1:auto_generated|lutrama264~CLKMUX_0  to: emu:emu|maclc_v8_video:v8_video|altdpram:linebuf_rtl_0|dpram_nro1:auto_generated|lutrama264~MEMORYREGOUT
    Info (332098): From: emu:emu|maclc_v8_video:v8_video|altdpram:linebuf_rtl_0|dpram_nro1:auto_generated|lutrama265~CLKMUX_0  to: emu:emu|maclc_v8_video:v8_video|altdpram:linebuf_rtl_0|dpram_nro1:auto_generated|lutrama265~MEMORYREGOUT
    Info (332098): From: emu:emu|maclc_v8_video:v8_video|altdpram:linebuf_rtl_0|dpram_nro1:auto_generated|lutrama266~CLKMUX_0  to: emu:emu|maclc_v8_video:v8_video|altdpram:linebuf_rtl_0|dpram_nro1:auto_generated|lutrama266~MEMORYREGOUT
    Info (332098): From: emu:emu|maclc_v8_video:v8_video|altdpram:linebuf_rtl_0|dpram_nro1:auto_generated|lutrama267~CLKMUX_0  to: emu:emu|maclc_v8_video:v8_video|altdpram:linebuf_rtl_0|dpram_nro1:auto_generated|lutrama267~MEMORYREGOUT
    Info (332098): From: emu:emu|maclc_v8_video:v8_video|altdpram:linebuf_rtl_0|dpram_nro1:auto_generated|lutrama268~CLKMUX_0  to: emu:emu|maclc_v8_video:v8_video|altdpram:linebuf_rtl_0|dpram_nro1:auto_generated|lutrama268~MEMORYREGOUT
    Info (332098): From: emu:emu|maclc_v8_video:v8_video|altdpram:linebuf_rtl_0|dpram_nro1:auto_generated|lutrama269~CLKMUX_0  to: emu:emu|maclc_v8_video:v8_video|altdpram:linebuf_rtl_0|dpram_nro1:auto_generated|lutrama269~MEMORYREGOUT
    Info (332098): From: emu:emu|maclc_v8_video:v8_video|altdpram:linebuf_rtl_0|dpram_nro1:auto_generated|lutrama26~CLKMUX_0  to: emu:emu|maclc_v8_video:v8_video|altdpram:linebuf_rtl_0|dpram_nro1:auto_generated|lutrama26~MEMORYREGOUT
    Info (332098): From: emu:emu|maclc_v8_video:v8_video|altdpram:linebuf_rtl_0|dpram_nro1:auto_generated|lutrama270~CLKMUX_0  to: emu:emu|maclc_v8_video:v8_video|altdpram:linebuf_rtl_0|dpram_nro1:auto_generated|lutrama270~MEMORYREGOUT
    Info (332098): From: emu:emu|maclc_v8_video:v8_video|altdpram:linebuf_rtl_0|dpram_nro1:auto_generated|lutrama271~CLKMUX_0  to: emu:emu|maclc_v8_video:v8_video|altdpram:linebuf_rtl_0|dpram_nro1:auto_generated|lutrama271~MEMORYREGOUT
    Info (332098): From: emu:emu|maclc_v8_video:v8_video|altdpram:linebuf_rtl_0|dpram_nro1:auto_generated|lutrama272~CLKMUX_0  to: emu:emu|maclc_v8_video:v8_video|altdpram:linebuf_rtl_0|dpram_nro1:auto_generated|lutrama272~MEMORYREGOUT
    Info (332098): From: emu:emu|maclc_v8_video:v8_video|altdpram:linebuf_rtl_0|dpram_nro1:auto_generated|lutrama273~CLKMUX_0  to: emu:emu|maclc_v8_video:v8_video|altdpram:linebuf_rtl_0|dpram_nro1:auto_generated|lutrama273~MEMORYREGOUT
    Info (332098): From: emu:emu|maclc_v8_video:v8_video|altdpram:linebuf_rtl_0|dpram_nro1:auto_generated|lutrama274~CLKMUX_0  to: emu:emu|maclc_v8_video:v8_video|altdpram:linebuf_rtl_0|dpram_nro1:auto_generated|lutrama274~MEMORYREGOUT
    Info (332098): From: emu:emu|maclc_v8_video:v8_video|altdpram:linebuf_rtl_0|dpram_nro1:auto_generated|lutrama275~CLKMUX_0  to: emu:emu|maclc_v8_video:v8_video|altdpram:linebuf_rtl_0|dpram_nro1:auto_generated|lutrama275~MEMORYREGOUT
    Info (332098): From: emu:emu|maclc_v8_video:v8_video|altdpram:linebuf_rtl_0|dpram_nro1:auto_generated|lutrama276~CLKMUX_0  to: emu:emu|maclc_v8_video:v8_video|altdpram:linebuf_rtl_0|dpram_nro1:auto_generated|lutrama276~MEMORYREGOUT
    Info (332098): From: emu:emu|maclc_v8_video:v8_video|altdpram:linebuf_rtl_0|dpram_nro1:auto_generated|lutrama277~CLKMUX_0  to: emu:emu|maclc_v8_video:v8_video|altdpram:linebuf_rtl_0|dpram_nro1:auto_generated|lutrama277~MEMORYREGOUT
    Info (332098): From: emu:emu|maclc_v8_video:v8_video|altdpram:linebuf_rtl_0|dpram_nro1:auto_generated|lutrama278~CLKMUX_0  to: emu:emu|maclc_v8_video:v8_video|altdpram:linebuf_rtl_0|dpram_nro1:auto_generated|lutrama278~MEMORYREGOUT
    Info (332098): From: emu:emu|maclc_v8_video:v8_video|altdpram:linebuf_rtl_0|dpram_nro1:auto_generated|lutrama279~CLKMUX_0  to: emu:emu|maclc_v8_video:v8_video|altdpram:linebuf_rtl_0|dpram_nro1:auto_generated|lutrama279~MEMORYREGOUT
    Info (332098): From: emu:emu|maclc_v8_video:v8_video|altdpram:linebuf_rtl_0|dpram_nro1:auto_generated|lutrama27~CLKMUX_0  to: emu:emu|maclc_v8_video:v8_video|altdpram:linebuf_rtl_0|dpram_nro1:auto_generated|lutrama27~MEMORYREGOUT
    Info (332098): From: emu:emu|maclc_v8_video:v8_video|altdpram:linebuf_rtl_0|dpram_nro1:auto_generated|lutrama280~CLKMUX_0  to: emu:emu|maclc_v8_video:v8_video|altdpram:linebuf_rtl_0|dpram_nro1:auto_generated|lutrama280~MEMORYREGOUT
    Info (332098): From: emu:emu|maclc_v8_video:v8_video|altdpram:linebuf_rtl_0|dpram_nro1:auto_generated|lutrama281~CLKMUX_0  to: emu:emu|maclc_v8_video:v8_video|altdpram:linebuf_rtl_0|dpram_nro1:auto_generated|lutrama281~MEMORYREGOUT
    Info (332098): From: emu:emu|maclc_v8_video:v8_video|altdpram:linebuf_rtl_0|dpram_nro1:auto_generated|lutrama282~CLKMUX_0  to: emu:emu|maclc_v8_video:v8_video|altdpram:linebuf_rtl_0|dpram_nro1:auto_generated|lutrama282~MEMORYREGOUT
    Info (332098): From: emu:emu|maclc_v8_video:v8_video|altdpram:linebuf_rtl_0|dpram_nro1:auto_generated|lutrama283~CLKMUX_0  to: emu:emu|maclc_v8_video:v8_video|altdpram:linebuf_rtl_0|dpram_nro1:auto_generated|lutrama283~MEMORYREGOUT
    Info (332098): From: emu:emu|maclc_v8_video:v8_video|altdpram:linebuf_rtl_0|dpram_nro1:auto_generated|lutrama284~CLKMUX_0  to: emu:emu|maclc_v8_video:v8_video|altdpram:linebuf_rtl_0|dpram_nro1:auto_generated|lutrama284~MEMORYREGOUT
    Info (332098): From: emu:emu|maclc_v8_video:v8_video|altdpram:linebuf_rtl_0|dpram_nro1:auto_generated|lutrama285~CLKMUX_0  to: emu:emu|maclc_v8_video:v8_video|altdpram:linebuf_rtl_0|dpram_nro1:auto_generated|lutrama285~MEMORYREGOUT
    Info (332098): From: emu:emu|maclc_v8_video:v8_video|altdpram:linebuf_rtl_0|dpram_nro1:auto_generated|lutrama286~CLKMUX_0  to: emu:emu|maclc_v8_video:v8_video|altdpram:linebuf_rtl_0|dpram_nro1:auto_generated|lutrama286~MEMORYREGOUT
    Info (332098): From: emu:emu|maclc_v8_video:v8_video|altdpram:linebuf_rtl_0|dpram_nro1:auto_generated|lutrama287~CLKMUX_0  to: emu:emu|maclc_v8_video:v8_video|altdpram:linebuf_rtl_0|dpram_nro1:auto_generated|lutrama287~MEMORYREGOUT
    Info (332098): From: emu:emu|maclc_v8_video:v8_video|altdpram:linebuf_rtl_0|dpram_nro1:auto_generated|lutrama288~CLKMUX_0  to: emu:emu|maclc_v8_video:v8_video|altdpram:linebuf_rtl_0|dpram_nro1:auto_generated|lutrama288~MEMORYREGOUT
    Info (332098): From: emu:emu|maclc_v8_video:v8_video|altdpram:linebuf_rtl_0|dpram_nro1:auto_generated|lutrama289~CLKMUX_0  to: emu:emu|maclc_v8_video:v8_video|altdpram:linebuf_rtl_0|dpram_nro1:auto_generated|lutrama289~MEMORYREGOUT
    Info (332098): From: emu:emu|maclc_v8_video:v8_video|altdpram:linebuf_rtl_0|dpram_nro1:auto_generated|lutrama28~CLKMUX_0  to: emu:emu|maclc_v8_video:v8_video|altdpram:linebuf_rtl_0|dpram_nro1:auto_generated|lutrama28~MEMORYREGOUT
    Info (332098): From: emu:emu|maclc_v8_video:v8_video|altdpram:linebuf_rtl_0|dpram_nro1:auto_generated|lutrama290~CLKMUX_0  to: emu:emu|maclc_v8_video:v8_video|altdpram:linebuf_rtl_0|dpram_nro1:auto_generated|lutrama290~MEMORYREGOUT
    Info (332098): From: emu:emu|maclc_v8_video:v8_video|altdpram:linebuf_rtl_0|dpram_nro1:auto_generated|lutrama291~CLKMUX_0  to: emu:emu|maclc_v8_video:v8_video|altdpram:linebuf_rtl_0|dpram_nro1:auto_generated|lutrama291~MEMORYREGOUT
    Info (332098): From: emu:emu|maclc_v8_video:v8_video|altdpram:linebuf_rtl_0|dpram_nro1:auto_generated|lutrama292~CLKMUX_0  to: emu:emu|maclc_v8_video:v8_video|altdpram:linebuf_rtl_0|dpram_nro1:auto_generated|lutrama292~MEMORYREGOUT
    Info (332098): From: emu:emu|maclc_v8_video:v8_video|altdpram:linebuf_rtl_0|dpram_nro1:auto_generated|lutrama293~CLKMUX_0  to: emu:emu|maclc_v8_video:v8_video|altdpram:linebuf_rtl_0|dpram_nro1:auto_generated|lutrama293~MEMORYREGOUT
    Info (332098): From: emu:emu|maclc_v8_video:v8_video|altdpram:linebuf_rtl_0|dpram_nro1:auto_generated|lutrama294~CLKMUX_0  to: emu:emu|maclc_v8_video:v8_video|altdpram:linebuf_rtl_0|dpram_nro1:auto_generated|lutrama294~MEMORYREGOUT
    Info (332098): From: emu:emu|maclc_v8_video:v8_video|altdpram:linebuf_rtl_0|dpram_nro1:auto_generated|lutrama295~CLKMUX_0  to: emu:emu|maclc_v8_video:v8_video|altdpram:linebuf_rtl_0|dpram_nro1:auto_generated|lutrama295~MEMORYREGOUT
    Info (332098): From: emu:emu|maclc_v8_video:v8_video|altdpram:linebuf_rtl_0|dpram_nro1:auto_generated|lutrama296~CLKMUX_0  to: emu:emu|maclc_v8_video:v8_video|altdpram:linebuf_rtl_0|dpram_nro1:auto_generated|lutrama296~MEMORYREGOUT
    Info (332098): From: emu:emu|maclc_v8_video:v8_video|altdpram:linebuf_rtl_0|dpram_nro1:auto_generated|lutrama297~CLKMUX_0  to: emu:emu|maclc_v8_video:v8_video|altdpram:linebuf_rtl_0|dpram_nro1:auto_generated|lutrama297~MEMORYREGOUT
    Info (332098): From: emu:emu|maclc_v8_video:v8_video|altdpram:linebuf_rtl_0|dpram_nro1:auto_generated|lutrama298~CLKMUX_0  to: emu:emu|maclc_v8_video:v8_video|altdpram:linebuf_rtl_0|dpram_nro1:auto_generated|lutrama298~MEMORYREGOUT
    Info (332098): From: emu:emu|maclc_v8_video:v8_video|altdpram:linebuf_rtl_0|dpram_nro1:auto_generated|lutrama299~CLKMUX_0  to: emu:emu|maclc_v8_video:v8_video|altdpram:linebuf_rtl_0|dpram_nro1:auto_generated|lutrama299~MEMORYREGOUT
    Info (332098): From: emu:emu|maclc_v8_video:v8_video|altdpram:linebuf_rtl_0|dpram_nro1:auto_generated|lutrama29~CLKMUX_0  to: emu:emu|maclc_v8_video:v8_video|altdpram:linebuf_rtl_0|dpram_nro1:auto_generated|lutrama29~MEMORYREGOUT
    Info (332098): From: emu:emu|maclc_v8_video:v8_video|altdpram:linebuf_rtl_0|dpram_nro1:auto_generated|lutrama2~CLKMUX_0  to: emu:emu|maclc_v8_video:v8_video|altdpram:linebuf_rtl_0|dpram_nro1:auto_generated|lutrama2~MEMORYREGOUT
    Info (332098): From: emu:emu|maclc_v8_video:v8_video|altdpram:linebuf_rtl_0|dpram_nro1:auto_generated|lutrama300~CLKMUX_0  to: emu:emu|maclc_v8_video:v8_video|altdpram:linebuf_rtl_0|dpram_nro1:auto_generated|lutrama300~MEMORYREGOUT
    Info (332098): From: emu:emu|maclc_v8_video:v8_video|altdpram:linebuf_rtl_0|dpram_nro1:auto_generated|lutrama301~CLKMUX_0  to: emu:emu|maclc_v8_video:v8_video|altdpram:linebuf_rtl_0|dpram_nro1:auto_generated|lutrama301~MEMORYREGOUT
    Info (332098): From: emu:emu|maclc_v8_video:v8_video|altdpram:linebuf_rtl_0|dpram_nro1:auto_generated|lutrama302~CLKMUX_0  to: emu:emu|maclc_v8_video:v8_video|altdpram:linebuf_rtl_0|dpram_nro1:auto_generated|lutrama302~MEMORYREGOUT
    Info (332098): From: emu:emu|maclc_v8_video:v8_video|altdpram:linebuf_rtl_0|dpram_nro1:auto_generated|lutrama303~CLKMUX_0  to: emu:emu|maclc_v8_video:v8_video|altdpram:linebuf_rtl_0|dpram_nro1:auto_generated|lutrama303~MEMORYREGOUT
    Info (332098): From: emu:emu|maclc_v8_video:v8_video|altdpram:linebuf_rtl_0|dpram_nro1:auto_generated|lutrama304~CLKMUX_0  to: emu:emu|maclc_v8_video:v8_video|altdpram:linebuf_rtl_0|dpram_nro1:auto_generated|lutrama304~MEMORYREGOUT
    Info (332098): From: emu:emu|maclc_v8_video:v8_video|altdpram:linebuf_rtl_0|dpram_nro1:auto_generated|lutrama305~CLKMUX_0  to: emu:emu|maclc_v8_video:v8_video|altdpram:linebuf_rtl_0|dpram_nro1:auto_generated|lutrama305~MEMORYREGOUT
    Info (332098): From: emu:emu|maclc_v8_video:v8_video|altdpram:linebuf_rtl_0|dpram_nro1:auto_generated|lutrama306~CLKMUX_0  to: emu:emu|maclc_v8_video:v8_video|altdpram:linebuf_rtl_0|dpram_nro1:auto_generated|lutrama306~MEMORYREGOUT
    Info (332098): From: emu:emu|maclc_v8_video:v8_video|altdpram:linebuf_rtl_0|dpram_nro1:auto_generated|lutrama307~CLKMUX_0  to: emu:emu|maclc_v8_video:v8_video|altdpram:linebuf_rtl_0|dpram_nro1:auto_generated|lutrama307~MEMORYREGOUT
    Info (332098): From: emu:emu|maclc_v8_video:v8_video|altdpram:linebuf_rtl_0|dpram_nro1:auto_generated|lutrama308~CLKMUX_0  to: emu:emu|maclc_v8_video:v8_video|altdpram:linebuf_rtl_0|dpram_nro1:auto_generated|lutrama308~MEMORYREGOUT
    Info (332098): From: emu:emu|maclc_v8_video:v8_video|altdpram:linebuf_rtl_0|dpram_nro1:auto_generated|lutrama309~CLKMUX_0  to: emu:emu|maclc_v8_video:v8_video|altdpram:linebuf_rtl_0|dpram_nro1:auto_generated|lutrama309~MEMORYREGOUT
    Info (332098): From: emu:emu|maclc_v8_video:v8_video|altdpram:linebuf_rtl_0|dpram_nro1:auto_generated|lutrama30~CLKMUX_0  to: emu:emu|maclc_v8_video:v8_video|altdpram:linebuf_rtl_0|dpram_nro1:auto_generated|lutrama30~MEMORYREGOUT
    Info (332098): From: emu:emu|maclc_v8_video:v8_video|altdpram:linebuf_rtl_0|dpram_nro1:auto_generated|lutrama310~CLKMUX_0  to: emu:emu|maclc_v8_video:v8_video|altdpram:linebuf_rtl_0|dpram_nro1:auto_generated|lutrama310~MEMORYREGOUT
    Info (332098): From: emu:emu|maclc_v8_video:v8_video|altdpram:linebuf_rtl_0|dpram_nro1:auto_generated|lutrama311~CLKMUX_0  to: emu:emu|maclc_v8_video:v8_video|altdpram:linebuf_rtl_0|dpram_nro1:auto_generated|lutrama311~MEMORYREGOUT
    Info (332098): From: emu:emu|maclc_v8_video:v8_video|altdpram:linebuf_rtl_0|dpram_nro1:auto_generated|lutrama312~CLKMUX_0  to: emu:emu|maclc_v8_video:v8_video|altdpram:linebuf_rtl_0|dpram_nro1:auto_generated|lutrama312~MEMORYREGOUT
    Info (332098): From: emu:emu|maclc_v8_video:v8_video|altdpram:linebuf_rtl_0|dpram_nro1:auto_generated|lutrama313~CLKMUX_0  to: emu:emu|maclc_v8_video:v8_video|altdpram:linebuf_rtl_0|dpram_nro1:auto_generated|lutrama313~MEMORYREGOUT
    Info (332098): From: emu:emu|maclc_v8_video:v8_video|altdpram:linebuf_rtl_0|dpram_nro1:auto_generated|lutrama314~CLKMUX_0  to: emu:emu|maclc_v8_video:v8_video|altdpram:linebuf_rtl_0|dpram_nro1:auto_generated|lutrama314~MEMORYREGOUT
    Info (332098): From: emu:emu|maclc_v8_video:v8_video|altdpram:linebuf_rtl_0|dpram_nro1:auto_generated|lutrama315~CLKMUX_0  to: emu:emu|maclc_v8_video:v8_video|altdpram:linebuf_rtl_0|dpram_nro1:auto_generated|lutrama315~MEMORYREGOUT
    Info (332098): From: emu:emu|maclc_v8_video:v8_video|altdpram:linebuf_rtl_0|dpram_nro1:auto_generated|lutrama316~CLKMUX_0  to: emu:emu|maclc_v8_video:v8_video|altdpram:linebuf_rtl_0|dpram_nro1:auto_generated|lutrama316~MEMORYREGOUT
    Info (332098): From: emu:emu|maclc_v8_video:v8_video|altdpram:linebuf_rtl_0|dpram_nro1:auto_generated|lutrama317~CLKMUX_0  to: emu:emu|maclc_v8_video:v8_video|altdpram:linebuf_rtl_0|dpram_nro1:auto_generated|lutrama317~MEMORYREGOUT
    Info (332098): From: emu:emu|maclc_v8_video:v8_video|altdpram:linebuf_rtl_0|dpram_nro1:auto_generated|lutrama318~CLKMUX_0  to: emu:emu|maclc_v8_video:v8_video|altdpram:linebuf_rtl_0|dpram_nro1:auto_generated|lutrama318~MEMORYREGOUT
    Info (332098): From: emu:emu|maclc_v8_video:v8_video|altdpram:linebuf_rtl_0|dpram_nro1:auto_generated|lutrama319~CLKMUX_0  to: emu:emu|maclc_v8_video:v8_video|altdpram:linebuf_rtl_0|dpram_nro1:auto_generated|lutrama319~MEMORYREGOUT
    Info (332098): From: emu:emu|maclc_v8_video:v8_video|altdpram:linebuf_rtl_0|dpram_nro1:auto_generated|lutrama31~CLKMUX_0  to: emu:emu|maclc_v8_video:v8_video|altdpram:linebuf_rtl_0|dpram_nro1:auto_generated|lutrama31~MEMORYREGOUT
    Info (332098): From: emu:emu|maclc_v8_video:v8_video|altdpram:linebuf_rtl_0|dpram_nro1:auto_generated|lutrama320~CLKMUX_0  to: emu:emu|maclc_v8_video:v8_video|altdpram:linebuf_rtl_0|dpram_nro1:auto_generated|lutrama320~MEMORYREGOUT
    Info (332098): From: emu:emu|maclc_v8_video:v8_video|altdpram:linebuf_rtl_0|dpram_nro1:auto_generated|lutrama321~CLKMUX_0  to: emu:emu|maclc_v8_video:v8_video|altdpram:linebuf_rtl_0|dpram_nro1:auto_generated|lutrama321~MEMORYREGOUT
    Info (332098): From: emu:emu|maclc_v8_video:v8_video|altdpram:linebuf_rtl_0|dpram_nro1:auto_generated|lutrama322~CLKMUX_0  to: emu:emu|maclc_v8_video:v8_video|altdpram:linebuf_rtl_0|dpram_nro1:auto_generated|lutrama322~MEMORYREGOUT
    Info (332098): From: emu:emu|maclc_v8_video:v8_video|altdpram:linebuf_rtl_0|dpram_nro1:auto_generated|lutrama323~CLKMUX_0  to: emu:emu|maclc_v8_video:v8_video|altdpram:linebuf_rtl_0|dpram_nro1:auto_generated|lutrama323~MEMORYREGOUT
    Info (332098): From: emu:emu|maclc_v8_video:v8_video|altdpram:linebuf_rtl_0|dpram_nro1:auto_generated|lutrama324~CLKMUX_0  to: emu:emu|maclc_v8_video:v8_video|altdpram:linebuf_rtl_0|dpram_nro1:auto_generated|lutrama324~MEMORYREGOUT
    Info (332098): From: emu:emu|maclc_v8_video:v8_video|altdpram:linebuf_rtl_0|dpram_nro1:auto_generated|lutrama325~CLKMUX_0  to: emu:emu|maclc_v8_video:v8_video|altdpram:linebuf_rtl_0|dpram_nro1:auto_generated|lutrama325~MEMORYREGOUT
    Info (332098): From: emu:emu|maclc_v8_video:v8_video|altdpram:linebuf_rtl_0|dpram_nro1:auto_generated|lutrama326~CLKMUX_0  to: emu:emu|maclc_v8_video:v8_video|altdpram:linebuf_rtl_0|dpram_nro1:auto_generated|lutrama326~MEMORYREGOUT
    Info (332098): From: emu:emu|maclc_v8_video:v8_video|altdpram:linebuf_rtl_0|dpram_nro1:auto_generated|lutrama327~CLKMUX_0  to: emu:emu|maclc_v8_video:v8_video|altdpram:linebuf_rtl_0|dpram_nro1:auto_generated|lutrama327~MEMORYREGOUT
    Info (332098): From: emu:emu|maclc_v8_video:v8_video|altdpram:linebuf_rtl_0|dpram_nro1:auto_generated|lutrama328~CLKMUX_0  to: emu:emu|maclc_v8_video:v8_video|altdpram:linebuf_rtl_0|dpram_nro1:auto_generated|lutrama328~MEMORYREGOUT
    Info (332098): From: emu:emu|maclc_v8_video:v8_video|altdpram:linebuf_rtl_0|dpram_nro1:auto_generated|lutrama329~CLKMUX_0  to: emu:emu|maclc_v8_video:v8_video|altdpram:linebuf_rtl_0|dpram_nro1:auto_generated|lutrama329~MEMORYREGOUT
    Info (332098): From: emu:emu|maclc_v8_video:v8_video|altdpram:linebuf_rtl_0|dpram_nro1:auto_generated|lutrama32~CLKMUX_0  to: emu:emu|maclc_v8_video:v8_video|altdpram:linebuf_rtl_0|dpram_nro1:auto_generated|lutrama32~MEMORYREGOUT
    Info (332098): From: emu:emu|maclc_v8_video:v8_video|altdpram:linebuf_rtl_0|dpram_nro1:auto_generated|lutrama330~CLKMUX_0  to: emu:emu|maclc_v8_video:v8_video|altdpram:linebuf_rtl_0|dpram_nro1:auto_generated|lutrama330~MEMORYREGOUT
    Info (332098): From: emu:emu|maclc_v8_video:v8_video|altdpram:linebuf_rtl_0|dpram_nro1:auto_generated|lutrama331~CLKMUX_0  to: emu:emu|maclc_v8_video:v8_video|altdpram:linebuf_rtl_0|dpram_nro1:auto_generated|lutrama331~MEMORYREGOUT
    Info (332098): From: emu:emu|maclc_v8_video:v8_video|altdpram:linebuf_rtl_0|dpram_nro1:auto_generated|lutrama332~CLKMUX_0  to: emu:emu|maclc_v8_video:v8_video|altdpram:linebuf_rtl_0|dpram_nro1:auto_generated|lutrama332~MEMORYREGOUT
    Info (332098): From: emu:emu|maclc_v8_video:v8_video|altdpram:linebuf_rtl_0|dpram_nro1:auto_generated|lutrama333~CLKMUX_0  to: emu:emu|maclc_v8_video:v8_video|altdpram:linebuf_rtl_0|dpram_nro1:auto_generated|lutrama333~MEMORYREGOUT
    Info (332098): From: emu:emu|maclc_v8_video:v8_video|altdpram:linebuf_rtl_0|dpram_nro1:auto_generated|lutrama334~CLKMUX_0  to: emu:emu|maclc_v8_video:v8_video|altdpram:linebuf_rtl_0|dpram_nro1:auto_generated|lutrama334~MEMORYREGOUT
    Info (332098): From: emu:emu|maclc_v8_video:v8_video|altdpram:linebuf_rtl_0|dpram_nro1:auto_generated|lutrama335~CLKMUX_0  to: emu:emu|maclc_v8_video:v8_video|altdpram:linebuf_rtl_0|dpram_nro1:auto_generated|lutrama335~MEMORYREGOUT
    Info (332098): From: emu:emu|maclc_v8_video:v8_video|altdpram:linebuf_rtl_0|dpram_nro1:auto_generated|lutrama336~CLKMUX_0  to: emu:emu|maclc_v8_video:v8_video|altdpram:linebuf_rtl_0|dpram_nro1:auto_generated|lutrama336~MEMORYREGOUT
    Info (332098): From: emu:emu|maclc_v8_video:v8_video|altdpram:linebuf_rtl_0|dpram_nro1:auto_generated|lutrama337~CLKMUX_0  to: emu:emu|maclc_v8_video:v8_video|altdpram:linebuf_rtl_0|dpram_nro1:auto_generated|lutrama337~MEMORYREGOUT
    Info (332098): From: emu:emu|maclc_v8_video:v8_video|altdpram:linebuf_rtl_0|dpram_nro1:auto_generated|lutrama338~CLKMUX_0  to: emu:emu|maclc_v8_video:v8_video|altdpram:linebuf_rtl_0|dpram_nro1:auto_generated|lutrama338~MEMORYREGOUT
    Info (332098): From: emu:emu|maclc_v8_video:v8_video|altdpram:linebuf_rtl_0|dpram_nro1:auto_generated|lutrama339~CLKMUX_0  to: emu:emu|maclc_v8_video:v8_video|altdpram:linebuf_rtl_0|dpram_nro1:auto_generated|lutrama339~MEMORYREGOUT
    Info (332098): From: emu:emu|maclc_v8_video:v8_video|altdpram:linebuf_rtl_0|dpram_nro1:auto_generated|lutrama33~CLKMUX_0  to: emu:emu|maclc_v8_video:v8_video|altdpram:linebuf_rtl_0|dpram_nro1:auto_generated|lutrama33~MEMORYREGOUT
    Info (332098): From: emu:emu|maclc_v8_video:v8_video|altdpram:linebuf_rtl_0|dpram_nro1:auto_generated|lutrama340~CLKMUX_0  to: emu:emu|maclc_v8_video:v8_video|altdpram:linebuf_rtl_0|dpram_nro1:auto_generated|lutrama340~MEMORYREGOUT
    Info (332098): From: emu:emu|maclc_v8_video:v8_video|altdpram:linebuf_rtl_0|dpram_nro1:auto_generated|lutrama341~CLKMUX_0  to: emu:emu|maclc_v8_video:v8_video|altdpram:linebuf_rtl_0|dpram_nro1:auto_generated|lutrama341~MEMORYREGOUT
    Info (332098): From: emu:emu|maclc_v8_video:v8_video|altdpram:linebuf_rtl_0|dpram_nro1:auto_generated|lutrama342~CLKMUX_0  to: emu:emu|maclc_v8_video:v8_video|altdpram:linebuf_rtl_0|dpram_nro1:auto_generated|lutrama342~MEMORYREGOUT
    Info (332098): From: emu:emu|maclc_v8_video:v8_video|altdpram:linebuf_rtl_0|dpram_nro1:auto_generated|lutrama343~CLKMUX_0  to: emu:emu|maclc_v8_video:v8_video|altdpram:linebuf_rtl_0|dpram_nro1:auto_generated|lutrama343~MEMORYREGOUT
    Info (332098): From: emu:emu|maclc_v8_video:v8_video|altdpram:linebuf_rtl_0|dpram_nro1:auto_generated|lutrama344~CLKMUX_0  to: emu:emu|maclc_v8_video:v8_video|altdpram:linebuf_rtl_0|dpram_nro1:auto_generated|lutrama344~MEMORYREGOUT
    Info (332098): From: emu:emu|maclc_v8_video:v8_video|altdpram:linebuf_rtl_0|dpram_nro1:auto_generated|lutrama345~CLKMUX_0  to: emu:emu|maclc_v8_video:v8_video|altdpram:linebuf_rtl_0|dpram_nro1:auto_generated|lutrama345~MEMORYREGOUT
    Info (332098): From: emu:emu|maclc_v8_video:v8_video|altdpram:linebuf_rtl_0|dpram_nro1:auto_generated|lutrama346~CLKMUX_0  to: emu:emu|maclc_v8_video:v8_video|altdpram:linebuf_rtl_0|dpram_nro1:auto_generated|lutrama346~MEMORYREGOUT
    Info (332098): From: emu:emu|maclc_v8_video:v8_video|altdpram:linebuf_rtl_0|dpram_nro1:auto_generated|lutrama347~CLKMUX_0  to: emu:emu|maclc_v8_video:v8_video|altdpram:linebuf_rtl_0|dpram_nro1:auto_generated|lutrama347~MEMORYREGOUT
    Info (332098): From: emu:emu|maclc_v8_video:v8_video|altdpram:linebuf_rtl_0|dpram_nro1:auto_generated|lutrama348~CLKMUX_0  to: emu:emu|maclc_v8_video:v8_video|altdpram:linebuf_rtl_0|dpram_nro1:auto_generated|lutrama348~MEMORYREGOUT
    Info (332098): From: emu:emu|maclc_v8_video:v8_video|altdpram:linebuf_rtl_0|dpram_nro1:auto_generated|lutrama349~CLKMUX_0  to: emu:emu|maclc_v8_video:v8_video|altdpram:linebuf_rtl_0|dpram_nro1:auto_generated|lutrama349~MEMORYREGOUT
    Info (332098): From: emu:emu|maclc_v8_video:v8_video|altdpram:linebuf_rtl_0|dpram_nro1:auto_generated|lutrama34~CLKMUX_0  to: emu:emu|maclc_v8_video:v8_video|altdpram:linebuf_rtl_0|dpram_nro1:auto_generated|lutrama34~MEMORYREGOUT
    Info (332098): From: emu:emu|maclc_v8_video:v8_video|altdpram:linebuf_rtl_0|dpram_nro1:auto_generated|lutrama350~CLKMUX_0  to: emu:emu|maclc_v8_video:v8_video|altdpram:linebuf_rtl_0|dpram_nro1:auto_generated|lutrama350~MEMORYREGOUT
    Info (332098): From: emu:emu|maclc_v8_video:v8_video|altdpram:linebuf_rtl_0|dpram_nro1:auto_generated|lutrama351~CLKMUX_0  to: emu:emu|maclc_v8_video:v8_video|altdpram:linebuf_rtl_0|dpram_nro1:auto_generated|lutrama351~MEMORYREGOUT
    Info (332098): From: emu:emu|maclc_v8_video:v8_video|altdpram:linebuf_rtl_0|dpram_nro1:auto_generated|lutrama352~CLKMUX_0  to: emu:emu|maclc_v8_video:v8_video|altdpram:linebuf_rtl_0|dpram_nro1:auto_generated|lutrama352~MEMORYREGOUT
    Info (332098): From: emu:emu|maclc_v8_video:v8_video|altdpram:linebuf_rtl_0|dpram_nro1:auto_generated|lutrama353~CLKMUX_0  to: emu:emu|maclc_v8_video:v8_video|altdpram:linebuf_rtl_0|dpram_nro1:auto_generated|lutrama353~MEMORYREGOUT
    Info (332098): From: emu:emu|maclc_v8_video:v8_video|altdpram:linebuf_rtl_0|dpram_nro1:auto_generated|lutrama354~CLKMUX_0  to: emu:emu|maclc_v8_video:v8_video|altdpram:linebuf_rtl_0|dpram_nro1:auto_generated|lutrama354~MEMORYREGOUT
    Info (332098): From: emu:emu|maclc_v8_video:v8_video|altdpram:linebuf_rtl_0|dpram_nro1:auto_generated|lutrama355~CLKMUX_0  to: emu:emu|maclc_v8_video:v8_video|altdpram:linebuf_rtl_0|dpram_nro1:auto_generated|lutrama355~MEMORYREGOUT
    Info (332098): From: emu:emu|maclc_v8_video:v8_video|altdpram:linebuf_rtl_0|dpram_nro1:auto_generated|lutrama356~CLKMUX_0  to: emu:emu|maclc_v8_video:v8_video|altdpram:linebuf_rtl_0|dpram_nro1:auto_generated|lutrama356~MEMORYREGOUT
    Info (332098): From: emu:emu|maclc_v8_video:v8_video|altdpram:linebuf_rtl_0|dpram_nro1:auto_generated|lutrama357~CLKMUX_0  to: emu:emu|maclc_v8_video:v8_video|altdpram:linebuf_rtl_0|dpram_nro1:auto_generated|lutrama357~MEMORYREGOUT
    Info (332098): From: emu:emu|maclc_v8_video:v8_video|altdpram:linebuf_rtl_0|dpram_nro1:auto_generated|lutrama358~CLKMUX_0  to: emu:emu|maclc_v8_video:v8_video|altdpram:linebuf_rtl_0|dpram_nro1:auto_generated|lutrama358~MEMORYREGOUT
    Info (332098): From: emu:emu|maclc_v8_video:v8_video|altdpram:linebuf_rtl_0|dpram_nro1:auto_generated|lutrama359~CLKMUX_0  to: emu:emu|maclc_v8_video:v8_video|altdpram:linebuf_rtl_0|dpram_nro1:auto_generated|lutrama359~MEMORYREGOUT
    Info (332098): From: emu:emu|maclc_v8_video:v8_video|altdpram:linebuf_rtl_0|dpram_nro1:auto_generated|lutrama35~CLKMUX_0  to: emu:emu|maclc_v8_video:v8_video|altdpram:linebuf_rtl_0|dpram_nro1:auto_generated|lutrama35~MEMORYREGOUT
    Info (332098): From: emu:emu|maclc_v8_video:v8_video|altdpram:linebuf_rtl_0|dpram_nro1:auto_generated|lutrama360~CLKMUX_0  to: emu:emu|maclc_v8_video:v8_video|altdpram:linebuf_rtl_0|dpram_nro1:auto_generated|lutrama360~MEMORYREGOUT
    Info (332098): From: emu:emu|maclc_v8_video:v8_video|altdpram:linebuf_rtl_0|dpram_nro1:auto_generated|lutrama361~CLKMUX_0  to: emu:emu|maclc_v8_video:v8_video|altdpram:linebuf_rtl_0|dpram_nro1:auto_generated|lutrama361~MEMORYREGOUT
    Info (332098): From: emu:emu|maclc_v8_video:v8_video|altdpram:linebuf_rtl_0|dpram_nro1:auto_generated|lutrama362~CLKMUX_0  to: emu:emu|maclc_v8_video:v8_video|altdpram:linebuf_rtl_0|dpram_nro1:auto_generated|lutrama362~MEMORYREGOUT
    Info (332098): From: emu:emu|maclc_v8_video:v8_video|altdpram:linebuf_rtl_0|dpram_nro1:auto_generated|lutrama363~CLKMUX_0  to: emu:emu|maclc_v8_video:v8_video|altdpram:linebuf_rtl_0|dpram_nro1:auto_generated|lutrama363~MEMORYREGOUT
    Info (332098): From: emu:emu|maclc_v8_video:v8_video|altdpram:linebuf_rtl_0|dpram_nro1:auto_generated|lutrama364~CLKMUX_0  to: emu:emu|maclc_v8_video:v8_video|altdpram:linebuf_rtl_0|dpram_nro1:auto_generated|lutrama364~MEMORYREGOUT
    Info (332098): From: emu:emu|maclc_v8_video:v8_video|altdpram:linebuf_rtl_0|dpram_nro1:auto_generated|lutrama365~CLKMUX_0  to: emu:emu|maclc_v8_video:v8_video|altdpram:linebuf_rtl_0|dpram_nro1:auto_generated|lutrama365~MEMORYREGOUT
    Info (332098): From: emu:emu|maclc_v8_video:v8_video|altdpram:linebuf_rtl_0|dpram_nro1:auto_generated|lutrama366~CLKMUX_0  to: emu:emu|maclc_v8_video:v8_video|altdpram:linebuf_rtl_0|dpram_nro1:auto_generated|lutrama366~MEMORYREGOUT
    Info (332098): From: emu:emu|maclc_v8_video:v8_video|altdpram:linebuf_rtl_0|dpram_nro1:auto_generated|lutrama367~CLKMUX_0  to: emu:emu|maclc_v8_video:v8_video|altdpram:linebuf_rtl_0|dpram_nro1:auto_generated|lutrama367~MEMORYREGOUT
    Info (332098): From: emu:emu|maclc_v8_video:v8_video|altdpram:linebuf_rtl_0|dpram_nro1:auto_generated|lutrama368~CLKMUX_0  to: emu:emu|maclc_v8_video:v8_video|altdpram:linebuf_rtl_0|dpram_nro1:auto_generated|lutrama368~MEMORYREGOUT
    Info (332098): From: emu:emu|maclc_v8_video:v8_video|altdpram:linebuf_rtl_0|dpram_nro1:auto_generated|lutrama369~CLKMUX_0  to: emu:emu|maclc_v8_video:v8_video|altdpram:linebuf_rtl_0|dpram_nro1:auto_generated|lutrama369~MEMORYREGOUT
    Info (332098): From: emu:emu|maclc_v8_video:v8_video|altdpram:linebuf_rtl_0|dpram_nro1:auto_generated|lutrama36~CLKMUX_0  to: emu:emu|maclc_v8_video:v8_video|altdpram:linebuf_rtl_0|dpram_nro1:auto_generated|lutrama36~MEMORYREGOUT
    Info (332098): From: emu:emu|maclc_v8_video:v8_video|altdpram:linebuf_rtl_0|dpram_nro1:auto_generated|lutrama370~CLKMUX_0  to: emu:emu|maclc_v8_video:v8_video|altdpram:linebuf_rtl_0|dpram_nro1:auto_generated|lutrama370~MEMORYREGOUT
    Info (332098): From: emu:emu|maclc_v8_video:v8_video|altdpram:linebuf_rtl_0|dpram_nro1:auto_generated|lutrama371~CLKMUX_0  to: emu:emu|maclc_v8_video:v8_video|altdpram:linebuf_rtl_0|dpram_nro1:auto_generated|lutrama371~MEMORYREGOUT
    Info (332098): From: emu:emu|maclc_v8_video:v8_video|altdpram:linebuf_rtl_0|dpram_nro1:auto_generated|lutrama372~CLKMUX_0  to: emu:emu|maclc_v8_video:v8_video|altdpram:linebuf_rtl_0|dpram_nro1:auto_generated|lutrama372~MEMORYREGOUT
    Info (332098): From: emu:emu|maclc_v8_video:v8_video|altdpram:linebuf_rtl_0|dpram_nro1:auto_generated|lutrama373~CLKMUX_0  to: emu:emu|maclc_v8_video:v8_video|altdpram:linebuf_rtl_0|dpram_nro1:auto_generated|lutrama373~MEMORYREGOUT
    Info (332098): From: emu:emu|maclc_v8_video:v8_video|altdpram:linebuf_rtl_0|dpram_nro1:auto_generated|lutrama374~CLKMUX_0  to: emu:emu|maclc_v8_video:v8_video|altdpram:linebuf_rtl_0|dpram_nro1:auto_generated|lutrama374~MEMORYREGOUT
    Info (332098): From: emu:emu|maclc_v8_video:v8_video|altdpram:linebuf_rtl_0|dpram_nro1:auto_generated|lutrama375~CLKMUX_0  to: emu:emu|maclc_v8_video:v8_video|altdpram:linebuf_rtl_0|dpram_nro1:auto_generated|lutrama375~MEMORYREGOUT
    Info (332098): From: emu:emu|maclc_v8_video:v8_video|altdpram:linebuf_rtl_0|dpram_nro1:auto_generated|lutrama376~CLKMUX_0  to: emu:emu|maclc_v8_video:v8_video|altdpram:linebuf_rtl_0|dpram_nro1:auto_generated|lutrama376~MEMORYREGOUT
    Info (332098): From: emu:emu|maclc_v8_video:v8_video|altdpram:linebuf_rtl_0|dpram_nro1:auto_generated|lutrama377~CLKMUX_0  to: emu:emu|maclc_v8_video:v8_video|altdpram:linebuf_rtl_0|dpram_nro1:auto_generated|lutrama377~MEMORYREGOUT
    Info (332098): From: emu:emu|maclc_v8_video:v8_video|altdpram:linebuf_rtl_0|dpram_nro1:auto_generated|lutrama378~CLKMUX_0  to: emu:emu|maclc_v8_video:v8_video|altdpram:linebuf_rtl_0|dpram_nro1:auto_generated|lutrama378~MEMORYREGOUT
    Info (332098): From: emu:emu|maclc_v8_video:v8_video|altdpram:linebuf_rtl_0|dpram_nro1:auto_generated|lutrama379~CLKMUX_0  to: emu:emu|maclc_v8_video:v8_video|altdpram:linebuf_rtl_0|dpram_nro1:auto_generated|lutrama379~MEMORYREGOUT
    Info (332098): From: emu:emu|maclc_v8_video:v8_video|altdpram:linebuf_rtl_0|dpram_nro1:auto_generated|lutrama37~CLKMUX_0  to: emu:emu|maclc_v8_video:v8_video|altdpram:linebuf_rtl_0|dpram_nro1:auto_generated|lutrama37~MEMORYREGOUT
    Info (332098): From: emu:emu|maclc_v8_video:v8_video|altdpram:linebuf_rtl_0|dpram_nro1:auto_generated|lutrama380~CLKMUX_0  to: emu:emu|maclc_v8_video:v8_video|altdpram:linebuf_rtl_0|dpram_nro1:auto_generated|lutrama380~MEMORYREGOUT
    Info (332098): From: emu:emu|maclc_v8_video:v8_video|altdpram:linebuf_rtl_0|dpram_nro1:auto_generated|lutrama381~CLKMUX_0  to: emu:emu|maclc_v8_video:v8_video|altdpram:linebuf_rtl_0|dpram_nro1:auto_generated|lutrama381~MEMORYREGOUT
    Info (332098): From: emu:emu|maclc_v8_video:v8_video|altdpram:linebuf_rtl_0|dpram_nro1:auto_generated|lutrama382~CLKMUX_0  to: emu:emu|maclc_v8_video:v8_video|altdpram:linebuf_rtl_0|dpram_nro1:auto_generated|lutrama382~MEMORYREGOUT
    Info (332098): From: emu:emu|maclc_v8_video:v8_video|altdpram:linebuf_rtl_0|dpram_nro1:auto_generated|lutrama383~CLKMUX_0  to: emu:emu|maclc_v8_video:v8_video|altdpram:linebuf_rtl_0|dpram_nro1:auto_generated|lutrama383~MEMORYREGOUT
    Info (332098): From: emu:emu|maclc_v8_video:v8_video|altdpram:linebuf_rtl_0|dpram_nro1:auto_generated|lutrama384~CLKMUX_0  to: emu:emu|maclc_v8_video:v8_video|altdpram:linebuf_rtl_0|dpram_nro1:auto_generated|lutrama384~MEMORYREGOUT
    Info (332098): From: emu:emu|maclc_v8_video:v8_video|altdpram:linebuf_rtl_0|dpram_nro1:auto_generated|lutrama385~CLKMUX_0  to: emu:emu|maclc_v8_video:v8_video|altdpram:linebuf_rtl_0|dpram_nro1:auto_generated|lutrama385~MEMORYREGOUT
    Info (332098): From: emu:emu|maclc_v8_video:v8_video|altdpram:linebuf_rtl_0|dpram_nro1:auto_generated|lutrama386~CLKMUX_0  to: emu:emu|maclc_v8_video:v8_video|altdpram:linebuf_rtl_0|dpram_nro1:auto_generated|lutrama386~MEMORYREGOUT
    Info (332098): From: emu:emu|maclc_v8_video:v8_video|altdpram:linebuf_rtl_0|dpram_nro1:auto_generated|lutrama387~CLKMUX_0  to: emu:emu|maclc_v8_video:v8_video|altdpram:linebuf_rtl_0|dpram_nro1:auto_generated|lutrama387~MEMORYREGOUT
    Info (332098): From: emu:emu|maclc_v8_video:v8_video|altdpram:linebuf_rtl_0|dpram_nro1:auto_generated|lutrama388~CLKMUX_0  to: emu:emu|maclc_v8_video:v8_video|altdpram:linebuf_rtl_0|dpram_nro1:auto_generated|lutrama388~MEMORYREGOUT
    Info (332098): From: emu:emu|maclc_v8_video:v8_video|altdpram:linebuf_rtl_0|dpram_nro1:auto_generated|lutrama389~CLKMUX_0  to: emu:emu|maclc_v8_video:v8_video|altdpram:linebuf_rtl_0|dpram_nro1:auto_generated|lutrama389~MEMORYREGOUT
    Info (332098): From: emu:emu|maclc_v8_video:v8_video|altdpram:linebuf_rtl_0|dpram_nro1:auto_generated|lutrama38~CLKMUX_0  to: emu:emu|maclc_v8_video:v8_video|altdpram:linebuf_rtl_0|dpram_nro1:auto_generated|lutrama38~MEMORYREGOUT
    Info (332098): From: emu:emu|maclc_v8_video:v8_video|altdpram:linebuf_rtl_0|dpram_nro1:auto_generated|lutrama390~CLKMUX_0  to: emu:emu|maclc_v8_video:v8_video|altdpram:linebuf_rtl_0|dpram_nro1:auto_generated|lutrama390~MEMORYREGOUT
    Info (332098): From: emu:emu|maclc_v8_video:v8_video|altdpram:linebuf_rtl_0|dpram_nro1:auto_generated|lutrama391~CLKMUX_0  to: emu:emu|maclc_v8_video:v8_video|altdpram:linebuf_rtl_0|dpram_nro1:auto_generated|lutrama391~MEMORYREGOUT
    Info (332098): From: emu:emu|maclc_v8_video:v8_video|altdpram:linebuf_rtl_0|dpram_nro1:auto_generated|lutrama392~CLKMUX_0  to: emu:emu|maclc_v8_video:v8_video|altdpram:linebuf_rtl_0|dpram_nro1:auto_generated|lutrama392~MEMORYREGOUT
    Info (332098): From: emu:emu|maclc_v8_video:v8_video|altdpram:linebuf_rtl_0|dpram_nro1:auto_generated|lutrama393~CLKMUX_0  to: emu:emu|maclc_v8_video:v8_video|altdpram:linebuf_rtl_0|dpram_nro1:auto_generated|lutrama393~MEMORYREGOUT
    Info (332098): From: emu:emu|maclc_v8_video:v8_video|altdpram:linebuf_rtl_0|dpram_nro1:auto_generated|lutrama394~CLKMUX_0  to: emu:emu|maclc_v8_video:v8_video|altdpram:linebuf_rtl_0|dpram_nro1:auto_generated|lutrama394~MEMORYREGOUT
    Info (332098): From: emu:emu|maclc_v8_video:v8_video|altdpram:linebuf_rtl_0|dpram_nro1:auto_generated|lutrama395~CLKMUX_0  to: emu:emu|maclc_v8_video:v8_video|altdpram:linebuf_rtl_0|dpram_nro1:auto_generated|lutrama395~MEMORYREGOUT
    Info (332098): From: emu:emu|maclc_v8_video:v8_video|altdpram:linebuf_rtl_0|dpram_nro1:auto_generated|lutrama396~CLKMUX_0  to: emu:emu|maclc_v8_video:v8_video|altdpram:linebuf_rtl_0|dpram_nro1:auto_generated|lutrama396~MEMORYREGOUT
    Info (332098): From: emu:emu|maclc_v8_video:v8_video|altdpram:linebuf_rtl_0|dpram_nro1:auto_generated|lutrama397~CLKMUX_0  to: emu:emu|maclc_v8_video:v8_video|altdpram:linebuf_rtl_0|dpram_nro1:auto_generated|lutrama397~MEMORYREGOUT
    Info (332098): From: emu:emu|maclc_v8_video:v8_video|altdpram:linebuf_rtl_0|dpram_nro1:auto_generated|lutrama398~CLKMUX_0  to: emu:emu|maclc_v8_video:v8_video|altdpram:linebuf_rtl_0|dpram_nro1:auto_generated|lutrama398~MEMORYREGOUT
    Info (332098): From: emu:emu|maclc_v8_video:v8_video|altdpram:linebuf_rtl_0|dpram_nro1:auto_generated|lutrama399~CLKMUX_0  to: emu:emu|maclc_v8_video:v8_video|altdpram:linebuf_rtl_0|dpram_nro1:auto_generated|lutrama399~MEMORYREGOUT
    Info (332098): From: emu:emu|maclc_v8_video:v8_video|altdpram:linebuf_rtl_0|dpram_nro1:auto_generated|lutrama39~CLKMUX_0  to: emu:emu|maclc_v8_video:v8_video|altdpram:linebuf_rtl_0|dpram_nro1:auto_generated|lutrama39~MEMORYREGOUT
    Info (332098): From: emu:emu|maclc_v8_video:v8_video|altdpram:linebuf_rtl_0|dpram_nro1:auto_generated|lutrama3~CLKMUX_0  to: emu:emu|maclc_v8_video:v8_video|altdpram:linebuf_rtl_0|dpram_nro1:auto_generated|lutrama3~MEMORYREGOUT
    Info (332098): From: emu:emu|maclc_v8_video:v8_video|altdpram:linebuf_rtl_0|dpram_nro1:auto_generated|lutrama400~CLKMUX_0  to: emu:emu|maclc_v8_video:v8_video|altdpram:linebuf_rtl_0|dpram_nro1:auto_generated|lutrama400~MEMORYREGOUT
    Info (332098): From: emu:emu|maclc_v8_video:v8_video|altdpram:linebuf_rtl_0|dpram_nro1:auto_generated|lutrama401~CLKMUX_0  to: emu:emu|maclc_v8_video:v8_video|altdpram:linebuf_rtl_0|dpram_nro1:auto_generated|lutrama401~MEMORYREGOUT
    Info (332098): From: emu:emu|maclc_v8_video:v8_video|altdpram:linebuf_rtl_0|dpram_nro1:auto_generated|lutrama402~CLKMUX_0  to: emu:emu|maclc_v8_video:v8_video|altdpram:linebuf_rtl_0|dpram_nro1:auto_generated|lutrama402~MEMORYREGOUT
    Info (332098): From: emu:emu|maclc_v8_video:v8_video|altdpram:linebuf_rtl_0|dpram_nro1:auto_generated|lutrama403~CLKMUX_0  to: emu:emu|maclc_v8_video:v8_video|altdpram:linebuf_rtl_0|dpram_nro1:auto_generated|lutrama403~MEMORYREGOUT
    Info (332098): From: emu:emu|maclc_v8_video:v8_video|altdpram:linebuf_rtl_0|dpram_nro1:auto_generated|lutrama404~CLKMUX_0  to: emu:emu|maclc_v8_video:v8_video|altdpram:linebuf_rtl_0|dpram_nro1:auto_generated|lutrama404~MEMORYREGOUT
    Info (332098): From: emu:emu|maclc_v8_video:v8_video|altdpram:linebuf_rtl_0|dpram_nro1:auto_generated|lutrama405~CLKMUX_0  to: emu:emu|maclc_v8_video:v8_video|altdpram:linebuf_rtl_0|dpram_nro1:auto_generated|lutrama405~MEMORYREGOUT
    Info (332098): From: emu:emu|maclc_v8_video:v8_video|altdpram:linebuf_rtl_0|dpram_nro1:auto_generated|lutrama406~CLKMUX_0  to: emu:emu|maclc_v8_video:v8_video|altdpram:linebuf_rtl_0|dpram_nro1:auto_generated|lutrama406~MEMORYREGOUT
    Info (332098): From: emu:emu|maclc_v8_video:v8_video|altdpram:linebuf_rtl_0|dpram_nro1:auto_generated|lutrama407~CLKMUX_0  to: emu:emu|maclc_v8_video:v8_video|altdpram:linebuf_rtl_0|dpram_nro1:auto_generated|lutrama407~MEMORYREGOUT
    Info (332098): From: emu:emu|maclc_v8_video:v8_video|altdpram:linebuf_rtl_0|dpram_nro1:auto_generated|lutrama408~CLKMUX_0  to: emu:emu|maclc_v8_video:v8_video|altdpram:linebuf_rtl_0|dpram_nro1:auto_generated|lutrama408~MEMORYREGOUT
    Info (332098): From: emu:emu|maclc_v8_video:v8_video|altdpram:linebuf_rtl_0|dpram_nro1:auto_generated|lutrama409~CLKMUX_0  to: emu:emu|maclc_v8_video:v8_video|altdpram:linebuf_rtl_0|dpram_nro1:auto_generated|lutrama409~MEMORYREGOUT
    Info (332098): From: emu:emu|maclc_v8_video:v8_video|altdpram:linebuf_rtl_0|dpram_nro1:auto_generated|lutrama40~CLKMUX_0  to: emu:emu|maclc_v8_video:v8_video|altdpram:linebuf_rtl_0|dpram_nro1:auto_generated|lutrama40~MEMORYREGOUT
    Info (332098): From: emu:emu|maclc_v8_video:v8_video|altdpram:linebuf_rtl_0|dpram_nro1:auto_generated|lutrama410~CLKMUX_0  to: emu:emu|maclc_v8_video:v8_video|altdpram:linebuf_rtl_0|dpram_nro1:auto_generated|lutrama410~MEMORYREGOUT
    Info (332098): From: emu:emu|maclc_v8_video:v8_video|altdpram:linebuf_rtl_0|dpram_nro1:auto_generated|lutrama411~CLKMUX_0  to: emu:emu|maclc_v8_video:v8_video|altdpram:linebuf_rtl_0|dpram_nro1:auto_generated|lutrama411~MEMORYREGOUT
    Info (332098): From: emu:emu|maclc_v8_video:v8_video|altdpram:linebuf_rtl_0|dpram_nro1:auto_generated|lutrama412~CLKMUX_0  to: emu:emu|maclc_v8_video:v8_video|altdpram:linebuf_rtl_0|dpram_nro1:auto_generated|lutrama412~MEMORYREGOUT
    Info (332098): From: emu:emu|maclc_v8_video:v8_video|altdpram:linebuf_rtl_0|dpram_nro1:auto_generated|lutrama413~CLKMUX_0  to: emu:emu|maclc_v8_video:v8_video|altdpram:linebuf_rtl_0|dpram_nro1:auto_generated|lutrama413~MEMORYREGOUT
    Info (332098): From: emu:emu|maclc_v8_video:v8_video|altdpram:linebuf_rtl_0|dpram_nro1:auto_generated|lutrama414~CLKMUX_0  to: emu:emu|maclc_v8_video:v8_video|altdpram:linebuf_rtl_0|dpram_nro1:auto_generated|lutrama414~MEMORYREGOUT
    Info (332098): From: emu:emu|maclc_v8_video:v8_video|altdpram:linebuf_rtl_0|dpram_nro1:auto_generated|lutrama415~CLKMUX_0  to: emu:emu|maclc_v8_video:v8_video|altdpram:linebuf_rtl_0|dpram_nro1:auto_generated|lutrama415~MEMORYREGOUT
    Info (332098): From: emu:emu|maclc_v8_video:v8_video|altdpram:linebuf_rtl_0|dpram_nro1:auto_generated|lutrama416~CLKMUX_0  to: emu:emu|maclc_v8_video:v8_video|altdpram:linebuf_rtl_0|dpram_nro1:auto_generated|lutrama416~MEMORYREGOUT
    Info (332098): From: emu:emu|maclc_v8_video:v8_video|altdpram:linebuf_rtl_0|dpram_nro1:auto_generated|lutrama417~CLKMUX_0  to: emu:emu|maclc_v8_video:v8_video|altdpram:linebuf_rtl_0|dpram_nro1:auto_generated|lutrama417~MEMORYREGOUT
    Info (332098): From: emu:emu|maclc_v8_video:v8_video|altdpram:linebuf_rtl_0|dpram_nro1:auto_generated|lutrama418~CLKMUX_0  to: emu:emu|maclc_v8_video:v8_video|altdpram:linebuf_rtl_0|dpram_nro1:auto_generated|lutrama418~MEMORYREGOUT
    Info (332098): From: emu:emu|maclc_v8_video:v8_video|altdpram:linebuf_rtl_0|dpram_nro1:auto_generated|lutrama419~CLKMUX_0  to: emu:emu|maclc_v8_video:v8_video|altdpram:linebuf_rtl_0|dpram_nro1:auto_generated|lutrama419~MEMORYREGOUT
    Info (332098): From: emu:emu|maclc_v8_video:v8_video|altdpram:linebuf_rtl_0|dpram_nro1:auto_generated|lutrama41~CLKMUX_0  to: emu:emu|maclc_v8_video:v8_video|altdpram:linebuf_rtl_0|dpram_nro1:auto_generated|lutrama41~MEMORYREGOUT
    Info (332098): From: emu:emu|maclc_v8_video:v8_video|altdpram:linebuf_rtl_0|dpram_nro1:auto_generated|lutrama420~CLKMUX_0  to: emu:emu|maclc_v8_video:v8_video|altdpram:linebuf_rtl_0|dpram_nro1:auto_generated|lutrama420~MEMORYREGOUT
    Info (332098): From: emu:emu|maclc_v8_video:v8_video|altdpram:linebuf_rtl_0|dpram_nro1:auto_generated|lutrama421~CLKMUX_0  to: emu:emu|maclc_v8_video:v8_video|altdpram:linebuf_rtl_0|dpram_nro1:auto_generated|lutrama421~MEMORYREGOUT
    Info (332098): From: emu:emu|maclc_v8_video:v8_video|altdpram:linebuf_rtl_0|dpram_nro1:auto_generated|lutrama422~CLKMUX_0  to: emu:emu|maclc_v8_video:v8_video|altdpram:linebuf_rtl_0|dpram_nro1:auto_generated|lutrama422~MEMORYREGOUT
    Info (332098): From: emu:emu|maclc_v8_video:v8_video|altdpram:linebuf_rtl_0|dpram_nro1:auto_generated|lutrama423~CLKMUX_0  to: emu:emu|maclc_v8_video:v8_video|altdpram:linebuf_rtl_0|dpram_nro1:auto_generated|lutrama423~MEMORYREGOUT
    Info (332098): From: emu:emu|maclc_v8_video:v8_video|altdpram:linebuf_rtl_0|dpram_nro1:auto_generated|lutrama424~CLKMUX_0  to: emu:emu|maclc_v8_video:v8_video|altdpram:linebuf_rtl_0|dpram_nro1:auto_generated|lutrama424~MEMORYREGOUT
    Info (332098): From: emu:emu|maclc_v8_video:v8_video|altdpram:linebuf_rtl_0|dpram_nro1:auto_generated|lutrama425~CLKMUX_0  to: emu:emu|maclc_v8_video:v8_video|altdpram:linebuf_rtl_0|dpram_nro1:auto_generated|lutrama425~MEMORYREGOUT
    Info (332098): From: emu:emu|maclc_v8_video:v8_video|altdpram:linebuf_rtl_0|dpram_nro1:auto_generated|lutrama426~CLKMUX_0  to: emu:emu|maclc_v8_video:v8_video|altdpram:linebuf_rtl_0|dpram_nro1:auto_generated|lutrama426~MEMORYREGOUT
    Info (332098): From: emu:emu|maclc_v8_video:v8_video|altdpram:linebuf_rtl_0|dpram_nro1:auto_generated|lutrama427~CLKMUX_0  to: emu:emu|maclc_v8_video:v8_video|altdpram:linebuf_rtl_0|dpram_nro1:auto_generated|lutrama427~MEMORYREGOUT
    Info (332098): From: emu:emu|maclc_v8_video:v8_video|altdpram:linebuf_rtl_0|dpram_nro1:auto_generated|lutrama428~CLKMUX_0  to: emu:emu|maclc_v8_video:v8_video|altdpram:linebuf_rtl_0|dpram_nro1:auto_generated|lutrama428~MEMORYREGOUT
    Info (332098): From: emu:emu|maclc_v8_video:v8_video|altdpram:linebuf_rtl_0|dpram_nro1:auto_generated|lutrama429~CLKMUX_0  to: emu:emu|maclc_v8_video:v8_video|altdpram:linebuf_rtl_0|dpram_nro1:auto_generated|lutrama429~MEMORYREGOUT
    Info (332098): From: emu:emu|maclc_v8_video:v8_video|altdpram:linebuf_rtl_0|dpram_nro1:auto_generated|lutrama42~CLKMUX_0  to: emu:emu|maclc_v8_video:v8_video|altdpram:linebuf_rtl_0|dpram_nro1:auto_generated|lutrama42~MEMORYREGOUT
    Info (332098): From: emu:emu|maclc_v8_video:v8_video|altdpram:linebuf_rtl_0|dpram_nro1:auto_generated|lutrama430~CLKMUX_0  to: emu:emu|maclc_v8_video:v8_video|altdpram:linebuf_rtl_0|dpram_nro1:auto_generated|lutrama430~MEMORYREGOUT
    Info (332098): From: emu:emu|maclc_v8_video:v8_video|altdpram:linebuf_rtl_0|dpram_nro1:auto_generated|lutrama431~CLKMUX_0  to: emu:emu|maclc_v8_video:v8_video|altdpram:linebuf_rtl_0|dpram_nro1:auto_generated|lutrama431~MEMORYREGOUT
    Info (332098): From: emu:emu|maclc_v8_video:v8_video|altdpram:linebuf_rtl_0|dpram_nro1:auto_generated|lutrama432~CLKMUX_0  to: emu:emu|maclc_v8_video:v8_video|altdpram:linebuf_rtl_0|dpram_nro1:auto_generated|lutrama432~MEMORYREGOUT
    Info (332098): From: emu:emu|maclc_v8_video:v8_video|altdpram:linebuf_rtl_0|dpram_nro1:auto_generated|lutrama433~CLKMUX_0  to: emu:emu|maclc_v8_video:v8_video|altdpram:linebuf_rtl_0|dpram_nro1:auto_generated|lutrama433~MEMORYREGOUT
    Info (332098): From: emu:emu|maclc_v8_video:v8_video|altdpram:linebuf_rtl_0|dpram_nro1:auto_generated|lutrama434~CLKMUX_0  to: emu:emu|maclc_v8_video:v8_video|altdpram:linebuf_rtl_0|dpram_nro1:auto_generated|lutrama434~MEMORYREGOUT
    Info (332098): From: emu:emu|maclc_v8_video:v8_video|altdpram:linebuf_rtl_0|dpram_nro1:auto_generated|lutrama435~CLKMUX_0  to: emu:emu|maclc_v8_video:v8_video|altdpram:linebuf_rtl_0|dpram_nro1:auto_generated|lutrama435~MEMORYREGOUT
    Info (332098): From: emu:emu|maclc_v8_video:v8_video|altdpram:linebuf_rtl_0|dpram_nro1:auto_generated|lutrama436~CLKMUX_0  to: emu:emu|maclc_v8_video:v8_video|altdpram:linebuf_rtl_0|dpram_nro1:auto_generated|lutrama436~MEMORYREGOUT
    Info (332098): From: emu:emu|maclc_v8_video:v8_video|altdpram:linebuf_rtl_0|dpram_nro1:auto_generated|lutrama437~CLKMUX_0  to: emu:emu|maclc_v8_video:v8_video|altdpram:linebuf_rtl_0|dpram_nro1:auto_generated|lutrama437~MEMORYREGOUT
    Info (332098): From: emu:emu|maclc_v8_video:v8_video|altdpram:linebuf_rtl_0|dpram_nro1:auto_generated|lutrama438~CLKMUX_0  to: emu:emu|maclc_v8_video:v8_video|altdpram:linebuf_rtl_0|dpram_nro1:auto_generated|lutrama438~MEMORYREGOUT
    Info (332098): From: emu:emu|maclc_v8_video:v8_video|altdpram:linebuf_rtl_0|dpram_nro1:auto_generated|lutrama439~CLKMUX_0  to: emu:emu|maclc_v8_video:v8_video|altdpram:linebuf_rtl_0|dpram_nro1:auto_generated|lutrama439~MEMORYREGOUT
    Info (332098): From: emu:emu|maclc_v8_video:v8_video|altdpram:linebuf_rtl_0|dpram_nro1:auto_generated|lutrama43~CLKMUX_0  to: emu:emu|maclc_v8_video:v8_video|altdpram:linebuf_rtl_0|dpram_nro1:auto_generated|lutrama43~MEMORYREGOUT
    Info (332098): From: emu:emu|maclc_v8_video:v8_video|altdpram:linebuf_rtl_0|dpram_nro1:auto_generated|lutrama440~CLKMUX_0  to: emu:emu|maclc_v8_video:v8_video|altdpram:linebuf_rtl_0|dpram_nro1:auto_generated|lutrama440~MEMORYREGOUT
    Info (332098): From: emu:emu|maclc_v8_video:v8_video|altdpram:linebuf_rtl_0|dpram_nro1:auto_generated|lutrama441~CLKMUX_0  to: emu:emu|maclc_v8_video:v8_video|altdpram:linebuf_rtl_0|dpram_nro1:auto_generated|lutrama441~MEMORYREGOUT
    Info (332098): From: emu:emu|maclc_v8_video:v8_video|altdpram:linebuf_rtl_0|dpram_nro1:auto_generated|lutrama442~CLKMUX_0  to: emu:emu|maclc_v8_video:v8_video|altdpram:linebuf_rtl_0|dpram_nro1:auto_generated|lutrama442~MEMORYREGOUT
    Info (332098): From: emu:emu|maclc_v8_video:v8_video|altdpram:linebuf_rtl_0|dpram_nro1:auto_generated|lutrama443~CLKMUX_0  to: emu:emu|maclc_v8_video:v8_video|altdpram:linebuf_rtl_0|dpram_nro1:auto_generated|lutrama443~MEMORYREGOUT
    Info (332098): From: emu:emu|maclc_v8_video:v8_video|altdpram:linebuf_rtl_0|dpram_nro1:auto_generated|lutrama444~CLKMUX_0  to: emu:emu|maclc_v8_video:v8_video|altdpram:linebuf_rtl_0|dpram_nro1:auto_generated|lutrama444~MEMORYREGOUT
    Info (332098): From: emu:emu|maclc_v8_video:v8_video|altdpram:linebuf_rtl_0|dpram_nro1:auto_generated|lutrama445~CLKMUX_0  to: emu:emu|maclc_v8_video:v8_video|altdpram:linebuf_rtl_0|dpram_nro1:auto_generated|lutrama445~MEMORYREGOUT
    Info (332098): From: emu:emu|maclc_v8_video:v8_video|altdpram:linebuf_rtl_0|dpram_nro1:auto_generated|lutrama446~CLKMUX_0  to: emu:emu|maclc_v8_video:v8_video|altdpram:linebuf_rtl_0|dpram_nro1:auto_generated|lutrama446~MEMORYREGOUT
    Info (332098): From: emu:emu|maclc_v8_video:v8_video|altdpram:linebuf_rtl_0|dpram_nro1:auto_generated|lutrama447~CLKMUX_0  to: emu:emu|maclc_v8_video:v8_video|altdpram:linebuf_rtl_0|dpram_nro1:auto_generated|lutrama447~MEMORYREGOUT
    Info (332098): From: emu:emu|maclc_v8_video:v8_video|altdpram:linebuf_rtl_0|dpram_nro1:auto_generated|lutrama448~CLKMUX_0  to: emu:emu|maclc_v8_video:v8_video|altdpram:linebuf_rtl_0|dpram_nro1:auto_generated|lutrama448~MEMORYREGOUT
    Info (332098): From: emu:emu|maclc_v8_video:v8_video|altdpram:linebuf_rtl_0|dpram_nro1:auto_generated|lutrama449~CLKMUX_0  to: emu:emu|maclc_v8_video:v8_video|altdpram:linebuf_rtl_0|dpram_nro1:auto_generated|lutrama449~MEMORYREGOUT
    Info (332098): From: emu:emu|maclc_v8_video:v8_video|altdpram:linebuf_rtl_0|dpram_nro1:auto_generated|lutrama44~CLKMUX_0  to: emu:emu|maclc_v8_video:v8_video|altdpram:linebuf_rtl_0|dpram_nro1:auto_generated|lutrama44~MEMORYREGOUT
    Info (332098): From: emu:emu|maclc_v8_video:v8_video|altdpram:linebuf_rtl_0|dpram_nro1:auto_generated|lutrama450~CLKMUX_0  to: emu:emu|maclc_v8_video:v8_video|altdpram:linebuf_rtl_0|dpram_nro1:auto_generated|lutrama450~MEMORYREGOUT
    Info (332098): From: emu:emu|maclc_v8_video:v8_video|altdpram:linebuf_rtl_0|dpram_nro1:auto_generated|lutrama451~CLKMUX_0  to: emu:emu|maclc_v8_video:v8_video|altdpram:linebuf_rtl_0|dpram_nro1:auto_generated|lutrama451~MEMORYREGOUT
    Info (332098): From: emu:emu|maclc_v8_video:v8_video|altdpram:linebuf_rtl_0|dpram_nro1:auto_generated|lutrama452~CLKMUX_0  to: emu:emu|maclc_v8_video:v8_video|altdpram:linebuf_rtl_0|dpram_nro1:auto_generated|lutrama452~MEMORYREGOUT
    Info (332098): From: emu:emu|maclc_v8_video:v8_video|altdpram:linebuf_rtl_0|dpram_nro1:auto_generated|lutrama453~CLKMUX_0  to: emu:emu|maclc_v8_video:v8_video|altdpram:linebuf_rtl_0|dpram_nro1:auto_generated|lutrama453~MEMORYREGOUT
    Info (332098): From: emu:emu|maclc_v8_video:v8_video|altdpram:linebuf_rtl_0|dpram_nro1:auto_generated|lutrama454~CLKMUX_0  to: emu:emu|maclc_v8_video:v8_video|altdpram:linebuf_rtl_0|dpram_nro1:auto_generated|lutrama454~MEMORYREGOUT
    Info (332098): From: emu:emu|maclc_v8_video:v8_video|altdpram:linebuf_rtl_0|dpram_nro1:auto_generated|lutrama455~CLKMUX_0  to: emu:emu|maclc_v8_video:v8_video|altdpram:linebuf_rtl_0|dpram_nro1:auto_generated|lutrama455~MEMORYREGOUT
    Info (332098): From: emu:emu|maclc_v8_video:v8_video|altdpram:linebuf_rtl_0|dpram_nro1:auto_generated|lutrama456~CLKMUX_0  to: emu:emu|maclc_v8_video:v8_video|altdpram:linebuf_rtl_0|dpram_nro1:auto_generated|lutrama456~MEMORYREGOUT
    Info (332098): From: emu:emu|maclc_v8_video:v8_video|altdpram:linebuf_rtl_0|dpram_nro1:auto_generated|lutrama457~CLKMUX_0  to: emu:emu|maclc_v8_video:v8_video|altdpram:linebuf_rtl_0|dpram_nro1:auto_generated|lutrama457~MEMORYREGOUT
    Info (332098): From: emu:emu|maclc_v8_video:v8_video|altdpram:linebuf_rtl_0|dpram_nro1:auto_generated|lutrama458~CLKMUX_0  to: emu:emu|maclc_v8_video:v8_video|altdpram:linebuf_rtl_0|dpram_nro1:auto_generated|lutrama458~MEMORYREGOUT
    Info (332098): From: emu:emu|maclc_v8_video:v8_video|altdpram:linebuf_rtl_0|dpram_nro1:auto_generated|lutrama459~CLKMUX_0  to: emu:emu|maclc_v8_video:v8_video|altdpram:linebuf_rtl_0|dpram_nro1:auto_generated|lutrama459~MEMORYREGOUT
    Info (332098): From: emu:emu|maclc_v8_video:v8_video|altdpram:linebuf_rtl_0|dpram_nro1:auto_generated|lutrama45~CLKMUX_0  to: emu:emu|maclc_v8_video:v8_video|altdpram:linebuf_rtl_0|dpram_nro1:auto_generated|lutrama45~MEMORYREGOUT
    Info (332098): From: emu:emu|maclc_v8_video:v8_video|altdpram:linebuf_rtl_0|dpram_nro1:auto_generated|lutrama460~CLKMUX_0  to: emu:emu|maclc_v8_video:v8_video|altdpram:linebuf_rtl_0|dpram_nro1:auto_generated|lutrama460~MEMORYREGOUT
    Info (332098): From: emu:emu|maclc_v8_video:v8_video|altdpram:linebuf_rtl_0|dpram_nro1:auto_generated|lutrama461~CLKMUX_0  to: emu:emu|maclc_v8_video:v8_video|altdpram:linebuf_rtl_0|dpram_nro1:auto_generated|lutrama461~MEMORYREGOUT
    Info (332098): From: emu:emu|maclc_v8_video:v8_video|altdpram:linebuf_rtl_0|dpram_nro1:auto_generated|lutrama462~CLKMUX_0  to: emu:emu|maclc_v8_video:v8_video|altdpram:linebuf_rtl_0|dpram_nro1:auto_generated|lutrama462~MEMORYREGOUT
    Info (332098): From: emu:emu|maclc_v8_video:v8_video|altdpram:linebuf_rtl_0|dpram_nro1:auto_generated|lutrama463~CLKMUX_0  to: emu:emu|maclc_v8_video:v8_video|altdpram:linebuf_rtl_0|dpram_nro1:auto_generated|lutrama463~MEMORYREGOUT
    Info (332098): From: emu:emu|maclc_v8_video:v8_video|altdpram:linebuf_rtl_0|dpram_nro1:auto_generated|lutrama464~CLKMUX_0  to: emu:emu|maclc_v8_video:v8_video|altdpram:linebuf_rtl_0|dpram_nro1:auto_generated|lutrama464~MEMORYREGOUT
    Info (332098): From: emu:emu|maclc_v8_video:v8_video|altdpram:linebuf_rtl_0|dpram_nro1:auto_generated|lutrama465~CLKMUX_0  to: emu:emu|maclc_v8_video:v8_video|altdpram:linebuf_rtl_0|dpram_nro1:auto_generated|lutrama465~MEMORYREGOUT
    Info (332098): From: emu:emu|maclc_v8_video:v8_video|altdpram:linebuf_rtl_0|dpram_nro1:auto_generated|lutrama466~CLKMUX_0  to: emu:emu|maclc_v8_video:v8_video|altdpram:linebuf_rtl_0|dpram_nro1:auto_generated|lutrama466~MEMORYREGOUT
    Info (332098): From: emu:emu|maclc_v8_video:v8_video|altdpram:linebuf_rtl_0|dpram_nro1:auto_generated|lutrama467~CLKMUX_0  to: emu:emu|maclc_v8_video:v8_video|altdpram:linebuf_rtl_0|dpram_nro1:auto_generated|lutrama467~MEMORYREGOUT
    Info (332098): From: emu:emu|maclc_v8_video:v8_video|altdpram:linebuf_rtl_0|dpram_nro1:auto_generated|lutrama468~CLKMUX_0  to: emu:emu|maclc_v8_video:v8_video|altdpram:linebuf_rtl_0|dpram_nro1:auto_generated|lutrama468~MEMORYREGOUT
    Info (332098): From: emu:emu|maclc_v8_video:v8_video|altdpram:linebuf_rtl_0|dpram_nro1:auto_generated|lutrama469~CLKMUX_0  to: emu:emu|maclc_v8_video:v8_video|altdpram:linebuf_rtl_0|dpram_nro1:auto_generated|lutrama469~MEMORYREGOUT
    Info (332098): From: emu:emu|maclc_v8_video:v8_video|altdpram:linebuf_rtl_0|dpram_nro1:auto_generated|lutrama46~CLKMUX_0  to: emu:emu|maclc_v8_video:v8_video|altdpram:linebuf_rtl_0|dpram_nro1:auto_generated|lutrama46~MEMORYREGOUT
    Info (332098): From: emu:emu|maclc_v8_video:v8_video|altdpram:linebuf_rtl_0|dpram_nro1:auto_generated|lutrama470~CLKMUX_0  to: emu:emu|maclc_v8_video:v8_video|altdpram:linebuf_rtl_0|dpram_nro1:auto_generated|lutrama470~MEMORYREGOUT
    Info (332098): From: emu:emu|maclc_v8_video:v8_video|altdpram:linebuf_rtl_0|dpram_nro1:auto_generated|lutrama471~CLKMUX_0  to: emu:emu|maclc_v8_video:v8_video|altdpram:linebuf_rtl_0|dpram_nro1:auto_generated|lutrama471~MEMORYREGOUT
    Info (332098): From: emu:emu|maclc_v8_video:v8_video|altdpram:linebuf_rtl_0|dpram_nro1:auto_generated|lutrama472~CLKMUX_0  to: emu:emu|maclc_v8_video:v8_video|altdpram:linebuf_rtl_0|dpram_nro1:auto_generated|lutrama472~MEMORYREGOUT
    Info (332098): From: emu:emu|maclc_v8_video:v8_video|altdpram:linebuf_rtl_0|dpram_nro1:auto_generated|lutrama473~CLKMUX_0  to: emu:emu|maclc_v8_video:v8_video|altdpram:linebuf_rtl_0|dpram_nro1:auto_generated|lutrama473~MEMORYREGOUT
    Info (332098): From: emu:emu|maclc_v8_video:v8_video|altdpram:linebuf_rtl_0|dpram_nro1:auto_generated|lutrama474~CLKMUX_0  to: emu:emu|maclc_v8_video:v8_video|altdpram:linebuf_rtl_0|dpram_nro1:auto_generated|lutrama474~MEMORYREGOUT
    Info (332098): From: emu:emu|maclc_v8_video:v8_video|altdpram:linebuf_rtl_0|dpram_nro1:auto_generated|lutrama475~CLKMUX_0  to: emu:emu|maclc_v8_video:v8_video|altdpram:linebuf_rtl_0|dpram_nro1:auto_generated|lutrama475~MEMORYREGOUT
    Info (332098): From: emu:emu|maclc_v8_video:v8_video|altdpram:linebuf_rtl_0|dpram_nro1:auto_generated|lutrama476~CLKMUX_0  to: emu:emu|maclc_v8_video:v8_video|altdpram:linebuf_rtl_0|dpram_nro1:auto_generated|lutrama476~MEMORYREGOUT
    Info (332098): From: emu:emu|maclc_v8_video:v8_video|altdpram:linebuf_rtl_0|dpram_nro1:auto_generated|lutrama477~CLKMUX_0  to: emu:emu|maclc_v8_video:v8_video|altdpram:linebuf_rtl_0|dpram_nro1:auto_generated|lutrama477~MEMORYREGOUT
    Info (332098): From: emu:emu|maclc_v8_video:v8_video|altdpram:linebuf_rtl_0|dpram_nro1:auto_generated|lutrama478~CLKMUX_0  to: emu:emu|maclc_v8_video:v8_video|altdpram:linebuf_rtl_0|dpram_nro1:auto_generated|lutrama478~MEMORYREGOUT
    Info (332098): From: emu:emu|maclc_v8_video:v8_video|altdpram:linebuf_rtl_0|dpram_nro1:auto_generated|lutrama479~CLKMUX_0  to: emu:emu|maclc_v8_video:v8_video|altdpram:linebuf_rtl_0|dpram_nro1:auto_generated|lutrama479~MEMORYREGOUT
    Info (332098): From: emu:emu|maclc_v8_video:v8_video|altdpram:linebuf_rtl_0|dpram_nro1:auto_generated|lutrama47~CLKMUX_0  to: emu:emu|maclc_v8_video:v8_video|altdpram:linebuf_rtl_0|dpram_nro1:auto_generated|lutrama47~MEMORYREGOUT
    Info (332098): From: emu:emu|maclc_v8_video:v8_video|altdpram:linebuf_rtl_0|dpram_nro1:auto_generated|lutrama480~CLKMUX_0  to: emu:emu|maclc_v8_video:v8_video|altdpram:linebuf_rtl_0|dpram_nro1:auto_generated|lutrama480~MEMORYREGOUT
    Info (332098): From: emu:emu|maclc_v8_video:v8_video|altdpram:linebuf_rtl_0|dpram_nro1:auto_generated|lutrama481~CLKMUX_0  to: emu:emu|maclc_v8_video:v8_video|altdpram:linebuf_rtl_0|dpram_nro1:auto_generated|lutrama481~MEMORYREGOUT
    Info (332098): From: emu:emu|maclc_v8_video:v8_video|altdpram:linebuf_rtl_0|dpram_nro1:auto_generated|lutrama482~CLKMUX_0  to: emu:emu|maclc_v8_video:v8_video|altdpram:linebuf_rtl_0|dpram_nro1:auto_generated|lutrama482~MEMORYREGOUT
    Info (332098): From: emu:emu|maclc_v8_video:v8_video|altdpram:linebuf_rtl_0|dpram_nro1:auto_generated|lutrama483~CLKMUX_0  to: emu:emu|maclc_v8_video:v8_video|altdpram:linebuf_rtl_0|dpram_nro1:auto_generated|lutrama483~MEMORYREGOUT
    Info (332098): From: emu:emu|maclc_v8_video:v8_video|altdpram:linebuf_rtl_0|dpram_nro1:auto_generated|lutrama484~CLKMUX_0  to: emu:emu|maclc_v8_video:v8_video|altdpram:linebuf_rtl_0|dpram_nro1:auto_generated|lutrama484~MEMORYREGOUT
    Info (332098): From: emu:emu|maclc_v8_video:v8_video|altdpram:linebuf_rtl_0|dpram_nro1:auto_generated|lutrama485~CLKMUX_0  to: emu:emu|maclc_v8_video:v8_video|altdpram:linebuf_rtl_0|dpram_nro1:auto_generated|lutrama485~MEMORYREGOUT
    Info (332098): From: emu:emu|maclc_v8_video:v8_video|altdpram:linebuf_rtl_0|dpram_nro1:auto_generated|lutrama486~CLKMUX_0  to: emu:emu|maclc_v8_video:v8_video|altdpram:linebuf_rtl_0|dpram_nro1:auto_generated|lutrama486~MEMORYREGOUT
    Info (332098): From: emu:emu|maclc_v8_video:v8_video|altdpram:linebuf_rtl_0|dpram_nro1:auto_generated|lutrama487~CLKMUX_0  to: emu:emu|maclc_v8_video:v8_video|altdpram:linebuf_rtl_0|dpram_nro1:auto_generated|lutrama487~MEMORYREGOUT
    Info (332098): From: emu:emu|maclc_v8_video:v8_video|altdpram:linebuf_rtl_0|dpram_nro1:auto_generated|lutrama488~CLKMUX_0  to: emu:emu|maclc_v8_video:v8_video|altdpram:linebuf_rtl_0|dpram_nro1:auto_generated|lutrama488~MEMORYREGOUT
    Info (332098): From: emu:emu|maclc_v8_video:v8_video|altdpram:linebuf_rtl_0|dpram_nro1:auto_generated|lutrama489~CLKMUX_0  to: emu:emu|maclc_v8_video:v8_video|altdpram:linebuf_rtl_0|dpram_nro1:auto_generated|lutrama489~MEMORYREGOUT
    Info (332098): From: emu:emu|maclc_v8_video:v8_video|altdpram:linebuf_rtl_0|dpram_nro1:auto_generated|lutrama48~CLKMUX_0  to: emu:emu|maclc_v8_video:v8_video|altdpram:linebuf_rtl_0|dpram_nro1:auto_generated|lutrama48~MEMORYREGOUT
    Info (332098): From: emu:emu|maclc_v8_video:v8_video|altdpram:linebuf_rtl_0|dpram_nro1:auto_generated|lutrama490~CLKMUX_0  to: emu:emu|maclc_v8_video:v8_video|altdpram:linebuf_rtl_0|dpram_nro1:auto_generated|lutrama490~MEMORYREGOUT
    Info (332098): From: emu:emu|maclc_v8_video:v8_video|altdpram:linebuf_rtl_0|dpram_nro1:auto_generated|lutrama491~CLKMUX_0  to: emu:emu|maclc_v8_video:v8_video|altdpram:linebuf_rtl_0|dpram_nro1:auto_generated|lutrama491~MEMORYREGOUT
    Info (332098): From: emu:emu|maclc_v8_video:v8_video|altdpram:linebuf_rtl_0|dpram_nro1:auto_generated|lutrama492~CLKMUX_0  to: emu:emu|maclc_v8_video:v8_video|altdpram:linebuf_rtl_0|dpram_nro1:auto_generated|lutrama492~MEMORYREGOUT
    Info (332098): From: emu:emu|maclc_v8_video:v8_video|altdpram:linebuf_rtl_0|dpram_nro1:auto_generated|lutrama493~CLKMUX_0  to: emu:emu|maclc_v8_video:v8_video|altdpram:linebuf_rtl_0|dpram_nro1:auto_generated|lutrama493~MEMORYREGOUT
    Info (332098): From: emu:emu|maclc_v8_video:v8_video|altdpram:linebuf_rtl_0|dpram_nro1:auto_generated|lutrama494~CLKMUX_0  to: emu:emu|maclc_v8_video:v8_video|altdpram:linebuf_rtl_0|dpram_nro1:auto_generated|lutrama494~MEMORYREGOUT
    Info (332098): From: emu:emu|maclc_v8_video:v8_video|altdpram:linebuf_rtl_0|dpram_nro1:auto_generated|lutrama495~CLKMUX_0  to: emu:emu|maclc_v8_video:v8_video|altdpram:linebuf_rtl_0|dpram_nro1:auto_generated|lutrama495~MEMORYREGOUT
    Info (332098): From: emu:emu|maclc_v8_video:v8_video|altdpram:linebuf_rtl_0|dpram_nro1:auto_generated|lutrama496~CLKMUX_0  to: emu:emu|maclc_v8_video:v8_video|altdpram:linebuf_rtl_0|dpram_nro1:auto_generated|lutrama496~MEMORYREGOUT
    Info (332098): From: emu:emu|maclc_v8_video:v8_video|altdpram:linebuf_rtl_0|dpram_nro1:auto_generated|lutrama497~CLKMUX_0  to: emu:emu|maclc_v8_video:v8_video|altdpram:linebuf_rtl_0|dpram_nro1:auto_generated|lutrama497~MEMORYREGOUT
    Info (332098): From: emu:emu|maclc_v8_video:v8_video|altdpram:linebuf_rtl_0|dpram_nro1:auto_generated|lutrama498~CLKMUX_0  to: emu:emu|maclc_v8_video:v8_video|altdpram:linebuf_rtl_0|dpram_nro1:auto_generated|lutrama498~MEMORYREGOUT
    Info (332098): From: emu:emu|maclc_v8_video:v8_video|altdpram:linebuf_rtl_0|dpram_nro1:auto_generated|lutrama499~CLKMUX_0  to: emu:emu|maclc_v8_video:v8_video|altdpram:linebuf_rtl_0|dpram_nro1:auto_generated|lutrama499~MEMORYREGOUT
    Info (332098): From: emu:emu|maclc_v8_video:v8_video|altdpram:linebuf_rtl_0|dpram_nro1:auto_generated|lutrama49~CLKMUX_0  to: emu:emu|maclc_v8_video:v8_video|altdpram:linebuf_rtl_0|dpram_nro1:auto_generated|lutrama49~MEMORYREGOUT
    Info (332098): From: emu:emu|maclc_v8_video:v8_video|altdpram:linebuf_rtl_0|dpram_nro1:auto_generated|lutrama4~CLKMUX_0  to: emu:emu|maclc_v8_video:v8_video|altdpram:linebuf_rtl_0|dpram_nro1:auto_generated|lutrama4~MEMORYREGOUT
    Info (332098): From: emu:emu|maclc_v8_video:v8_video|altdpram:linebuf_rtl_0|dpram_nro1:auto_generated|lutrama500~CLKMUX_0  to: emu:emu|maclc_v8_video:v8_video|altdpram:linebuf_rtl_0|dpram_nro1:auto_generated|lutrama500~MEMORYREGOUT
    Info (332098): From: emu:emu|maclc_v8_video:v8_video|altdpram:linebuf_rtl_0|dpram_nro1:auto_generated|lutrama501~CLKMUX_0  to: emu:emu|maclc_v8_video:v8_video|altdpram:linebuf_rtl_0|dpram_nro1:auto_generated|lutrama501~MEMORYREGOUT
    Info (332098): From: emu:emu|maclc_v8_video:v8_video|altdpram:linebuf_rtl_0|dpram_nro1:auto_generated|lutrama502~CLKMUX_0  to: emu:emu|maclc_v8_video:v8_video|altdpram:linebuf_rtl_0|dpram_nro1:auto_generated|lutrama502~MEMORYREGOUT
    Info (332098): From: emu:emu|maclc_v8_video:v8_video|altdpram:linebuf_rtl_0|dpram_nro1:auto_generated|lutrama503~CLKMUX_0  to: emu:emu|maclc_v8_video:v8_video|altdpram:linebuf_rtl_0|dpram_nro1:auto_generated|lutrama503~MEMORYREGOUT
    Info (332098): From: emu:emu|maclc_v8_video:v8_video|altdpram:linebuf_rtl_0|dpram_nro1:auto_generated|lutrama504~CLKMUX_0  to: emu:emu|maclc_v8_video:v8_video|altdpram:linebuf_rtl_0|dpram_nro1:auto_generated|lutrama504~MEMORYREGOUT
    Info (332098): From: emu:emu|maclc_v8_video:v8_video|altdpram:linebuf_rtl_0|dpram_nro1:auto_generated|lutrama505~CLKMUX_0  to: emu:emu|maclc_v8_video:v8_video|altdpram:linebuf_rtl_0|dpram_nro1:auto_generated|lutrama505~MEMORYREGOUT
    Info (332098): From: emu:emu|maclc_v8_video:v8_video|altdpram:linebuf_rtl_0|dpram_nro1:auto_generated|lutrama506~CLKMUX_0  to: emu:emu|maclc_v8_video:v8_video|altdpram:linebuf_rtl_0|dpram_nro1:auto_generated|lutrama506~MEMORYREGOUT
    Info (332098): From: emu:emu|maclc_v8_video:v8_video|altdpram:linebuf_rtl_0|dpram_nro1:auto_generated|lutrama507~CLKMUX_0  to: emu:emu|maclc_v8_video:v8_video|altdpram:linebuf_rtl_0|dpram_nro1:auto_generated|lutrama507~MEMORYREGOUT
    Info (332098): From: emu:emu|maclc_v8_video:v8_video|altdpram:linebuf_rtl_0|dpram_nro1:auto_generated|lutrama508~CLKMUX_0  to: emu:emu|maclc_v8_video:v8_video|altdpram:linebuf_rtl_0|dpram_nro1:auto_generated|lutrama508~MEMORYREGOUT
    Info (332098): From: emu:emu|maclc_v8_video:v8_video|altdpram:linebuf_rtl_0|dpram_nro1:auto_generated|lutrama509~CLKMUX_0  to: emu:emu|maclc_v8_video:v8_video|altdpram:linebuf_rtl_0|dpram_nro1:auto_generated|lutrama509~MEMORYREGOUT
    Info (332098): From: emu:emu|maclc_v8_video:v8_video|altdpram:linebuf_rtl_0|dpram_nro1:auto_generated|lutrama50~CLKMUX_0  to: emu:emu|maclc_v8_video:v8_video|altdpram:linebuf_rtl_0|dpram_nro1:auto_generated|lutrama50~MEMORYREGOUT
    Info (332098): From: emu:emu|maclc_v8_video:v8_video|altdpram:linebuf_rtl_0|dpram_nro1:auto_generated|lutrama510~CLKMUX_0  to: emu:emu|maclc_v8_video:v8_video|altdpram:linebuf_rtl_0|dpram_nro1:auto_generated|lutrama510~MEMORYREGOUT
    Info (332098): From: emu:emu|maclc_v8_video:v8_video|altdpram:linebuf_rtl_0|dpram_nro1:auto_generated|lutrama511~CLKMUX_0  to: emu:emu|maclc_v8_video:v8_video|altdpram:linebuf_rtl_0|dpram_nro1:auto_generated|lutrama511~MEMORYREGOUT
    Info (332098): From: emu:emu|maclc_v8_video:v8_video|altdpram:linebuf_rtl_0|dpram_nro1:auto_generated|lutrama51~CLKMUX_0  to: emu:emu|maclc_v8_video:v8_video|altdpram:linebuf_rtl_0|dpram_nro1:auto_generated|lutrama51~MEMORYREGOUT
    Info (332098): From: emu:emu|maclc_v8_video:v8_video|altdpram:linebuf_rtl_0|dpram_nro1:auto_generated|lutrama52~CLKMUX_0  to: emu:emu|maclc_v8_video:v8_video|altdpram:linebuf_rtl_0|dpram_nro1:auto_generated|lutrama52~MEMORYREGOUT
    Info (332098): From: emu:emu|maclc_v8_video:v8_video|altdpram:linebuf_rtl_0|dpram_nro1:auto_generated|lutrama53~CLKMUX_0  to: emu:emu|maclc_v8_video:v8_video|altdpram:linebuf_rtl_0|dpram_nro1:auto_generated|lutrama53~MEMORYREGOUT
    Info (332098): From: emu:emu|maclc_v8_video:v8_video|altdpram:linebuf_rtl_0|dpram_nro1:auto_generated|lutrama54~CLKMUX_0  to: emu:emu|maclc_v8_video:v8_video|altdpram:linebuf_rtl_0|dpram_nro1:auto_generated|lutrama54~MEMORYREGOUT
    Info (332098): From: emu:emu|maclc_v8_video:v8_video|altdpram:linebuf_rtl_0|dpram_nro1:auto_generated|lutrama55~CLKMUX_0  to: emu:emu|maclc_v8_video:v8_video|altdpram:linebuf_rtl_0|dpram_nro1:auto_generated|lutrama55~MEMORYREGOUT
    Info (332098): From: emu:emu|maclc_v8_video:v8_video|altdpram:linebuf_rtl_0|dpram_nro1:auto_generated|lutrama56~CLKMUX_0  to: emu:emu|maclc_v8_video:v8_video|altdpram:linebuf_rtl_0|dpram_nro1:auto_generated|lutrama56~MEMORYREGOUT
    Info (332098): From: emu:emu|maclc_v8_video:v8_video|altdpram:linebuf_rtl_0|dpram_nro1:auto_generated|lutrama57~CLKMUX_0  to: emu:emu|maclc_v8_video:v8_video|altdpram:linebuf_rtl_0|dpram_nro1:auto_generated|lutrama57~MEMORYREGOUT
    Info (332098): From: emu:emu|maclc_v8_video:v8_video|altdpram:linebuf_rtl_0|dpram_nro1:auto_generated|lutrama58~CLKMUX_0  to: emu:emu|maclc_v8_video:v8_video|altdpram:linebuf_rtl_0|dpram_nro1:auto_generated|lutrama58~MEMORYREGOUT
    Info (332098): From: emu:emu|maclc_v8_video:v8_video|altdpram:linebuf_rtl_0|dpram_nro1:auto_generated|lutrama59~CLKMUX_0  to: emu:emu|maclc_v8_video:v8_video|altdpram:linebuf_rtl_0|dpram_nro1:auto_generated|lutrama59~MEMORYREGOUT
    Info (332098): From: emu:emu|maclc_v8_video:v8_video|altdpram:linebuf_rtl_0|dpram_nro1:auto_generated|lutrama5~CLKMUX_0  to: emu:emu|maclc_v8_video:v8_video|altdpram:linebuf_rtl_0|dpram_nro1:auto_generated|lutrama5~MEMORYREGOUT
    Info (332098): From: emu:emu|maclc_v8_video:v8_video|altdpram:linebuf_rtl_0|dpram_nro1:auto_generated|lutrama60~CLKMUX_0  to: emu:emu|maclc_v8_video:v8_video|altdpram:linebuf_rtl_0|dpram_nro1:auto_generated|lutrama60~MEMORYREGOUT
    Info (332098): From: emu:emu|maclc_v8_video:v8_video|altdpram:linebuf_rtl_0|dpram_nro1:auto_generated|lutrama61~CLKMUX_0  to: emu:emu|maclc_v8_video:v8_video|altdpram:linebuf_rtl_0|dpram_nro1:auto_generated|lutrama61~MEMORYREGOUT
    Info (332098): From: emu:emu|maclc_v8_video:v8_video|altdpram:linebuf_rtl_0|dpram_nro1:auto_generated|lutrama62~CLKMUX_0  to: emu:emu|maclc_v8_video:v8_video|altdpram:linebuf_rtl_0|dpram_nro1:auto_generated|lutrama62~MEMORYREGOUT
    Info (332098): From: emu:emu|maclc_v8_video:v8_video|altdpram:linebuf_rtl_0|dpram_nro1:auto_generated|lutrama63~CLKMUX_0  to: emu:emu|maclc_v8_video:v8_video|altdpram:linebuf_rtl_0|dpram_nro1:auto_generated|lutrama63~MEMORYREGOUT
    Info (332098): From: emu:emu|maclc_v8_video:v8_video|altdpram:linebuf_rtl_0|dpram_nro1:auto_generated|lutrama64~CLKMUX_0  to: emu:emu|maclc_v8_video:v8_video|altdpram:linebuf_rtl_0|dpram_nro1:auto_generated|lutrama64~MEMORYREGOUT
    Info (332098): From: emu:emu|maclc_v8_video:v8_video|altdpram:linebuf_rtl_0|dpram_nro1:auto_generated|lutrama65~CLKMUX_0  to: emu:emu|maclc_v8_video:v8_video|altdpram:linebuf_rtl_0|dpram_nro1:auto_generated|lutrama65~MEMORYREGOUT
    Info (332098): From: emu:emu|maclc_v8_video:v8_video|altdpram:linebuf_rtl_0|dpram_nro1:auto_generated|lutrama66~CLKMUX_0  to: emu:emu|maclc_v8_video:v8_video|altdpram:linebuf_rtl_0|dpram_nro1:auto_generated|lutrama66~MEMORYREGOUT
    Info (332098): From: emu:emu|maclc_v8_video:v8_video|altdpram:linebuf_rtl_0|dpram_nro1:auto_generated|lutrama67~CLKMUX_0  to: emu:emu|maclc_v8_video:v8_video|altdpram:linebuf_rtl_0|dpram_nro1:auto_generated|lutrama67~MEMORYREGOUT
    Info (332098): From: emu:emu|maclc_v8_video:v8_video|altdpram:linebuf_rtl_0|dpram_nro1:auto_generated|lutrama68~CLKMUX_0  to: emu:emu|maclc_v8_video:v8_video|altdpram:linebuf_rtl_0|dpram_nro1:auto_generated|lutrama68~MEMORYREGOUT
    Info (332098): From: emu:emu|maclc_v8_video:v8_video|altdpram:linebuf_rtl_0|dpram_nro1:auto_generated|lutrama69~CLKMUX_0  to: emu:emu|maclc_v8_video:v8_video|altdpram:linebuf_rtl_0|dpram_nro1:auto_generated|lutrama69~MEMORYREGOUT
    Info (332098): From: emu:emu|maclc_v8_video:v8_video|altdpram:linebuf_rtl_0|dpram_nro1:auto_generated|lutrama6~CLKMUX_0  to: emu:emu|maclc_v8_video:v8_video|altdpram:linebuf_rtl_0|dpram_nro1:auto_generated|lutrama6~MEMORYREGOUT
    Info (332098): From: emu:emu|maclc_v8_video:v8_video|altdpram:linebuf_rtl_0|dpram_nro1:auto_generated|lutrama70~CLKMUX_0  to: emu:emu|maclc_v8_video:v8_video|altdpram:linebuf_rtl_0|dpram_nro1:auto_generated|lutrama70~MEMORYREGOUT
    Info (332098): From: emu:emu|maclc_v8_video:v8_video|altdpram:linebuf_rtl_0|dpram_nro1:auto_generated|lutrama71~CLKMUX_0  to: emu:emu|maclc_v8_video:v8_video|altdpram:linebuf_rtl_0|dpram_nro1:auto_generated|lutrama71~MEMORYREGOUT
    Info (332098): From: emu:emu|maclc_v8_video:v8_video|altdpram:linebuf_rtl_0|dpram_nro1:auto_generated|lutrama72~CLKMUX_0  to: emu:emu|maclc_v8_video:v8_video|altdpram:linebuf_rtl_0|dpram_nro1:auto_generated|lutrama72~MEMORYREGOUT
    Info (332098): From: emu:emu|maclc_v8_video:v8_video|altdpram:linebuf_rtl_0|dpram_nro1:auto_generated|lutrama73~CLKMUX_0  to: emu:emu|maclc_v8_video:v8_video|altdpram:linebuf_rtl_0|dpram_nro1:auto_generated|lutrama73~MEMORYREGOUT
    Info (332098): From: emu:emu|maclc_v8_video:v8_video|altdpram:linebuf_rtl_0|dpram_nro1:auto_generated|lutrama74~CLKMUX_0  to: emu:emu|maclc_v8_video:v8_video|altdpram:linebuf_rtl_0|dpram_nro1:auto_generated|lutrama74~MEMORYREGOUT
    Info (332098): From: emu:emu|maclc_v8_video:v8_video|altdpram:linebuf_rtl_0|dpram_nro1:auto_generated|lutrama75~CLKMUX_0  to: emu:emu|maclc_v8_video:v8_video|altdpram:linebuf_rtl_0|dpram_nro1:auto_generated|lutrama75~MEMORYREGOUT
    Info (332098): From: emu:emu|maclc_v8_video:v8_video|altdpram:linebuf_rtl_0|dpram_nro1:auto_generated|lutrama76~CLKMUX_0  to: emu:emu|maclc_v8_video:v8_video|altdpram:linebuf_rtl_0|dpram_nro1:auto_generated|lutrama76~MEMORYREGOUT
    Info (332098): From: emu:emu|maclc_v8_video:v8_video|altdpram:linebuf_rtl_0|dpram_nro1:auto_generated|lutrama77~CLKMUX_0  to: emu:emu|maclc_v8_video:v8_video|altdpram:linebuf_rtl_0|dpram_nro1:auto_generated|lutrama77~MEMORYREGOUT
    Info (332098): From: emu:emu|maclc_v8_video:v8_video|altdpram:linebuf_rtl_0|dpram_nro1:auto_generated|lutrama78~CLKMUX_0  to: emu:emu|maclc_v8_video:v8_video|altdpram:linebuf_rtl_0|dpram_nro1:auto_generated|lutrama78~MEMORYREGOUT
    Info (332098): From: emu:emu|maclc_v8_video:v8_video|altdpram:linebuf_rtl_0|dpram_nro1:auto_generated|lutrama79~CLKMUX_0  to: emu:emu|maclc_v8_video:v8_video|altdpram:linebuf_rtl_0|dpram_nro1:auto_generated|lutrama79~MEMORYREGOUT
    Info (332098): From: emu:emu|maclc_v8_video:v8_video|altdpram:linebuf_rtl_0|dpram_nro1:auto_generated|lutrama7~CLKMUX_0  to: emu:emu|maclc_v8_video:v8_video|altdpram:linebuf_rtl_0|dpram_nro1:auto_generated|lutrama7~MEMORYREGOUT
    Info (332098): From: emu:emu|maclc_v8_video:v8_video|altdpram:linebuf_rtl_0|dpram_nro1:auto_generated|lutrama80~CLKMUX_0  to: emu:emu|maclc_v8_video:v8_video|altdpram:linebuf_rtl_0|dpram_nro1:auto_generated|lutrama80~MEMORYREGOUT
    Info (332098): From: emu:emu|maclc_v8_video:v8_video|altdpram:linebuf_rtl_0|dpram_nro1:auto_generated|lutrama81~CLKMUX_0  to: emu:emu|maclc_v8_video:v8_video|altdpram:linebuf_rtl_0|dpram_nro1:auto_generated|lutrama81~MEMORYREGOUT
    Info (332098): From: emu:emu|maclc_v8_video:v8_video|altdpram:linebuf_rtl_0|dpram_nro1:auto_generated|lutrama82~CLKMUX_0  to: emu:emu|maclc_v8_video:v8_video|altdpram:linebuf_rtl_0|dpram_nro1:auto_generated|lutrama82~MEMORYREGOUT
    Info (332098): From: emu:emu|maclc_v8_video:v8_video|altdpram:linebuf_rtl_0|dpram_nro1:auto_generated|lutrama83~CLKMUX_0  to: emu:emu|maclc_v8_video:v8_video|altdpram:linebuf_rtl_0|dpram_nro1:auto_generated|lutrama83~MEMORYREGOUT
    Info (332098): From: emu:emu|maclc_v8_video:v8_video|altdpram:linebuf_rtl_0|dpram_nro1:auto_generated|lutrama84~CLKMUX_0  to: emu:emu|maclc_v8_video:v8_video|altdpram:linebuf_rtl_0|dpram_nro1:auto_generated|lutrama84~MEMORYREGOUT
    Info (332098): From: emu:emu|maclc_v8_video:v8_video|altdpram:linebuf_rtl_0|dpram_nro1:auto_generated|lutrama85~CLKMUX_0  to: emu:emu|maclc_v8_video:v8_video|altdpram:linebuf_rtl_0|dpram_nro1:auto_generated|lutrama85~MEMORYREGOUT
    Info (332098): From: emu:emu|maclc_v8_video:v8_video|altdpram:linebuf_rtl_0|dpram_nro1:auto_generated|lutrama86~CLKMUX_0  to: emu:emu|maclc_v8_video:v8_video|altdpram:linebuf_rtl_0|dpram_nro1:auto_generated|lutrama86~MEMORYREGOUT
    Info (332098): From: emu:emu|maclc_v8_video:v8_video|altdpram:linebuf_rtl_0|dpram_nro1:auto_generated|lutrama87~CLKMUX_0  to: emu:emu|maclc_v8_video:v8_video|altdpram:linebuf_rtl_0|dpram_nro1:auto_generated|lutrama87~MEMORYREGOUT
    Info (332098): From: emu:emu|maclc_v8_video:v8_video|altdpram:linebuf_rtl_0|dpram_nro1:auto_generated|lutrama88~CLKMUX_0  to: emu:emu|maclc_v8_video:v8_video|altdpram:linebuf_rtl_0|dpram_nro1:auto_generated|lutrama88~MEMORYREGOUT
    Info (332098): From: emu:emu|maclc_v8_video:v8_video|altdpram:linebuf_rtl_0|dpram_nro1:auto_generated|lutrama89~CLKMUX_0  to: emu:emu|maclc_v8_video:v8_video|altdpram:linebuf_rtl_0|dpram_nro1:auto_generated|lutrama89~MEMORYREGOUT
    Info (332098): From: emu:emu|maclc_v8_video:v8_video|altdpram:linebuf_rtl_0|dpram_nro1:auto_generated|lutrama8~CLKMUX_0  to: emu:emu|maclc_v8_video:v8_video|altdpram:linebuf_rtl_0|dpram_nro1:auto_generated|lutrama8~MEMORYREGOUT
    Info (332098): From: emu:emu|maclc_v8_video:v8_video|altdpram:linebuf_rtl_0|dpram_nro1:auto_generated|lutrama90~CLKMUX_0  to: emu:emu|maclc_v8_video:v8_video|altdpram:linebuf_rtl_0|dpram_nro1:auto_generated|lutrama90~MEMORYREGOUT
    Info (332098): From: emu:emu|maclc_v8_video:v8_video|altdpram:linebuf_rtl_0|dpram_nro1:auto_generated|lutrama91~CLKMUX_0  to: emu:emu|maclc_v8_video:v8_video|altdpram:linebuf_rtl_0|dpram_nro1:auto_generated|lutrama91~MEMORYREGOUT
    Info (332098): From: emu:emu|maclc_v8_video:v8_video|altdpram:linebuf_rtl_0|dpram_nro1:auto_generated|lutrama92~CLKMUX_0  to: emu:emu|maclc_v8_video:v8_video|altdpram:linebuf_rtl_0|dpram_nro1:auto_generated|lutrama92~MEMORYREGOUT
    Info (332098): From: emu:emu|maclc_v8_video:v8_video|altdpram:linebuf_rtl_0|dpram_nro1:auto_generated|lutrama93~CLKMUX_0  to: emu:emu|maclc_v8_video:v8_video|altdpram:linebuf_rtl_0|dpram_nro1:auto_generated|lutrama93~MEMORYREGOUT
    Info (332098): From: emu:emu|maclc_v8_video:v8_video|altdpram:linebuf_rtl_0|dpram_nro1:auto_generated|lutrama94~CLKMUX_0  to: emu:emu|maclc_v8_video:v8_video|altdpram:linebuf_rtl_0|dpram_nro1:auto_generated|lutrama94~MEMORYREGOUT
    Info (332098): From: emu:emu|maclc_v8_video:v8_video|altdpram:linebuf_rtl_0|dpram_nro1:auto_generated|lutrama95~CLKMUX_0  to: emu:emu|maclc_v8_video:v8_video|altdpram:linebuf_rtl_0|dpram_nro1:auto_generated|lutrama95~MEMORYREGOUT
    Info (332098): From: emu:emu|maclc_v8_video:v8_video|altdpram:linebuf_rtl_0|dpram_nro1:auto_generated|lutrama96~CLKMUX_0  to: emu:emu|maclc_v8_video:v8_video|altdpram:linebuf_rtl_0|dpram_nro1:auto_generated|lutrama96~MEMORYREGOUT
    Info (332098): From: emu:emu|maclc_v8_video:v8_video|altdpram:linebuf_rtl_0|dpram_nro1:auto_generated|lutrama97~CLKMUX_0  to: emu:emu|maclc_v8_video:v8_video|altdpram:linebuf_rtl_0|dpram_nro1:auto_generated|lutrama97~MEMORYREGOUT
    Info (332098): From: emu:emu|maclc_v8_video:v8_video|altdpram:linebuf_rtl_0|dpram_nro1:auto_generated|lutrama98~CLKMUX_0  to: emu:emu|maclc_v8_video:v8_video|altdpram:linebuf_rtl_0|dpram_nro1:auto_generated|lutrama98~MEMORYREGOUT
    Info (332098): From: emu:emu|maclc_v8_video:v8_video|altdpram:linebuf_rtl_0|dpram_nro1:auto_generated|lutrama99~CLKMUX_0  to: emu:emu|maclc_v8_video:v8_video|altdpram:linebuf_rtl_0|dpram_nro1:auto_generated|lutrama99~MEMORYREGOUT
    Info (332098): From: emu:emu|maclc_v8_video:v8_video|altdpram:linebuf_rtl_0|dpram_nro1:auto_generated|lutrama9~CLKMUX_0  to: emu:emu|maclc_v8_video:v8_video|altdpram:linebuf_rtl_0|dpram_nro1:auto_generated|lutrama9~MEMORYREGOUT
    Info (332098): Cell: emu|pll|pll_inst|altera_pll_i|general[0].gpll~FRACTIONAL_PLL  from: refclkin  to: fbclk
    Info (332098): Cell: emu|pll|pll_inst|altera_pll_i|general[0].gpll~PLL_OUTPUT_COUNTER  from: vco0ph[0]  to: divclk
    Info (332098): Cell: emu|pll|pll_inst|altera_pll_i|general[0].gpll~PLL_REFCLK_SELECT  from: clkin[0]  to: clkout
    Info (332098): Cell: emu|pll|pll_inst|altera_pll_i|general[1].gpll~PLL_OUTPUT_COUNTER  from: vco0ph[0]  to: divclk
    Info (332098): Cell: pll_audio|pll_audio_inst|altera_pll_i|general[0].gpll~FRACTIONAL_PLL  from: refclkin  to: fbclk
    Info (332098): Cell: pll_audio|pll_audio_inst|altera_pll_i|general[0].gpll~PLL_OUTPUT_COUNTER  from: vco0ph[0]  to: divclk
    Info (332098): Cell: pll_audio|pll_audio_inst|altera_pll_i|general[0].gpll~PLL_REFCLK_SELECT  from: clkin[0]  to: clkout
    Info (332098): Cell: pll_hdmi|pll_hdmi_inst|altera_pll_i|cyclonev_pll|counter[0].output_counter  from: vco0ph[0]  to: divclk
    Info (332098): Cell: pll_hdmi|pll_hdmi_inst|altera_pll_i|cyclonev_pll|fpll_0|REFCLK_SELECT  from: clkin[0]  to: clkout
    Info (332098): Cell: pll_hdmi|pll_hdmi_inst|altera_pll_i|cyclonev_pll|fpll_0|fpll  from: refclkin  to: fbclk
    Info (332098): From: sysmem|fpga_interfaces|f2sdram|cmd_port_clk_0  to: sysmem_lite:sysmem|sysmem_HPS_fpga_interfaces:fpga_interfaces|f2sdram~FF_762
    Info (332098): From: sysmem|fpga_interfaces|f2sdram|cmd_port_clk_2  to: sysmem_lite:sysmem|sysmem_HPS_fpga_interfaces:fpga_interfaces|f2sdram~FF_920
    Info (332098): From: sysmem|fpga_interfaces|f2sdram|rd_clk_0  to: sysmem_lite:sysmem|sysmem_HPS_fpga_interfaces:fpga_interfaces|f2sdram~FF_7
    Info (332098): From: sysmem|fpga_interfaces|f2sdram|rd_clk_1  to: sysmem_lite:sysmem|sysmem_HPS_fpga_interfaces:fpga_interfaces|f2sdram~FF_6
    Info (332098): From: sysmem|fpga_interfaces|f2sdram|rd_clk_3  to: sysmem_lite:sysmem|sysmem_HPS_fpga_interfaces:fpga_interfaces|f2sdram~FF_4
    Info (332098): From: sysmem|fpga_interfaces|f2sdram|wr_clk_0  to: sysmem_lite:sysmem|sysmem_HPS_fpga_interfaces:fpga_interfaces|f2sdram~FF_3
    Info (332098): From: sysmem|fpga_interfaces|f2sdram|wr_clk_1  to: sysmem_lite:sysmem|sysmem_HPS_fpga_interfaces:fpga_interfaces|f2sdram~FF_2
    Info (332098): From: sysmem|fpga_interfaces|f2sdram|wr_clk_3  to: sysmem_lite:sysmem|sysmem_HPS_fpga_interfaces:fpga_interfaces|f2sdram~FF_0
Info (332123): Deriving Clock Uncertainty. Please refer to report_sdc in TimeQuest to see clock uncertainties.
Info: Found TIMEQUEST_REPORT_SCRIPT_INCLUDE_DEFAULT_ANALYSIS = ON
Info (332146): Worst-case setup slack is 0.442
    Info (332119):     Slack       End Point TNS Clock 
    Info (332119): ========= =================== =====================
    Info (332119):     0.442               0.000 pll_hdmi|pll_hdmi_inst|altera_pll_i|cyclonev_pll|counter[0].output_counter|divclk 
    Info (332119):     0.872               0.000 emu|pll|pll_inst|altera_pll_i|general[1].gpll~PLL_OUTPUT_COUNTER|divclk 
    Info (332119):     2.391               0.000 emu|pll|pll_inst|altera_pll_i|general[0].gpll~PLL_OUTPUT_COUNTER|divclk 
    Info (332119):     4.424               0.000 sysmem|fpga_interfaces|clocks_resets|h2f_user0_clk 
    Info (332119):     5.641               0.000 spi_sck 
    Info (332119):     6.534               0.000 altera_reserved_tck 
    Info (332119):     7.999               0.000 FPGA_CLK1_50 
    Info (332119):    10.939               0.000 FPGA_CLK2_50 
    Info (332119):    15.312               0.000 pll_audio|pll_audio_inst|altera_pll_i|general[0].gpll~PLL_OUTPUT_COUNTER|divclk 
Info (332146): Worst-case hold slack is 0.241
    Info (332119):     Slack       End Point TNS Clock 
    Info (332119): ========= =================== =====================
    Info (332119):     0.241               0.000 emu|pll|pll_inst|altera_pll_i|general[1].gpll~PLL_OUTPUT_COUNTER|divclk 
    Info (332119):     0.241               0.000 pll_hdmi|pll_hdmi_inst|altera_pll_i|cyclonev_pll|counter[0].output_counter|divclk 
    Info (332119):     0.269               0.000 pll_audio|pll_audio_inst|altera_pll_i|general[0].gpll~PLL_OUTPUT_COUNTER|divclk 
    Info (332119):     0.357               0.000 sysmem|fpga_interfaces|clocks_resets|h2f_user0_clk 
    Info (332119):     0.364               0.000 FPGA_CLK1_50 
    Info (332119):     0.366               0.000 spi_sck 
    Info (332119):     0.417               0.000 FPGA_CLK2_50 
    Info (332119):     0.431               0.000 altera_reserved_tck 
    Info (332119):     0.556               0.000 emu|pll|pll_inst|altera_pll_i|general[0].gpll~PLL_OUTPUT_COUNTER|divclk 
Info (332146): Worst-case recovery slack is 4.081
    Info (332119):     Slack       End Point TNS Clock 
    Info (332119): ========= =================== =====================
    Info (332119):     4.081               0.000 pll_hdmi|pll_hdmi_inst|altera_pll_i|cyclonev_pll|counter[0].output_counter|divclk 
    Info (332119):     7.069               0.000 sysmem|fpga_interfaces|clocks_resets|h2f_user0_clk 
    Info (332119):    16.553               0.000 FPGA_CLK1_50 
    Info (332119):    18.462               0.000 emu|pll|pll_inst|altera_pll_i|general[1].gpll~PLL_OUTPUT_COUNTER|divclk 
    Info (332119):    25.063               0.000 altera_reserved_tck 
Info (332146): Worst-case removal slack is 0.905
    Info (332119):     Slack       End Point TNS Clock 
    Info (332119): ========= =================== =====================
    Info (332119):     0.905               0.000 pll_hdmi|pll_hdmi_inst|altera_pll_i|cyclonev_pll|counter[0].output_counter|divclk 
    Info (332119):     1.187               0.000 emu|pll|pll_inst|altera_pll_i|general[1].gpll~PLL_OUTPUT_COUNTER|divclk 
    Info (332119):     1.412               0.000 altera_reserved_tck 
    Info (332119):     1.448               0.000 FPGA_CLK1_50 
    Info (332119):     1.651               0.000 sysmem|fpga_interfaces|clocks_resets|h2f_user0_clk 
Info (332146): Worst-case minimum pulse width slack is 1.098
    Info (332119):     Slack       End Point TNS Clock 
    Info (332119): ========= =================== =====================
    Info (332119):     1.098               0.000 emu|pll|pll_inst|altera_pll_i|general[0].gpll~FRACTIONAL_PLL|vcoph[0] 
    Info (332119):     1.122               0.000 pll_hdmi|pll_hdmi_inst|altera_pll_i|cyclonev_pll|fpll_0|fpll|vcoph[0] 
    Info (332119):     1.196               0.000 pll_audio|pll_audio_inst|altera_pll_i|general[0].gpll~FRACTIONAL_PLL|vcoph[0] 
    Info (332119):     1.930               0.000 pll_hdmi|pll_hdmi_inst|altera_pll_i|cyclonev_pll|counter[0].output_counter|divclk 
    Info (332119):     3.589               0.000 sysmem|fpga_interfaces|clocks_resets|h2f_user0_clk 
    Info (332119):     4.257               0.000 spi_sck 
    Info (332119):     6.707               0.000 emu|pll|pll_inst|altera_pll_i|general[0].gpll~PLL_OUTPUT_COUNTER|divclk 
    Info (332119):     9.210               0.000 FPGA_CLK2_50 
    Info (332119):     9.215               0.000 FPGA_CLK1_50 
    Info (332119):     9.730               0.000 FPGA_CLK3_50 
    Info (332119):    13.947               0.000 emu|pll|pll_inst|altera_pll_i|general[1].gpll~PLL_OUTPUT_COUNTER|divclk 
    Info (332119):    15.768               0.000 altera_reserved_tck 
    Info (332119):    18.906               0.000 pll_audio|pll_audio_inst|altera_pll_i|general[0].gpll~PLL_OUTPUT_COUNTER|divclk 
Info (332114): Report Metastability: Found 412 synchronizer chains.
    Info (332114): Worst-Case MTBF of Design is 1e+09 years or 3.15e+16 seconds.
    Info (332114): Typical MTBF of Design is 1e+09 years or 3.15e+16 seconds.

    Info (332114): Number of Synchronizer Chains Found: 412
    Info (332114): Shortest Synchronizer Chain: 2 Registers
    Info (332114): Fraction of Chains for which MTBFs Could Not be Calculated: 0.993
    Info (332114): Worst Case Available Settling Time: 3.537 ns
    Info (332114): Worst-Case MTBF values are calculated based on the worst-case silicon characteristics, with worst-case operating conditions.
    Info (332114):   - Under worst-case conditions, an increase of 100ps in available settling time will increase MTBF values by a factor of 8.0
    Info (332114): Typical MTBF values are calculated based on the nominal silicon characteristics, at nominal operating conditions.
    Info (332114):   - Under typical conditions, an increase of 100ps in available settling time will increase MTBF values by a factor of 17.8
Info (332102): Design is not fully constrained for setup requirements
Info (332102): Design is not fully constrained for hold requirements
Info: Quartus Prime TimeQuest Timing Analyzer was successful. 0 errors, 119 warnings
    Info: Peak virtual memory: 6066 megabytes
    Info: Processing ended: Wed Jun 24 06:56:24 2026
    Info: Elapsed time: 00:00:14
    Info: Total CPU time (on all processors): 00:00:22
Info (293000): Quartus Prime Full Compilation was successful. 0 errors, 338 warnings
Info (23030): Evaluation of Tcl script c:/intelfpga_lite/17.0/quartus/common/tcl/internal/qsh_flow.tcl was successful
Info: Quartus Prime Shell was successful. 0 errors, 338 warnings
    Info: Peak virtual memory: 4700 megabytes
    Info: Processing ended: Wed Jun 24 06:56:25 2026
    Info: Elapsed time: 00:22:19
    Info: Total CPU time (on all processors): 02:12:47
