Info: *******************************************************************
Info: Running Quartus Prime Shell
    Info: Version 17.0.2 Build 602 07/19/2017 SJ Lite Edition
    Info: Copyright (C) 2017  Intel Corporation. All rights reserved.
    Info: Your use of Intel Corporation's design tools, logic functions 
    Info: and other software and tools, and its AMPP partner logic 
    Info: functions, and any output files from any of the foregoing 
    Info: (including device programming or simulation files), and any 
    Info: associated documentation or information are expressly subject 
    Info: to the terms and conditions of the Intel Program License 
    Info: Subscription Agreement, the Intel Quartus Prime License Agreement,
    Info: the Intel MegaCore Function License Agreement, or other 
    Info: applicable license agreement, including, without limitation, 
    Info: that your use is for the sole purpose of programming logic 
    Info: devices manufactured by Intel and sold by Intel or its 
    Info: authorized distributors.  Please refer to the applicable 
    Info: agreement for further details.
    Info: Processing started: Wed Jun 24 07:01:31 2026
Info: Command: quartus_sh --flow compile MacLC
Info: Quartus(args): compile MacLC
Info: Project Name = C:/Temp/mistercore/MacLC_MiSTer/MacLC
Info: Revision Name = MacLC
Info (293031): Detected changes in Quartus Prime Settings File (.qsf).
    Info (293028): Assignment SEED changed value from 1 to 2.
Info (293031): Detected changes in Quartus Prime Settings File (.qsf).
    Info (293028): Assignment SEED changed value from 1 to 2.
Info (293031): Detected changes in Quartus Prime Settings File (.qsf).
    Info (293028): Assignment SEED changed value from 1 to 2.
Info: *******************************************************************
Info: Running Quartus Prime Shell
    Info: Version 17.0.2 Build 602 07/19/2017 SJ Lite Edition
    Info: Processing started: Wed Jun 24 07:01:32 2026
Info: Command: quartus_sh -t sys/build_id.tcl compile MacLC MacLC
Info: Quartus(args): compile MacLC MacLC
Info (23030): Evaluation of Tcl script sys/build_id.tcl was successful
Info: Quartus Prime Shell was successful. 0 errors, 0 warnings
    Info: Peak virtual memory: 4782 megabytes
    Info: Processing ended: Wed Jun 24 07:01:33 2026
    Info: Elapsed time: 00:00:01
    Info: Total CPU time (on all processors): 00:00:01
Info (293003): Smart recompilation skipped module Analysis & Synthesis because it is not required
Info: *******************************************************************
Info: Running Quartus Prime Fitter
    Info: Version 17.0.2 Build 602 07/19/2017 SJ Lite Edition
    Info: Processing started: Wed Jun 24 07:01:34 2026
Info: Command: quartus_fit --read_settings_files=on --write_settings_files=off MacLC -c MacLC
Info: qfit2_default_script.tcl version: #1
Info: Project  = MacLC
Info: Revision = MacLC
Info (16303): High Performance Effort optimization mode selected -- timing performance will be prioritized at the potential cost of increased compilation time
Info (20030): Parallel compilation is enabled and will use 12 of the 12 processors detected
Info (119006): Selected device 5CSEBA6U23I7 for design "MacLC"
Info (21077): Low junction temperature is -40 degrees C
Info (21077): High junction temperature is 100 degrees C
Warning (21300): LOCKED port on the PLL is not properly connected on instance "pll_audio:pll_audio|pll_audio_0002:pll_audio_inst|altera_pll:altera_pll_i|general[0].gpll". The LOCKED port on the PLL should be connected when the FBOUTCLK port is connected. Although it is unnecessary to connect the LOCKED signal, any logic driven off of an output clock of the PLL will not know when the PLL is locked and ready.
Info (171004): Fitter is performing a Standard Fit compilation using maximum Fitter effort to optimize design performance
Warning (292013): Feature LogicLock is only available with a valid subscription license. You can purchase a software subscription to gain full access to this feature.
Warning (15714): Some pins have incomplete I/O assignments. Refer to the I/O Assignment Warnings report for details
Info (176045): Design uses memory blocks. Violating setup or hold times of memory block address registers for either read or write operations could cause memory contents to be corrupted. Make sure that all memory block address registers meet the setup and hold time requirements.
Info (184020): Starting Fitter periphery placement operations
Info (11178): Promoted 10 clocks (9 global, 1 regional)
    Info (11162): aspi_sck~CLKENA0 with 129 fanout uses regional clock CLKCTRL_R0
        Info (11177): Node drives Regional Clock Region 0 from (0, 37) to (51, 81)
    Info (11162): sysmem_lite:sysmem|sysmem_HPS_fpga_interfaces:fpga_interfaces|h2f_rst_n[0]~CLKENA0 with 28 fanout uses global clock CLKCTRL_G10
    Info (11162): sysmem_lite:sysmem|sysmem_HPS_fpga_interfaces:fpga_interfaces|h2f_user0_clk[0]~CLKENA0 with 937 fanout uses global clock CLKCTRL_G9
    Info (11162): hdmi_tx_clk~CLKENA0 with 84 fanout uses global clock CLKCTRL_G4
    Info (11162): pll_hdmi:pll_hdmi|pll_hdmi_0002:pll_hdmi_inst|altera_pll:altera_pll_i|altera_cyclonev_pll:cyclonev_pll|divclk[0]~CLKENA0 with 4956 fanout uses global clock CLKCTRL_G5
    Info (11162): vga_tx_clk~CLKENA0 with 3 fanout uses global clock CLKCTRL_G6
    Info (11162): pll_audio:pll_audio|pll_audio_0002:pll_audio_inst|altera_pll:altera_pll_i|outclk_wire[0]~CLKENA0 with 1628 fanout uses global clock CLKCTRL_G12
    Info (11162): emu:emu|pll:pll|pll_0002:pll_inst|altera_pll:altera_pll_i|outclk_wire[0]~CLKENA0 with 85 fanout uses global clock CLKCTRL_G8
    Info (11162): emu:emu|pll:pll|pll_0002:pll_inst|altera_pll:altera_pll_i|outclk_wire[1]~CLKENA0 with 34190 fanout uses global clock CLKCTRL_G7
    Info (11162): altera_internal_jtag~TCKUTAPCLKENA0 with 1703 fanout uses global clock CLKCTRL_G3
        Info (12525): This signal is driven by core routing -- it may be moved during placement to reduce routing delays
Info (11191): Automatically promoted 2 clocks (2 global)
    Info (11162): FPGA_CLK1_50~inputCLKENA0 with 705 fanout uses global clock CLKCTRL_G2
    Info (11162): FPGA_CLK2_50~inputCLKENA0 with 189 fanout uses global clock CLKCTRL_G1
Info (184021): Fitter periphery placement operations ending: elapsed time is 00:00:01
Info (332164): Evaluating HDL-embedded SDC commands
    Info (332165): Entity altera_std_synchronizer
        Info (332166): set_false_path -to [get_keepers {*altera_std_synchronizer:*|din_s1}]
    Info (332165): Entity sld_hub
        Info (332166): create_clock -name altera_reserved_tck [get_ports {altera_reserved_tck}] -period 30MHz   
        Info (332166): if { [string equal quartus_fit $::TimeQuestInfo(nameofexecutable)] } { set_max_delay -to [get_ports { altera_reserved_tdo } ] 0 }
        Info (332166): set_clock_groups -asynchronous -group {altera_reserved_tck}
Info (332104): Reading SDC File: 'sys/sys_top.sdc'
Info (332110): Deriving PLL clocks
    Info (332110): create_generated_clock -source {pll_hdmi|pll_hdmi_inst|altera_pll_i|cyclonev_pll|counter[0].output_counter|vco0ph[0]} -divide_by 3 -duty_cycle 50.00 -name {pll_hdmi|pll_hdmi_inst|altera_pll_i|cyclonev_pll|counter[0].output_counter|divclk} {pll_hdmi|pll_hdmi_inst|altera_pll_i|cyclonev_pll|counter[0].output_counter|divclk}
    Info (332110): create_generated_clock -source {pll_hdmi|pll_hdmi_inst|altera_pll_i|cyclonev_pll|fpll_0|fpll|refclkin} -divide_by 512 -multiply_by 4563 -duty_cycle 50.00 -name {pll_hdmi|pll_hdmi_inst|altera_pll_i|cyclonev_pll|fpll_0|fpll|vcoph[0]} {pll_hdmi|pll_hdmi_inst|altera_pll_i|cyclonev_pll|fpll_0|fpll|vcoph[0]}
    Info (332110): create_generated_clock -source {pll_audio|pll_audio_inst|altera_pll_i|general[0].gpll~FRACTIONAL_PLL|refclkin} -divide_by 512 -multiply_by 4279 -duty_cycle 50.00 -name {pll_audio|pll_audio_inst|altera_pll_i|general[0].gpll~FRACTIONAL_PLL|vcoph[0]} {pll_audio|pll_audio_inst|altera_pll_i|general[0].gpll~FRACTIONAL_PLL|vcoph[0]}
    Info (332110): create_generated_clock -source {pll_audio|pll_audio_inst|altera_pll_i|general[0].gpll~PLL_OUTPUT_COUNTER|vco0ph[0]} -divide_by 17 -duty_cycle 50.00 -name {pll_audio|pll_audio_inst|altera_pll_i|general[0].gpll~PLL_OUTPUT_COUNTER|divclk} {pll_audio|pll_audio_inst|altera_pll_i|general[0].gpll~PLL_OUTPUT_COUNTER|divclk}
    Info (332110): create_generated_clock -source {emu|pll|pll_inst|altera_pll_i|general[0].gpll~FRACTIONAL_PLL|refclkin} -divide_by 128 -multiply_by 1165 -duty_cycle 50.00 -name {emu|pll|pll_inst|altera_pll_i|general[0].gpll~FRACTIONAL_PLL|vcoph[0]} {emu|pll|pll_inst|altera_pll_i|general[0].gpll~FRACTIONAL_PLL|vcoph[0]}
    Info (332110): create_generated_clock -source {emu|pll|pll_inst|altera_pll_i|general[0].gpll~PLL_OUTPUT_COUNTER|vco0ph[0]} -divide_by 7 -duty_cycle 50.00 -name {emu|pll|pll_inst|altera_pll_i|general[0].gpll~PLL_OUTPUT_COUNTER|divclk} {emu|pll|pll_inst|altera_pll_i|general[0].gpll~PLL_OUTPUT_COUNTER|divclk}
    Info (332110): create_generated_clock -source {emu|pll|pll_inst|altera_pll_i|general[1].gpll~PLL_OUTPUT_COUNTER|vco0ph[0]} -divide_by 14 -duty_cycle 50.00 -name {emu|pll|pll_inst|altera_pll_i|general[1].gpll~PLL_OUTPUT_COUNTER|divclk} {emu|pll|pll_inst|altera_pll_i|general[1].gpll~PLL_OUTPUT_COUNTER|divclk}
Info (332151): Clock uncertainty is not calculated until you update the timing netlist.
Info (332104): Reading SDC File: 'MacLC.sdc'
Warning (332125): Found combinational loop of 117 nodes File: C:/Temp/mistercore/MacLC_MiSTer/rtl/tg68k/TG68KdotC_Kernel.vhd Line: 1656
    Warning (332126): Node "emu|tg68k|tg68k|Mux356~5|combout"
    Warning (332126): Node "emu|tg68k|tg68k|setexecOPC~0|dataa"
    Warning (332126): Node "emu|tg68k|tg68k|setexecOPC~0|combout"
    Warning (332126): Node "emu|tg68k|tg68k|Mux240~4|datad"
    Warning (332126): Node "emu|tg68k|tg68k|Mux240~4|combout"
    Warning (332126): Node "emu|tg68k|tg68k|Selector83~2|dataa"
    Warning (332126): Node "emu|tg68k|tg68k|Selector83~2|combout"
    Warning (332126): Node "emu|tg68k|tg68k|process_16~45|datac"
    Warning (332126): Node "emu|tg68k|tg68k|process_16~45|combout"
    Warning (332126): Node "emu|tg68k|tg68k|Mux45~0|dataa"
    Warning (332126): Node "emu|tg68k|tg68k|Mux45~0|combout"
    Warning (332126): Node "emu|tg68k|tg68k|Mux45~1|dataa"
    Warning (332126): Node "emu|tg68k|tg68k|Mux45~1|combout"
    Warning (332126): Node "emu|tg68k|tg68k|Mux356~1|datad"
    Warning (332126): Node "emu|tg68k|tg68k|Mux356~1|combout"
    Warning (332126): Node "emu|tg68k|tg68k|Mux356~5|dataa"
    Warning (332126): Node "emu|tg68k|tg68k|Mux356~2|datae"
    Warning (332126): Node "emu|tg68k|tg68k|Mux356~2|combout"
    Warning (332126): Node "emu|tg68k|tg68k|Mux356~5|datab"
    Warning (332126): Node "emu|tg68k|tg68k|setstate~31|datac"
    Warning (332126): Node "emu|tg68k|tg68k|setstate~31|combout"
    Warning (332126): Node "emu|tg68k|tg68k|Mux356~2|dataf"
    Warning (332126): Node "emu|tg68k|tg68k|Mux356~3|datac"
    Warning (332126): Node "emu|tg68k|tg68k|Mux356~3|combout"
    Warning (332126): Node "emu|tg68k|tg68k|Mux356~5|datac"
    Warning (332126): Node "emu|tg68k|tg68k|Mux356~4|dataf"
    Warning (332126): Node "emu|tg68k|tg68k|Mux356~4|combout"
    Warning (332126): Node "emu|tg68k|tg68k|Mux356~5|datad"
    Warning (332126): Node "emu|tg68k|tg68k|Mux355~4|dataa"
    Warning (332126): Node "emu|tg68k|tg68k|Mux355~4|combout"
    Warning (332126): Node "emu|tg68k|tg68k|setexecOPC~4|dataa"
    Warning (332126): Node "emu|tg68k|tg68k|setexecOPC~4|combout"
    Warning (332126): Node "emu|tg68k|tg68k|setexecOPC~2|datae"
    Warning (332126): Node "emu|tg68k|tg68k|setexecOPC~2|combout"
    Warning (332126): Node "emu|tg68k|tg68k|setexecOPC~0|datae"
    Warning (332126): Node "emu|tg68k|tg68k|setstate~9|datab"
    Warning (332126): Node "emu|tg68k|tg68k|setstate~9|combout"
    Warning (332126): Node "emu|tg68k|tg68k|Mux355~5|datae"
    Warning (332126): Node "emu|tg68k|tg68k|Mux355~5|combout"
    Warning (332126): Node "emu|tg68k|tg68k|setexecOPC~4|datab"
    Warning (332126): Node "emu|tg68k|tg68k|Mux44~1|dataa"
    Warning (332126): Node "emu|tg68k|tg68k|Mux44~1|combout"
    Warning (332126): Node "emu|tg68k|tg68k|Mux355~5|datad"
    Warning (332126): Node "emu|tg68k|tg68k|setstate~21|dataa"
    Warning (332126): Node "emu|tg68k|tg68k|setstate~21|combout"
    Warning (332126): Node "emu|tg68k|tg68k|Mux355~5|dataf"
    Warning (332126): Node "emu|tg68k|tg68k|setstate~16|datad"
    Warning (332126): Node "emu|tg68k|tg68k|setstate~16|combout"
    Warning (332126): Node "emu|tg68k|tg68k|setstate~21|datad"
    Warning (332126): Node "emu|tg68k|tg68k|setstate~19|datab"
    Warning (332126): Node "emu|tg68k|tg68k|setstate~19|combout"
    Warning (332126): Node "emu|tg68k|tg68k|setstate~21|datae"
    Warning (332126): Node "emu|tg68k|tg68k|setstate~20|datad"
    Warning (332126): Node "emu|tg68k|tg68k|setstate~20|combout"
    Warning (332126): Node "emu|tg68k|tg68k|setstate~31|dataa"
    Warning (332126): Node "emu|tg68k|tg68k|setstate~21|dataf"
    Warning (332126): Node "emu|tg68k|tg68k|Mux355~8|dataa"
    Warning (332126): Node "emu|tg68k|tg68k|Mux355~8|combout"
    Warning (332126): Node "emu|tg68k|tg68k|setexecOPC~4|datac"
    Warning (332126): Node "emu|tg68k|tg68k|setstate~4|datac"
    Warning (332126): Node "emu|tg68k|tg68k|setstate~4|combout"
    Warning (332126): Node "emu|tg68k|tg68k|Mux45~1|datab"
    Warning (332126): Node "emu|tg68k|tg68k|Mux355~11|dataa"
    Warning (332126): Node "emu|tg68k|tg68k|Mux355~11|combout"
    Warning (332126): Node "emu|tg68k|tg68k|Mux355~14|datab"
    Warning (332126): Node "emu|tg68k|tg68k|Mux355~14|combout"
    Warning (332126): Node "emu|tg68k|tg68k|setexecOPC~4|datad"
    Warning (332126): Node "emu|tg68k|tg68k|Mux355~4|datac"
    Warning (332126): Node "emu|tg68k|tg68k|setstate~9|datad"
    Warning (332126): Node "emu|tg68k|tg68k|Mux44~1|datac"
    Warning (332126): Node "emu|tg68k|tg68k|Mux355~8|datac"
    Warning (332126): Node "emu|tg68k|tg68k|set~4|dataa"
    Warning (332126): Node "emu|tg68k|tg68k|set~4|combout"
    Warning (332126): Node "emu|tg68k|tg68k|setstate~30|datac"
    Warning (332126): Node "emu|tg68k|tg68k|setstate~30|combout"
    Warning (332126): Node "emu|tg68k|tg68k|setstate~31|dataf"
    Warning (332126): Node "emu|tg68k|tg68k|Selector9~1|datae"
    Warning (332126): Node "emu|tg68k|tg68k|Selector9~1|combout"
    Warning (332126): Node "emu|tg68k|tg68k|setstate~27|datac"
    Warning (332126): Node "emu|tg68k|tg68k|setstate~27|combout"
    Warning (332126): Node "emu|tg68k|tg68k|setstate~31|datae"
    Warning (332126): Node "emu|tg68k|tg68k|Mux356~4|datac"
    Warning (332126): Node "emu|tg68k|tg68k|Mux202~3|datad"
    Warning (332126): Node "emu|tg68k|tg68k|Mux202~3|combout"
    Warning (332126): Node "emu|tg68k|tg68k|Mux314~6|datae"
    Warning (332126): Node "emu|tg68k|tg68k|Mux314~6|combout"
    Warning (332126): Node "emu|tg68k|tg68k|Mux314~3|datad"
    Warning (332126): Node "emu|tg68k|tg68k|Mux314~3|combout"
    Warning (332126): Node "emu|tg68k|tg68k|Mux240~4|datab"
    Warning (332126): Node "emu|tg68k|tg68k|Mux241~7|datad"
    Warning (332126): Node "emu|tg68k|tg68k|Mux241~7|combout"
    Warning (332126): Node "emu|tg68k|tg68k|Mux241~2|datad"
    Warning (332126): Node "emu|tg68k|tg68k|Mux241~2|combout"
    Warning (332126): Node "emu|tg68k|tg68k|process_16~45|datad"
    Warning (332126): Node "emu|tg68k|tg68k|Mux313~0|datac"
    Warning (332126): Node "emu|tg68k|tg68k|Mux313~0|combout"
    Warning (332126): Node "emu|tg68k|tg68k|Mux313~1|datac"
    Warning (332126): Node "emu|tg68k|tg68k|Mux313~1|combout"
    Warning (332126): Node "emu|tg68k|tg68k|setexecOPC~0|datad"
    Warning (332126): Node "emu|tg68k|tg68k|setstate~14|datad"
    Warning (332126): Node "emu|tg68k|tg68k|setstate~14|combout"
    Warning (332126): Node "emu|tg68k|tg68k|setstate~21|datab"
    Warning (332126): Node "emu|tg68k|tg68k|setstate~15|datad"
    Warning (332126): Node "emu|tg68k|tg68k|setstate~15|combout"
    Warning (332126): Node "emu|tg68k|tg68k|setstate~31|datab"
    Warning (332126): Node "emu|tg68k|tg68k|setstate~21|datac"
    Warning (332126): Node "emu|tg68k|tg68k|Mux50~0|datae"
    Warning (332126): Node "emu|tg68k|tg68k|Mux50~0|combout"
    Warning (332126): Node "emu|tg68k|tg68k|Mux46~2|datae"
    Warning (332126): Node "emu|tg68k|tg68k|Mux46~2|combout"
    Warning (332126): Node "emu|tg68k|tg68k|Mux314~7|datac"
    Warning (332126): Node "emu|tg68k|tg68k|Mux314~7|combout"
    Warning (332126): Node "emu|tg68k|tg68k|Mux314~3|datae"
    Warning (332126): Node "emu|tg68k|tg68k|Mux355~14|datae"
    Warning (332126): Node "emu|tg68k|tg68k|Mux241~6|datae"
    Warning (332126): Node "emu|tg68k|tg68k|Mux241~6|combout"
    Warning (332126): Node "emu|tg68k|tg68k|Mux241~7|datab"
Critical Warning (332081): Design contains combinational loop of 117 nodes. Estimating the delays through the loop.
Info (332097): The following timing edges are non-unate.  TimeQuest will assume pos-unate behavior for these edges in the clock network.
    Info (332098): Cell: emu|pll|pll_inst|altera_pll_i|general[0].gpll~FRACTIONAL_PLL  from: refclkin  to: fbclk
    Info (332098): Cell: emu|pll|pll_inst|altera_pll_i|general[0].gpll~PLL_OUTPUT_COUNTER  from: vco0ph[0]  to: divclk
    Info (332098): Cell: emu|pll|pll_inst|altera_pll_i|general[0].gpll~PLL_REFCLK_SELECT  from: clkin[0]  to: clkout
    Info (332098): Cell: emu|pll|pll_inst|altera_pll_i|general[1].gpll~PLL_OUTPUT_COUNTER  from: vco0ph[0]  to: divclk
    Info (332098): Cell: pll_audio|pll_audio_inst|altera_pll_i|general[0].gpll~FRACTIONAL_PLL  from: refclkin  to: fbclk
    Info (332098): Cell: pll_audio|pll_audio_inst|altera_pll_i|general[0].gpll~PLL_OUTPUT_COUNTER  from: vco0ph[0]  to: divclk
    Info (332098): Cell: pll_audio|pll_audio_inst|altera_pll_i|general[0].gpll~PLL_REFCLK_SELECT  from: clkin[0]  to: clkout
    Info (332098): Cell: pll_hdmi|pll_hdmi_inst|altera_pll_i|cyclonev_pll|counter[0].output_counter  from: vco0ph[0]  to: divclk
    Info (332098): Cell: pll_hdmi|pll_hdmi_inst|altera_pll_i|cyclonev_pll|fpll_0|REFCLK_SELECT  from: clkin[0]  to: clkout
    Info (332098): Cell: pll_hdmi|pll_hdmi_inst|altera_pll_i|cyclonev_pll|fpll_0|fpll  from: refclkin  to: fbclk
    Info (332098): From: sysmem|fpga_interfaces|f2sdram|cmd_port_clk_0  to: sysmem_lite:sysmem|sysmem_HPS_fpga_interfaces:fpga_interfaces|f2sdram~FF_762
    Info (332098): From: sysmem|fpga_interfaces|f2sdram|cmd_port_clk_2  to: sysmem_lite:sysmem|sysmem_HPS_fpga_interfaces:fpga_interfaces|f2sdram~FF_920
    Info (332098): From: sysmem|fpga_interfaces|f2sdram|rd_clk_0  to: sysmem_lite:sysmem|sysmem_HPS_fpga_interfaces:fpga_interfaces|f2sdram~FF_7
    Info (332098): From: sysmem|fpga_interfaces|f2sdram|rd_clk_1  to: sysmem_lite:sysmem|sysmem_HPS_fpga_interfaces:fpga_interfaces|f2sdram~FF_6
    Info (332098): From: sysmem|fpga_interfaces|f2sdram|rd_clk_3  to: sysmem_lite:sysmem|sysmem_HPS_fpga_interfaces:fpga_interfaces|f2sdram~FF_4
    Info (332098): From: sysmem|fpga_interfaces|f2sdram|wr_clk_0  to: sysmem_lite:sysmem|sysmem_HPS_fpga_interfaces:fpga_interfaces|f2sdram~FF_3
    Info (332098): From: sysmem|fpga_interfaces|f2sdram|wr_clk_1  to: sysmem_lite:sysmem|sysmem_HPS_fpga_interfaces:fpga_interfaces|f2sdram~FF_2
    Info (332098): From: sysmem|fpga_interfaces|f2sdram|wr_clk_3  to: sysmem_lite:sysmem|sysmem_HPS_fpga_interfaces:fpga_interfaces|f2sdram~FF_0
Info (332123): Deriving Clock Uncertainty. Please refer to report_sdc in TimeQuest to see clock uncertainties.
Info (332129): Detected timing requirements -- optimizing circuit to achieve only the specified requirements
Info (332111): Found 14 clocks
    Info (332111):   Period   Clock Name
    Info (332111): ======== ============
    Info (332111):   33.333 altera_reserved_tck
    Info (332111):    2.197 emu|pll|pll_inst|altera_pll_i|general[0].gpll~FRACTIONAL_PLL|vcoph[0]
    Info (332111):   15.381 emu|pll|pll_inst|altera_pll_i|general[0].gpll~PLL_OUTPUT_COUNTER|divclk
    Info (332111):   30.763 emu|pll|pll_inst|altera_pll_i|general[1].gpll~PLL_OUTPUT_COUNTER|divclk
    Info (332111):   20.000 FPGA_CLK1_50
    Info (332111):   20.000 FPGA_CLK2_50
    Info (332111):   20.000 FPGA_CLK3_50
    Info (332111):  100.000     hdmi_sck
    Info (332111):    2.393 pll_audio|pll_audio_inst|altera_pll_i|general[0].gpll~FRACTIONAL_PLL|vcoph[0]
    Info (332111):   40.682 pll_audio|pll_audio_inst|altera_pll_i|general[0].gpll~PLL_OUTPUT_COUNTER|divclk
    Info (332111):    6.732 pll_hdmi|pll_hdmi_inst|altera_pll_i|cyclonev_pll|counter[0].output_counter|divclk
    Info (332111):    2.244 pll_hdmi|pll_hdmi_inst|altera_pll_i|cyclonev_pll|fpll_0|fpll|vcoph[0]
    Info (332111):   10.000      spi_sck
    Info (332111):   10.000 sysmem|fpga_interfaces|clocks_resets|h2f_user0_clk
Info (176233): Starting register packing
Warning (176250): Ignoring invalid fast I/O register assignments. See the Ignored Assignments panel in the Fitter Compilation Report for more information.
Warning (176251): Ignoring some wildcard destinations of fast I/O register assignments
    Info (176252): Wildcard assignment "Fast Output Register=ON" to "SDRAM_*" matches multiple destination nodes -- some destinations are not valid targets for this assignment
Info (176235): Finished register packing
    Extra Info (176218): Packed 51 registers into blocks of type Block RAM
    Extra Info (176218): Packed 801 registers into blocks of type DSP block
    Extra Info (176218): Packed 16 registers into blocks of type I/O input buffer
    Extra Info (176218): Packed 80 registers into blocks of type I/O output buffer
    Extra Info (176220): Created 167 register duplicates
Info (128000): Starting physical synthesis optimizations for speed
Info (128002): Starting physical synthesis algorithm register retiming
Info (128003): Physical synthesis algorithm register retiming complete: estimated slack improvement of 0 ps
Info (128002): Starting physical synthesis algorithm combinational resynthesis using boolean division
Info (128003): Physical synthesis algorithm combinational resynthesis using boolean division complete: estimated slack improvement of 0 ps
Info (128002): Starting physical synthesis algorithm register retiming
Info (128003): Physical synthesis algorithm register retiming complete: estimated slack improvement of 0 ps
Info (128002): Starting physical synthesis algorithm combinational resynthesis using boolean division
Info (128003): Physical synthesis algorithm combinational resynthesis using boolean division complete: estimated slack improvement of 0 ps
Info (128001): Physical synthesis optimizations for speed complete: elapsed time is 00:00:53
Info (176233): Starting register packing
Info (176235): Finished register packing
    Extra Info (176218): Packed 228 registers into blocks of type DSP block
    Extra Info (176220): Created 156 register duplicates
Info (11798): Fitter preparation operations ending: elapsed time is 00:01:26
Info (170189): Fitter placement preparation operations beginning
Info (14951): The Fitter is using Advanced Physical Optimization.
Info (170190): Fitter placement preparation operations ending: elapsed time is 00:04:18
Info (170191): Fitter placement operations beginning
Info (170137): Fitter placement was successful
Info (170192): Fitter placement operations ending: elapsed time is 00:01:19
Info (170193): Fitter routing operations beginning
Info (170089): 5e+03 ns of routing delay (approximately 2.6% of available device routing delay) has been added to meet hold timing. For more information, refer to the Estimated Delay Added for Hold Timing section in the Fitter report.
Info (170195): Router estimated average interconnect usage is 34% of the available device resources
    Info (170196): Router estimated peak interconnect usage is 48% of the available device resources in the region that extends from location X22_Y23 to location X32_Y34
Info (170194): Fitter routing operations ending: elapsed time is 00:02:26
Info (11888): Total time spent on timing analysis during the Fitter is 100.08 seconds.
Info (334003): Started post-fitting delay annotation
Info (334004): Delay annotation completed successfully
Info (334003): Started post-fitting delay annotation
Info (334004): Delay annotation completed successfully
Info (11801): Fitter post-fit operations ending: elapsed time is 00:01:12
Warning (171167): Found invalid Fitter assignments. See the Ignored Assignments panel in the Fitter Compilation Report for more information.
Warning (169064): Following 4 pins have no output enable or a GND or VCC output enable - later changes to this connectivity may change fitting results
    Info (169065): Pin USER_IO[0] has a permanently disabled output enable File: C:/Temp/mistercore/MacLC_MiSTer/sys/sys_top.v Line: 125
    Info (169065): Pin USER_IO[1] has a permanently disabled output enable File: C:/Temp/mistercore/MacLC_MiSTer/sys/sys_top.v Line: 125
    Info (169065): Pin USER_IO[3] has a permanently disabled output enable File: C:/Temp/mistercore/MacLC_MiSTer/sys/sys_top.v Line: 125
    Info (169065): Pin USER_IO[6] has a permanently disabled output enable File: C:/Temp/mistercore/MacLC_MiSTer/sys/sys_top.v Line: 125
Info (144001): Generated suppressed messages file C:/Temp/mistercore/MacLC_MiSTer/output_files/MacLC.fit.smsg
Info: Quartus Prime Fitter was successful. 0 errors, 126 warnings
    Info: Peak virtual memory: 10160 megabytes
    Info: Processing ended: Wed Jun 24 07:17:16 2026
    Info: Elapsed time: 00:15:42
    Info: Total CPU time (on all processors): 01:12:39
Info: *******************************************************************
Info: Running Quartus Prime Assembler
    Info: Version 17.0.2 Build 602 07/19/2017 SJ Lite Edition
    Info: Processing started: Wed Jun 24 07:17:17 2026
Info: Command: quartus_asm --read_settings_files=off --write_settings_files=off MacLC -c MacLC
Info (115030): Assembler is generating device programming files
Info: Quartus Prime Assembler was successful. 0 errors, 0 warnings
    Info: Peak virtual memory: 5389 megabytes
    Info: Processing ended: Wed Jun 24 07:17:38 2026
    Info: Elapsed time: 00:00:21
    Info: Total CPU time (on all processors): 00:00:21
Info (293026): Skipped module PowerPlay Power Analyzer due to the assignment FLOW_ENABLE_POWER_ANALYZER
Info: *******************************************************************
Info: Running Quartus Prime TimeQuest Timing Analyzer
    Info: Version 17.0.2 Build 602 07/19/2017 SJ Lite Edition
    Info: Processing started: Wed Jun 24 07:17:39 2026
Info: Command: quartus_sta MacLC -c MacLC
Info: qsta_default_script.tcl version: #1
Info (20030): Parallel compilation is enabled and will use 12 of the 12 processors detected
Info (21077): Low junction temperature is -40 degrees C
Info (21077): High junction temperature is 100 degrees C
Info (332164): Evaluating HDL-embedded SDC commands
    Info (332165): Entity altera_std_synchronizer
        Info (332166): set_false_path -to [get_keepers {*altera_std_synchronizer:*|din_s1}]
    Info (332165): Entity sld_hub
        Info (332166): create_clock -name altera_reserved_tck [get_ports {altera_reserved_tck}] -period 30MHz   
        Info (332166): if { [string equal quartus_fit $::TimeQuestInfo(nameofexecutable)] } { set_max_delay -to [get_ports { altera_reserved_tdo } ] 0 }
        Info (332166): set_clock_groups -asynchronous -group {altera_reserved_tck}
Info (332104): Reading SDC File: 'sys/sys_top.sdc'
Info (332110): Deriving PLL clocks
    Info (332110): create_generated_clock -source {pll_hdmi|pll_hdmi_inst|altera_pll_i|cyclonev_pll|counter[0].output_counter|vco0ph[0]} -divide_by 3 -duty_cycle 50.00 -name {pll_hdmi|pll_hdmi_inst|altera_pll_i|cyclonev_pll|counter[0].output_counter|divclk} {pll_hdmi|pll_hdmi_inst|altera_pll_i|cyclonev_pll|counter[0].output_counter|divclk}
    Info (332110): create_generated_clock -source {pll_hdmi|pll_hdmi_inst|altera_pll_i|cyclonev_pll|fpll_0|fpll|refclkin} -divide_by 512 -multiply_by 4563 -duty_cycle 50.00 -name {pll_hdmi|pll_hdmi_inst|altera_pll_i|cyclonev_pll|fpll_0|fpll|vcoph[0]} {pll_hdmi|pll_hdmi_inst|altera_pll_i|cyclonev_pll|fpll_0|fpll|vcoph[0]}
    Info (332110): create_generated_clock -source {pll_audio|pll_audio_inst|altera_pll_i|general[0].gpll~FRACTIONAL_PLL|refclkin} -divide_by 512 -multiply_by 4279 -duty_cycle 50.00 -name {pll_audio|pll_audio_inst|altera_pll_i|general[0].gpll~FRACTIONAL_PLL|vcoph[0]} {pll_audio|pll_audio_inst|altera_pll_i|general[0].gpll~FRACTIONAL_PLL|vcoph[0]}
    Info (332110): create_generated_clock -source {pll_audio|pll_audio_inst|altera_pll_i|general[0].gpll~PLL_OUTPUT_COUNTER|vco0ph[0]} -divide_by 17 -duty_cycle 50.00 -name {pll_audio|pll_audio_inst|altera_pll_i|general[0].gpll~PLL_OUTPUT_COUNTER|divclk} {pll_audio|pll_audio_inst|altera_pll_i|general[0].gpll~PLL_OUTPUT_COUNTER|divclk}
    Info (332110): create_generated_clock -source {emu|pll|pll_inst|altera_pll_i|general[0].gpll~FRACTIONAL_PLL|refclkin} -divide_by 128 -multiply_by 1165 -duty_cycle 50.00 -name {emu|pll|pll_inst|altera_pll_i|general[0].gpll~FRACTIONAL_PLL|vcoph[0]} {emu|pll|pll_inst|altera_pll_i|general[0].gpll~FRACTIONAL_PLL|vcoph[0]}
    Info (332110): create_generated_clock -source {emu|pll|pll_inst|altera_pll_i|general[0].gpll~PLL_OUTPUT_COUNTER|vco0ph[0]} -divide_by 7 -duty_cycle 50.00 -name {emu|pll|pll_inst|altera_pll_i|general[0].gpll~PLL_OUTPUT_COUNTER|divclk} {emu|pll|pll_inst|altera_pll_i|general[0].gpll~PLL_OUTPUT_COUNTER|divclk}
    Info (332110): create_generated_clock -source {emu|pll|pll_inst|altera_pll_i|general[1].gpll~PLL_OUTPUT_COUNTER|vco0ph[0]} -divide_by 14 -duty_cycle 50.00 -name {emu|pll|pll_inst|altera_pll_i|general[1].gpll~PLL_OUTPUT_COUNTER|divclk} {emu|pll|pll_inst|altera_pll_i|general[1].gpll~PLL_OUTPUT_COUNTER|divclk}
Info (332151): Clock uncertainty is not calculated until you update the timing netlist.
Info (332104): Reading SDC File: 'MacLC.sdc'
Warning (332125): Found combinational loop of 117 nodes File: C:/Temp/mistercore/MacLC_MiSTer/rtl/tg68k/TG68KdotC_Kernel.vhd Line: 1656
    Warning (332126): Node "emu|tg68k|tg68k|Mux314~3|combout"
    Warning (332126): Node "emu|tg68k|tg68k|Mux240~4|datae"
    Warning (332126): Node "emu|tg68k|tg68k|Mux240~4|combout"
    Warning (332126): Node "emu|tg68k|tg68k|Selector83~2|dataf"
    Warning (332126): Node "emu|tg68k|tg68k|Selector83~2|combout"
    Warning (332126): Node "emu|tg68k|tg68k|process_16~45|dataf"
    Warning (332126): Node "emu|tg68k|tg68k|process_16~45|combout"
    Warning (332126): Node "emu|tg68k|tg68k|Mux45~0|datad"
    Warning (332126): Node "emu|tg68k|tg68k|Mux45~0|combout"
    Warning (332126): Node "emu|tg68k|tg68k|Mux45~1|datac"
    Warning (332126): Node "emu|tg68k|tg68k|Mux45~1|combout"
    Warning (332126): Node "emu|tg68k|tg68k|Mux356~4|datae"
    Warning (332126): Node "emu|tg68k|tg68k|Mux356~4|combout"
    Warning (332126): Node "emu|tg68k|tg68k|Mux356~5|dataa"
    Warning (332126): Node "emu|tg68k|tg68k|Mux356~5|combout"
    Warning (332126): Node "emu|tg68k|tg68k|setexecOPC~0|datad"
    Warning (332126): Node "emu|tg68k|tg68k|setexecOPC~0|combout"
    Warning (332126): Node "emu|tg68k|tg68k|Mux241~6|dataf"
    Warning (332126): Node "emu|tg68k|tg68k|Mux241~6|combout"
    Warning (332126): Node "emu|tg68k|tg68k|Mux241~7|datad"
    Warning (332126): Node "emu|tg68k|tg68k|Mux241~7|combout"
    Warning (332126): Node "emu|tg68k|tg68k|Mux241~2|dataf"
    Warning (332126): Node "emu|tg68k|tg68k|Mux241~2|combout"
    Warning (332126): Node "emu|tg68k|tg68k|process_16~45|datad"
    Warning (332126): Node "emu|tg68k|tg68k|Mux240~4|dataf"
    Warning (332126): Node "emu|tg68k|tg68k|setstate~31|dataa"
    Warning (332126): Node "emu|tg68k|tg68k|setstate~31|combout"
    Warning (332126): Node "emu|tg68k|tg68k|Mux356~2|datae"
    Warning (332126): Node "emu|tg68k|tg68k|Mux356~2|combout"
    Warning (332126): Node "emu|tg68k|tg68k|Mux356~5|datac"
    Warning (332126): Node "emu|tg68k|tg68k|Mux356~2|dataf"
    Warning (332126): Node "emu|tg68k|tg68k|Mux356~3|datad"
    Warning (332126): Node "emu|tg68k|tg68k|Mux356~3|combout"
    Warning (332126): Node "emu|tg68k|tg68k|Mux356~5|datae"
    Warning (332126): Node "emu|tg68k|tg68k|Mux356~1|datad"
    Warning (332126): Node "emu|tg68k|tg68k|Mux356~1|combout"
    Warning (332126): Node "emu|tg68k|tg68k|Mux356~5|dataf"
    Warning (332126): Node "emu|tg68k|tg68k|Mux355~8|datad"
    Warning (332126): Node "emu|tg68k|tg68k|Mux355~8|combout"
    Warning (332126): Node "emu|tg68k|tg68k|setexecOPC~4|dataf"
    Warning (332126): Node "emu|tg68k|tg68k|setexecOPC~4|combout"
    Warning (332126): Node "emu|tg68k|tg68k|setexecOPC~2|dataf"
    Warning (332126): Node "emu|tg68k|tg68k|setexecOPC~2|combout"
    Warning (332126): Node "emu|tg68k|tg68k|setexecOPC~0|dataf"
    Warning (332126): Node "emu|tg68k|tg68k|Mux355~4|datae"
    Warning (332126): Node "emu|tg68k|tg68k|Mux355~4|combout"
    Warning (332126): Node "emu|tg68k|tg68k|setexecOPC~4|dataa"
    Warning (332126): Node "emu|tg68k|tg68k|Mux355~14|datae"
    Warning (332126): Node "emu|tg68k|tg68k|Mux355~14|combout"
    Warning (332126): Node "emu|tg68k|tg68k|setexecOPC~4|datac"
    Warning (332126): Node "emu|tg68k|tg68k|setstate~9|dataf"
    Warning (332126): Node "emu|tg68k|tg68k|setstate~9|combout"
    Warning (332126): Node "emu|tg68k|tg68k|Mux355~5|datad"
    Warning (332126): Node "emu|tg68k|tg68k|Mux355~5|combout"
    Warning (332126): Node "emu|tg68k|tg68k|setexecOPC~4|datae"
    Warning (332126): Node "emu|tg68k|tg68k|setstate~16|dataf"
    Warning (332126): Node "emu|tg68k|tg68k|setstate~16|combout"
    Warning (332126): Node "emu|tg68k|tg68k|setstate~21|datab"
    Warning (332126): Node "emu|tg68k|tg68k|setstate~21|combout"
    Warning (332126): Node "emu|tg68k|tg68k|Mux355~5|dataf"
    Warning (332126): Node "emu|tg68k|tg68k|Mux44~1|dataf"
    Warning (332126): Node "emu|tg68k|tg68k|Mux44~1|combout"
    Warning (332126): Node "emu|tg68k|tg68k|Mux355~5|datae"
    Warning (332126): Node "emu|tg68k|tg68k|setstate~21|datac"
    Warning (332126): Node "emu|tg68k|tg68k|setstate~20|dataf"
    Warning (332126): Node "emu|tg68k|tg68k|setstate~20|combout"
    Warning (332126): Node "emu|tg68k|tg68k|setstate~31|datad"
    Warning (332126): Node "emu|tg68k|tg68k|setstate~21|datad"
    Warning (332126): Node "emu|tg68k|tg68k|setstate~19|dataf"
    Warning (332126): Node "emu|tg68k|tg68k|setstate~19|combout"
    Warning (332126): Node "emu|tg68k|tg68k|setstate~21|datae"
    Warning (332126): Node "emu|tg68k|tg68k|set~4|dataf"
    Warning (332126): Node "emu|tg68k|tg68k|set~4|combout"
    Warning (332126): Node "emu|tg68k|tg68k|setstate~30|dataf"
    Warning (332126): Node "emu|tg68k|tg68k|setstate~30|combout"
    Warning (332126): Node "emu|tg68k|tg68k|setstate~31|datae"
    Warning (332126): Node "emu|tg68k|tg68k|Selector9~1|dataf"
    Warning (332126): Node "emu|tg68k|tg68k|Selector9~1|combout"
    Warning (332126): Node "emu|tg68k|tg68k|Mux356~4|dataf"
    Warning (332126): Node "emu|tg68k|tg68k|setstate~27|dataf"
    Warning (332126): Node "emu|tg68k|tg68k|setstate~27|combout"
    Warning (332126): Node "emu|tg68k|tg68k|setstate~31|dataf"
    Warning (332126): Node "emu|tg68k|tg68k|setstate~15|dataf"
    Warning (332126): Node "emu|tg68k|tg68k|setstate~15|combout"
    Warning (332126): Node "emu|tg68k|tg68k|setstate~31|datac"
    Warning (332126): Node "emu|tg68k|tg68k|setstate~21|dataa"
    Warning (332126): Node "emu|tg68k|tg68k|setstate~14|datae"
    Warning (332126): Node "emu|tg68k|tg68k|setstate~14|combout"
    Warning (332126): Node "emu|tg68k|tg68k|setstate~21|dataf"
    Warning (332126): Node "emu|tg68k|tg68k|Mux202~3|dataf"
    Warning (332126): Node "emu|tg68k|tg68k|Mux202~3|combout"
    Warning (332126): Node "emu|tg68k|tg68k|Mux314~6|dataf"
    Warning (332126): Node "emu|tg68k|tg68k|Mux314~6|combout"
    Warning (332126): Node "emu|tg68k|tg68k|Mux314~3|datae"
    Warning (332126): Node "emu|tg68k|tg68k|Mux313~0|datae"
    Warning (332126): Node "emu|tg68k|tg68k|Mux313~0|combout"
    Warning (332126): Node "emu|tg68k|tg68k|Mux313~1|dataf"
    Warning (332126): Node "emu|tg68k|tg68k|Mux313~1|combout"
    Warning (332126): Node "emu|tg68k|tg68k|setexecOPC~0|datae"
    Warning (332126): Node "emu|tg68k|tg68k|Mux50~0|dataf"
    Warning (332126): Node "emu|tg68k|tg68k|Mux50~0|combout"
    Warning (332126): Node "emu|tg68k|tg68k|Mux46~2|dataf"
    Warning (332126): Node "emu|tg68k|tg68k|Mux46~2|combout"
    Warning (332126): Node "emu|tg68k|tg68k|Mux314~7|dataf"
    Warning (332126): Node "emu|tg68k|tg68k|Mux314~7|combout"
    Warning (332126): Node "emu|tg68k|tg68k|Mux314~3|dataf"
    Warning (332126): Node "emu|tg68k|tg68k|setstate~4|datae"
    Warning (332126): Node "emu|tg68k|tg68k|setstate~4|combout"
    Warning (332126): Node "emu|tg68k|tg68k|Mux45~1|dataf"
    Warning (332126): Node "emu|tg68k|tg68k|Mux355~4|dataf"
    Warning (332126): Node "emu|tg68k|tg68k|Mux355~11|dataf"
    Warning (332126): Node "emu|tg68k|tg68k|Mux355~11|combout"
    Warning (332126): Node "emu|tg68k|tg68k|Mux355~14|dataf"
    Warning (332126): Node "emu|tg68k|tg68k|setstate~9|datad"
    Warning (332126): Node "emu|tg68k|tg68k|Mux44~1|datad"
    Warning (332126): Node "emu|tg68k|tg68k|Mux355~8|dataf"
    Warning (332126): Node "emu|tg68k|tg68k|Mux241~7|dataf"
Critical Warning (332081): Design contains combinational loop of 117 nodes. Estimating the delays through the loop.
Info (332097): The following timing edges are non-unate.  TimeQuest will assume pos-unate behavior for these edges in the clock network.
    Info (332098): From: emu:emu|maclc_v8_video:v8_video|altdpram:linebuf_rtl_0|dpram_nro1:auto_generated|lutrama0~CLKMUX_0  to: emu:emu|maclc_v8_video:v8_video|altdpram:linebuf_rtl_0|dpram_nro1:auto_generated|lutrama0~MEMORYREGOUT
    Info (332098): From: emu:emu|maclc_v8_video:v8_video|altdpram:linebuf_rtl_0|dpram_nro1:auto_generated|lutrama100~CLKMUX_0  to: emu:emu|maclc_v8_video:v8_video|altdpram:linebuf_rtl_0|dpram_nro1:auto_generated|lutrama100~MEMORYREGOUT
    Info (332098): From: emu:emu|maclc_v8_video:v8_video|altdpram:linebuf_rtl_0|dpram_nro1:auto_generated|lutrama101~CLKMUX_0  to: emu:emu|maclc_v8_video:v8_video|altdpram:linebuf_rtl_0|dpram_nro1:auto_generated|lutrama101~MEMORYREGOUT
    Info (332098): From: emu:emu|maclc_v8_video:v8_video|altdpram:linebuf_rtl_0|dpram_nro1:auto_generated|lutrama102~CLKMUX_0  to: emu:emu|maclc_v8_video:v8_video|altdpram:linebuf_rtl_0|dpram_nro1:auto_generated|lutrama102~MEMORYREGOUT
    Info (332098): From: emu:emu|maclc_v8_video:v8_video|altdpram:linebuf_rtl_0|dpram_nro1:auto_generated|lutrama103~CLKMUX_0  to: emu:emu|maclc_v8_video:v8_video|altdpram:linebuf_rtl_0|dpram_nro1:auto_generated|lutrama103~MEMORYREGOUT
    Info (332098): From: emu:emu|maclc_v8_video:v8_video|altdpram:linebuf_rtl_0|dpram_nro1:auto_generated|lutrama104~CLKMUX_0  to: emu:emu|maclc_v8_video:v8_video|altdpram:linebuf_rtl_0|dpram_nro1:auto_generated|lutrama104~MEMORYREGOUT
    Info (332098): From: emu:emu|maclc_v8_video:v8_video|altdpram:linebuf_rtl_0|dpram_nro1:auto_generated|lutrama105~CLKMUX_0  to: emu:emu|maclc_v8_video:v8_video|altdpram:linebuf_rtl_0|dpram_nro1:auto_generated|lutrama105~MEMORYREGOUT
    Info (332098): From: emu:emu|maclc_v8_video:v8_video|altdpram:linebuf_rtl_0|dpram_nro1:auto_generated|lutrama106~CLKMUX_0  to: emu:emu|maclc_v8_video:v8_video|altdpram:linebuf_rtl_0|dpram_nro1:auto_generated|lutrama106~MEMORYREGOUT
    Info (332098): From: emu:emu|maclc_v8_video:v8_video|altdpram:linebuf_rtl_0|dpram_nro1:auto_generated|lutrama107~CLKMUX_0  to: emu:emu|maclc_v8_video:v8_video|altdpram:linebuf_rtl_0|dpram_nro1:auto_generated|lutrama107~MEMORYREGOUT
    Info (332098): From: emu:emu|maclc_v8_video:v8_video|altdpram:linebuf_rtl_0|dpram_nro1:auto_generated|lutrama108~CLKMUX_0  to: emu:emu|maclc_v8_video:v8_video|altdpram:linebuf_rtl_0|dpram_nro1:auto_generated|lutrama108~MEMORYREGOUT
    Info (332098): From: emu:emu|maclc_v8_video:v8_video|altdpram:linebuf_rtl_0|dpram_nro1:auto_generated|lutrama109~CLKMUX_0  to: emu:emu|maclc_v8_video:v8_video|altdpram:linebuf_rtl_0|dpram_nro1:auto_generated|lutrama109~MEMORYREGOUT
    Info (332098): From: emu:emu|maclc_v8_video:v8_video|altdpram:linebuf_rtl_0|dpram_nro1:auto_generated|lutrama10~CLKMUX_0  to: emu:emu|maclc_v8_video:v8_video|altdpram:linebuf_rtl_0|dpram_nro1:auto_generated|lutrama10~MEMORYREGOUT
    Info (332098): From: emu:emu|maclc_v8_video:v8_video|altdpram:linebuf_rtl_0|dpram_nro1:auto_generated|lutrama110~CLKMUX_0  to: emu:emu|maclc_v8_video:v8_video|altdpram:linebuf_rtl_0|dpram_nro1:auto_generated|lutrama110~MEMORYREGOUT
    Info (332098): From: emu:emu|maclc_v8_video:v8_video|altdpram:linebuf_rtl_0|dpram_nro1:auto_generated|lutrama111~CLKMUX_0  to: emu:emu|maclc_v8_video:v8_video|altdpram:linebuf_rtl_0|dpram_nro1:auto_generated|lutrama111~MEMORYREGOUT
    Info (332098): From: emu:emu|maclc_v8_video:v8_video|altdpram:linebuf_rtl_0|dpram_nro1:auto_generated|lutrama112~CLKMUX_0  to: emu:emu|maclc_v8_video:v8_video|altdpram:linebuf_rtl_0|dpram_nro1:auto_generated|lutrama112~MEMORYREGOUT
    Info (332098): From: emu:emu|maclc_v8_video:v8_video|altdpram:linebuf_rtl_0|dpram_nro1:auto_generated|lutrama113~CLKMUX_0  to: emu:emu|maclc_v8_video:v8_video|altdpram:linebuf_rtl_0|dpram_nro1:auto_generated|lutrama113~MEMORYREGOUT
    Info (332098): From: emu:emu|maclc_v8_video:v8_video|altdpram:linebuf_rtl_0|dpram_nro1:auto_generated|lutrama114~CLKMUX_0  to: emu:emu|maclc_v8_video:v8_video|altdpram:linebuf_rtl_0|dpram_nro1:auto_generated|lutrama114~MEMORYREGOUT
    Info (332098): From: emu:emu|maclc_v8_video:v8_video|altdpram:linebuf_rtl_0|dpram_nro1:auto_generated|lutrama115~CLKMUX_0  to: emu:emu|maclc_v8_video:v8_video|altdpram:linebuf_rtl_0|dpram_nro1:auto_generated|lutrama115~MEMORYREGOUT
    Info (332098): From: emu:emu|maclc_v8_video:v8_video|altdpram:linebuf_rtl_0|dpram_nro1:auto_generated|lutrama116~CLKMUX_0  to: emu:emu|maclc_v8_video:v8_video|altdpram:linebuf_rtl_0|dpram_nro1:auto_generated|lutrama116~MEMORYREGOUT
    Info (332098): From: emu:emu|maclc_v8_video:v8_video|altdpram:linebuf_rtl_0|dpram_nro1:auto_generated|lutrama117~CLKMUX_0  to: emu:emu|maclc_v8_video:v8_video|altdpram:linebuf_rtl_0|dpram_nro1:auto_generated|lutrama117~MEMORYREGOUT
    Info (332098): From: emu:emu|maclc_v8_video:v8_video|altdpram:linebuf_rtl_0|dpram_nro1:auto_generated|lutrama118~CLKMUX_0  to: emu:emu|maclc_v8_video:v8_video|altdpram:linebuf_rtl_0|dpram_nro1:auto_generated|lutrama118~MEMORYREGOUT
    Info (332098): From: emu:emu|maclc_v8_video:v8_video|altdpram:linebuf_rtl_0|dpram_nro1:auto_generated|lutrama119~CLKMUX_0  to: emu:emu|maclc_v8_video:v8_video|altdpram:linebuf_rtl_0|dpram_nro1:auto_generated|lutrama119~MEMORYREGOUT
    Info (332098): From: emu:emu|maclc_v8_video:v8_video|altdpram:linebuf_rtl_0|dpram_nro1:auto_generated|lutrama11~CLKMUX_0  to: emu:emu|maclc_v8_video:v8_video|altdpram:linebuf_rtl_0|dpram_nro1:auto_generated|lutrama11~MEMORYREGOUT
    Info (332098): From: emu:emu|maclc_v8_video:v8_video|altdpram:linebuf_rtl_0|dpram_nro1:auto_generated|lutrama120~CLKMUX_0  to: emu:emu|maclc_v8_video:v8_video|altdpram:linebuf_rtl_0|dpram_nro1:auto_generated|lutrama120~MEMORYREGOUT
    Info (332098): From: emu:emu|maclc_v8_video:v8_video|altdpram:linebuf_rtl_0|dpram_nro1:auto_generated|lutrama121~CLKMUX_0  to: emu:emu|maclc_v8_video:v8_video|altdpram:linebuf_rtl_0|dpram_nro1:auto_generated|lutrama121~MEMORYREGOUT
    Info (332098): From: emu:emu|maclc_v8_video:v8_video|altdpram:linebuf_rtl_0|dpram_nro1:auto_generated|lutrama122~CLKMUX_0  to: emu:emu|maclc_v8_video:v8_video|altdpram:linebuf_rtl_0|dpram_nro1:auto_generated|lutrama122~MEMORYREGOUT
    Info (332098): From: emu:emu|maclc_v8_video:v8_video|altdpram:linebuf_rtl_0|dpram_nro1:auto_generated|lutrama123~CLKMUX_0  to: emu:emu|maclc_v8_video:v8_video|altdpram:linebuf_rtl_0|dpram_nro1:auto_generated|lutrama123~MEMORYREGOUT
    Info (332098): From: emu:emu|maclc_v8_video:v8_video|altdpram:linebuf_rtl_0|dpram_nro1:auto_generated|lutrama124~CLKMUX_0  to: emu:emu|maclc_v8_video:v8_video|altdpram:linebuf_rtl_0|dpram_nro1:auto_generated|lutrama124~MEMORYREGOUT
    Info (332098): From: emu:emu|maclc_v8_video:v8_video|altdpram:linebuf_rtl_0|dpram_nro1:auto_generated|lutrama125~CLKMUX_0  to: emu:emu|maclc_v8_video:v8_video|altdpram:linebuf_rtl_0|dpram_nro1:auto_generated|lutrama125~MEMORYREGOUT
    Info (332098): From: emu:emu|maclc_v8_video:v8_video|altdpram:linebuf_rtl_0|dpram_nro1:auto_generated|lutrama126~CLKMUX_0  to: emu:emu|maclc_v8_video:v8_video|altdpram:linebuf_rtl_0|dpram_nro1:auto_generated|lutrama126~MEMORYREGOUT
    Info (332098): From: emu:emu|maclc_v8_video:v8_video|altdpram:linebuf_rtl_0|dpram_nro1:auto_generated|lutrama127~CLKMUX_0  to: emu:emu|maclc_v8_video:v8_video|altdpram:linebuf_rtl_0|dpram_nro1:auto_generated|lutrama127~MEMORYREGOUT
    Info (332098): From: emu:emu|maclc_v8_video:v8_video|altdpram:linebuf_rtl_0|dpram_nro1:auto_generated|lutrama128~CLKMUX_0  to: emu:emu|maclc_v8_video:v8_video|altdpram:linebuf_rtl_0|dpram_nro1:auto_generated|lutrama128~MEMORYREGOUT
    Info (332098): From: emu:emu|maclc_v8_video:v8_video|altdpram:linebuf_rtl_0|dpram_nro1:auto_generated|lutrama129~CLKMUX_0  to: emu:emu|maclc_v8_video:v8_video|altdpram:linebuf_rtl_0|dpram_nro1:auto_generated|lutrama129~MEMORYREGOUT
    Info (332098): From: emu:emu|maclc_v8_video:v8_video|altdpram:linebuf_rtl_0|dpram_nro1:auto_generated|lutrama12~CLKMUX_0  to: emu:emu|maclc_v8_video:v8_video|altdpram:linebuf_rtl_0|dpram_nro1:auto_generated|lutrama12~MEMORYREGOUT
    Info (332098): From: emu:emu|maclc_v8_video:v8_video|altdpram:linebuf_rtl_0|dpram_nro1:auto_generated|lutrama130~CLKMUX_0  to: emu:emu|maclc_v8_video:v8_video|altdpram:linebuf_rtl_0|dpram_nro1:auto_generated|lutrama130~MEMORYREGOUT
    Info (332098): From: emu:emu|maclc_v8_video:v8_video|altdpram:linebuf_rtl_0|dpram_nro1:auto_generated|lutrama131~CLKMUX_0  to: emu:emu|maclc_v8_video:v8_video|altdpram:linebuf_rtl_0|dpram_nro1:auto_generated|lutrama131~MEMORYREGOUT
    Info (332098): From: emu:emu|maclc_v8_video:v8_video|altdpram:linebuf_rtl_0|dpram_nro1:auto_generated|lutrama132~CLKMUX_0  to: emu:emu|maclc_v8_video:v8_video|altdpram:linebuf_rtl_0|dpram_nro1:auto_generated|lutrama132~MEMORYREGOUT
    Info (332098): From: emu:emu|maclc_v8_video:v8_video|altdpram:linebuf_rtl_0|dpram_nro1:auto_generated|lutrama133~CLKMUX_0  to: emu:emu|maclc_v8_video:v8_video|altdpram:linebuf_rtl_0|dpram_nro1:auto_generated|lutrama133~MEMORYREGOUT
    Info (332098): From: emu:emu|maclc_v8_video:v8_video|altdpram:linebuf_rtl_0|dpram_nro1:auto_generated|lutrama134~CLKMUX_0  to: emu:emu|maclc_v8_video:v8_video|altdpram:linebuf_rtl_0|dpram_nro1:auto_generated|lutrama134~MEMORYREGOUT
    Info (332098): From: emu:emu|maclc_v8_video:v8_video|altdpram:linebuf_rtl_0|dpram_nro1:auto_generated|lutrama135~CLKMUX_0  to: emu:emu|maclc_v8_video:v8_video|altdpram:linebuf_rtl_0|dpram_nro1:auto_generated|lutrama135~MEMORYREGOUT
    Info (332098): From: emu:emu|maclc_v8_video:v8_video|altdpram:linebuf_rtl_0|dpram_nro1:auto_generated|lutrama136~CLKMUX_0  to: emu:emu|maclc_v8_video:v8_video|altdpram:linebuf_rtl_0|dpram_nro1:auto_generated|lutrama136~MEMORYREGOUT
    Info (332098): From: emu:emu|maclc_v8_video:v8_video|altdpram:linebuf_rtl_0|dpram_nro1:auto_generated|lutrama137~CLKMUX_0  to: emu:emu|maclc_v8_video:v8_video|altdpram:linebuf_rtl_0|dpram_nro1:auto_generated|lutrama137~MEMORYREGOUT
    Info (332098): From: emu:emu|maclc_v8_video:v8_video|altdpram:linebuf_rtl_0|dpram_nro1:auto_generated|lutrama138~CLKMUX_0  to: emu:emu|maclc_v8_video:v8_video|altdpram:linebuf_rtl_0|dpram_nro1:auto_generated|lutrama138~MEMORYREGOUT
    Info (332098): From: emu:emu|maclc_v8_video:v8_video|altdpram:linebuf_rtl_0|dpram_nro1:auto_generated|lutrama139~CLKMUX_0  to: emu:emu|maclc_v8_video:v8_video|altdpram:linebuf_rtl_0|dpram_nro1:auto_generated|lutrama139~MEMORYREGOUT
    Info (332098): From: emu:emu|maclc_v8_video:v8_video|altdpram:linebuf_rtl_0|dpram_nro1:auto_generated|lutrama13~CLKMUX_0  to: emu:emu|maclc_v8_video:v8_video|altdpram:linebuf_rtl_0|dpram_nro1:auto_generated|lutrama13~MEMORYREGOUT
    Info (332098): From: emu:emu|maclc_v8_video:v8_video|altdpram:linebuf_rtl_0|dpram_nro1:auto_generated|lutrama140~CLKMUX_0  to: emu:emu|maclc_v8_video:v8_video|altdpram:linebuf_rtl_0|dpram_nro1:auto_generated|lutrama140~MEMORYREGOUT
    Info (332098): From: emu:emu|maclc_v8_video:v8_video|altdpram:linebuf_rtl_0|dpram_nro1:auto_generated|lutrama141~CLKMUX_0  to: emu:emu|maclc_v8_video:v8_video|altdpram:linebuf_rtl_0|dpram_nro1:auto_generated|lutrama141~MEMORYREGOUT
    Info (332098): From: emu:emu|maclc_v8_video:v8_video|altdpram:linebuf_rtl_0|dpram_nro1:auto_generated|lutrama142~CLKMUX_0  to: emu:emu|maclc_v8_video:v8_video|altdpram:linebuf_rtl_0|dpram_nro1:auto_generated|lutrama142~MEMORYREGOUT
    Info (332098): From: emu:emu|maclc_v8_video:v8_video|altdpram:linebuf_rtl_0|dpram_nro1:auto_generated|lutrama143~CLKMUX_0  to: emu:emu|maclc_v8_video:v8_video|altdpram:linebuf_rtl_0|dpram_nro1:auto_generated|lutrama143~MEMORYREGOUT
    Info (332098): From: emu:emu|maclc_v8_video:v8_video|altdpram:linebuf_rtl_0|dpram_nro1:auto_generated|lutrama144~CLKMUX_0  to: emu:emu|maclc_v8_video:v8_video|altdpram:linebuf_rtl_0|dpram_nro1:auto_generated|lutrama144~MEMORYREGOUT
    Info (332098): From: emu:emu|maclc_v8_video:v8_video|altdpram:linebuf_rtl_0|dpram_nro1:auto_generated|lutrama145~CLKMUX_0  to: emu:emu|maclc_v8_video:v8_video|altdpram:linebuf_rtl_0|dpram_nro1:auto_generated|lutrama145~MEMORYREGOUT
    Info (332098): From: emu:emu|maclc_v8_video:v8_video|altdpram:linebuf_rtl_0|dpram_nro1:auto_generated|lutrama146~CLKMUX_0  to: emu:emu|maclc_v8_video:v8_video|altdpram:linebuf_rtl_0|dpram_nro1:auto_generated|lutrama146~MEMORYREGOUT
    Info (332098): From: emu:emu|maclc_v8_video:v8_video|altdpram:linebuf_rtl_0|dpram_nro1:auto_generated|lutrama147~CLKMUX_0  to: emu:emu|maclc_v8_video:v8_video|altdpram:linebuf_rtl_0|dpram_nro1:auto_generated|lutrama147~MEMORYREGOUT
    Info (332098): From: emu:emu|maclc_v8_video:v8_video|altdpram:linebuf_rtl_0|dpram_nro1:auto_generated|lutrama148~CLKMUX_0  to: emu:emu|maclc_v8_video:v8_video|altdpram:linebuf_rtl_0|dpram_nro1:auto_generated|lutrama148~MEMORYREGOUT
    Info (332098): From: emu:emu|maclc_v8_video:v8_video|altdpram:linebuf_rtl_0|dpram_nro1:auto_generated|lutrama149~CLKMUX_0  to: emu:emu|maclc_v8_video:v8_video|altdpram:linebuf_rtl_0|dpram_nro1:auto_generated|lutrama149~MEMORYREGOUT
    Info (332098): From: emu:emu|maclc_v8_video:v8_video|altdpram:linebuf_rtl_0|dpram_nro1:auto_generated|lutrama14~CLKMUX_0  to: emu:emu|maclc_v8_video:v8_video|altdpram:linebuf_rtl_0|dpram_nro1:auto_generated|lutrama14~MEMORYREGOUT
    Info (332098): From: emu:emu|maclc_v8_video:v8_video|altdpram:linebuf_rtl_0|dpram_nro1:auto_generated|lutrama150~CLKMUX_0  to: emu:emu|maclc_v8_video:v8_video|altdpram:linebuf_rtl_0|dpram_nro1:auto_generated|lutrama150~MEMORYREGOUT
    Info (332098): From: emu:emu|maclc_v8_video:v8_video|altdpram:linebuf_rtl_0|dpram_nro1:auto_generated|lutrama151~CLKMUX_0  to: emu:emu|maclc_v8_video:v8_video|altdpram:linebuf_rtl_0|dpram_nro1:auto_generated|lutrama151~MEMORYREGOUT
    Info (332098): From: emu:emu|maclc_v8_video:v8_video|altdpram:linebuf_rtl_0|dpram_nro1:auto_generated|lutrama152~CLKMUX_0  to: emu:emu|maclc_v8_video:v8_video|altdpram:linebuf_rtl_0|dpram_nro1:auto_generated|lutrama152~MEMORYREGOUT
    Info (332098): From: emu:emu|maclc_v8_video:v8_video|altdpram:linebuf_rtl_0|dpram_nro1:auto_generated|lutrama153~CLKMUX_0  to: emu:emu|maclc_v8_video:v8_video|altdpram:linebuf_rtl_0|dpram_nro1:auto_generated|lutrama153~MEMORYREGOUT
    Info (332098): From: emu:emu|maclc_v8_video:v8_video|altdpram:linebuf_rtl_0|dpram_nro1:auto_generated|lutrama154~CLKMUX_0  to: emu:emu|maclc_v8_video:v8_video|altdpram:linebuf_rtl_0|dpram_nro1:auto_generated|lutrama154~MEMORYREGOUT
    Info (332098): From: emu:emu|maclc_v8_video:v8_video|altdpram:linebuf_rtl_0|dpram_nro1:auto_generated|lutrama155~CLKMUX_0  to: emu:emu|maclc_v8_video:v8_video|altdpram:linebuf_rtl_0|dpram_nro1:auto_generated|lutrama155~MEMORYREGOUT
    Info (332098): From: emu:emu|maclc_v8_video:v8_video|altdpram:linebuf_rtl_0|dpram_nro1:auto_generated|lutrama156~CLKMUX_0  to: emu:emu|maclc_v8_video:v8_video|altdpram:linebuf_rtl_0|dpram_nro1:auto_generated|lutrama156~MEMORYREGOUT
    Info (332098): From: emu:emu|maclc_v8_video:v8_video|altdpram:linebuf_rtl_0|dpram_nro1:auto_generated|lutrama157~CLKMUX_0  to: emu:emu|maclc_v8_video:v8_video|altdpram:linebuf_rtl_0|dpram_nro1:auto_generated|lutrama157~MEMORYREGOUT
    Info (332098): From: emu:emu|maclc_v8_video:v8_video|altdpram:linebuf_rtl_0|dpram_nro1:auto_generated|lutrama158~CLKMUX_0  to: emu:emu|maclc_v8_video:v8_video|altdpram:linebuf_rtl_0|dpram_nro1:auto_generated|lutrama158~MEMORYREGOUT
    Info (332098): From: emu:emu|maclc_v8_video:v8_video|altdpram:linebuf_rtl_0|dpram_nro1:auto_generated|lutrama159~CLKMUX_0  to: emu:emu|maclc_v8_video:v8_video|altdpram:linebuf_rtl_0|dpram_nro1:auto_generated|lutrama159~MEMORYREGOUT
    Info (332098): From: emu:emu|maclc_v8_video:v8_video|altdpram:linebuf_rtl_0|dpram_nro1:auto_generated|lutrama15~CLKMUX_0  to: emu:emu|maclc_v8_video:v8_video|altdpram:linebuf_rtl_0|dpram_nro1:auto_generated|lutrama15~MEMORYREGOUT
    Info (332098): From: emu:emu|maclc_v8_video:v8_video|altdpram:linebuf_rtl_0|dpram_nro1:auto_generated|lutrama160~CLKMUX_0  to: emu:emu|maclc_v8_video:v8_video|altdpram:linebuf_rtl_0|dpram_nro1:auto_generated|lutrama160~MEMORYREGOUT
    Info (332098): From: emu:emu|maclc_v8_video:v8_video|altdpram:linebuf_rtl_0|dpram_nro1:auto_generated|lutrama161~CLKMUX_0  to: emu:emu|maclc_v8_video:v8_video|altdpram:linebuf_rtl_0|dpram_nro1:auto_generated|lutrama161~MEMORYREGOUT
    Info (332098): From: emu:emu|maclc_v8_video:v8_video|altdpram:linebuf_rtl_0|dpram_nro1:auto_generated|lutrama162~CLKMUX_0  to: emu:emu|maclc_v8_video:v8_video|altdpram:linebuf_rtl_0|dpram_nro1:auto_generated|lutrama162~MEMORYREGOUT
    Info (332098): From: emu:emu|maclc_v8_video:v8_video|altdpram:linebuf_rtl_0|dpram_nro1:auto_generated|lutrama163~CLKMUX_0  to: emu:emu|maclc_v8_video:v8_video|altdpram:linebuf_rtl_0|dpram_nro1:auto_generated|lutrama163~MEMORYREGOUT
    Info (332098): From: emu:emu|maclc_v8_video:v8_video|altdpram:linebuf_rtl_0|dpram_nro1:auto_generated|lutrama164~CLKMUX_0  to: emu:emu|maclc_v8_video:v8_video|altdpram:linebuf_rtl_0|dpram_nro1:auto_generated|lutrama164~MEMORYREGOUT
    Info (332098): From: emu:emu|maclc_v8_video:v8_video|altdpram:linebuf_rtl_0|dpram_nro1:auto_generated|lutrama165~CLKMUX_0  to: emu:emu|maclc_v8_video:v8_video|altdpram:linebuf_rtl_0|dpram_nro1:auto_generated|lutrama165~MEMORYREGOUT
    Info (332098): From: emu:emu|maclc_v8_video:v8_video|altdpram:linebuf_rtl_0|dpram_nro1:auto_generated|lutrama166~CLKMUX_0  to: emu:emu|maclc_v8_video:v8_video|altdpram:linebuf_rtl_0|dpram_nro1:auto_generated|lutrama166~MEMORYREGOUT
    Info (332098): From: emu:emu|maclc_v8_video:v8_video|altdpram:linebuf_rtl_0|dpram_nro1:auto_generated|lutrama167~CLKMUX_0  to: emu:emu|maclc_v8_video:v8_video|altdpram:linebuf_rtl_0|dpram_nro1:auto_generated|lutrama167~MEMORYREGOUT
    Info (332098): From: emu:emu|maclc_v8_video:v8_video|altdpram:linebuf_rtl_0|dpram_nro1:auto_generated|lutrama168~CLKMUX_0  to: emu:emu|maclc_v8_video:v8_video|altdpram:linebuf_rtl_0|dpram_nro1:auto_generated|lutrama168~MEMORYREGOUT
    Info (332098): From: emu:emu|maclc_v8_video:v8_video|altdpram:linebuf_rtl_0|dpram_nro1:auto_generated|lutrama169~CLKMUX_0  to: emu:emu|maclc_v8_video:v8_video|altdpram:linebuf_rtl_0|dpram_nro1:auto_generated|lutrama169~MEMORYREGOUT
    Info (332098): From: emu:emu|maclc_v8_video:v8_video|altdpram:linebuf_rtl_0|dpram_nro1:auto_generated|lutrama16~CLKMUX_0  to: emu:emu|maclc_v8_video:v8_video|altdpram:linebuf_rtl_0|dpram_nro1:auto_generated|lutrama16~MEMORYREGOUT
    Info (332098): From: emu:emu|maclc_v8_video:v8_video|altdpram:linebuf_rtl_0|dpram_nro1:auto_generated|lutrama170~CLKMUX_0  to: emu:emu|maclc_v8_video:v8_video|altdpram:linebuf_rtl_0|dpram_nro1:auto_generated|lutrama170~MEMORYREGOUT
    Info (332098): From: emu:emu|maclc_v8_video:v8_video|altdpram:linebuf_rtl_0|dpram_nro1:auto_generated|lutrama171~CLKMUX_0  to: emu:emu|maclc_v8_video:v8_video|altdpram:linebuf_rtl_0|dpram_nro1:auto_generated|lutrama171~MEMORYREGOUT
    Info (332098): From: emu:emu|maclc_v8_video:v8_video|altdpram:linebuf_rtl_0|dpram_nro1:auto_generated|lutrama172~CLKMUX_0  to: emu:emu|maclc_v8_video:v8_video|altdpram:linebuf_rtl_0|dpram_nro1:auto_generated|lutrama172~MEMORYREGOUT
    Info (332098): From: emu:emu|maclc_v8_video:v8_video|altdpram:linebuf_rtl_0|dpram_nro1:auto_generated|lutrama173~CLKMUX_0  to: emu:emu|maclc_v8_video:v8_video|altdpram:linebuf_rtl_0|dpram_nro1:auto_generated|lutrama173~MEMORYREGOUT
    Info (332098): From: emu:emu|maclc_v8_video:v8_video|altdpram:linebuf_rtl_0|dpram_nro1:auto_generated|lutrama174~CLKMUX_0  to: emu:emu|maclc_v8_video:v8_video|altdpram:linebuf_rtl_0|dpram_nro1:auto_generated|lutrama174~MEMORYREGOUT
    Info (332098): From: emu:emu|maclc_v8_video:v8_video|altdpram:linebuf_rtl_0|dpram_nro1:auto_generated|lutrama175~CLKMUX_0  to: emu:emu|maclc_v8_video:v8_video|altdpram:linebuf_rtl_0|dpram_nro1:auto_generated|lutrama175~MEMORYREGOUT
    Info (332098): From: emu:emu|maclc_v8_video:v8_video|altdpram:linebuf_rtl_0|dpram_nro1:auto_generated|lutrama176~CLKMUX_0  to: emu:emu|maclc_v8_video:v8_video|altdpram:linebuf_rtl_0|dpram_nro1:auto_generated|lutrama176~MEMORYREGOUT
    Info (332098): From: emu:emu|maclc_v8_video:v8_video|altdpram:linebuf_rtl_0|dpram_nro1:auto_generated|lutrama177~CLKMUX_0  to: emu:emu|maclc_v8_video:v8_video|altdpram:linebuf_rtl_0|dpram_nro1:auto_generated|lutrama177~MEMORYREGOUT
    Info (332098): From: emu:emu|maclc_v8_video:v8_video|altdpram:linebuf_rtl_0|dpram_nro1:auto_generated|lutrama178~CLKMUX_0  to: emu:emu|maclc_v8_video:v8_video|altdpram:linebuf_rtl_0|dpram_nro1:auto_generated|lutrama178~MEMORYREGOUT
    Info (332098): From: emu:emu|maclc_v8_video:v8_video|altdpram:linebuf_rtl_0|dpram_nro1:auto_generated|lutrama179~CLKMUX_0  to: emu:emu|maclc_v8_video:v8_video|altdpram:linebuf_rtl_0|dpram_nro1:auto_generated|lutrama179~MEMORYREGOUT
    Info (332098): From: emu:emu|maclc_v8_video:v8_video|altdpram:linebuf_rtl_0|dpram_nro1:auto_generated|lutrama17~CLKMUX_0  to: emu:emu|maclc_v8_video:v8_video|altdpram:linebuf_rtl_0|dpram_nro1:auto_generated|lutrama17~MEMORYREGOUT
    Info (332098): From: emu:emu|maclc_v8_video:v8_video|altdpram:linebuf_rtl_0|dpram_nro1:auto_generated|lutrama180~CLKMUX_0  to: emu:emu|maclc_v8_video:v8_video|altdpram:linebuf_rtl_0|dpram_nro1:auto_generated|lutrama180~MEMORYREGOUT
    Info (332098): From: emu:emu|maclc_v8_video:v8_video|altdpram:linebuf_rtl_0|dpram_nro1:auto_generated|lutrama181~CLKMUX_0  to: emu:emu|maclc_v8_video:v8_video|altdpram:linebuf_rtl_0|dpram_nro1:auto_generated|lutrama181~MEMORYREGOUT
    Info (332098): From: emu:emu|maclc_v8_video:v8_video|altdpram:linebuf_rtl_0|dpram_nro1:auto_generated|lutrama182~CLKMUX_0  to: emu:emu|maclc_v8_video:v8_video|altdpram:linebuf_rtl_0|dpram_nro1:auto_generated|lutrama182~MEMORYREGOUT
    Info (332098): From: emu:emu|maclc_v8_video:v8_video|altdpram:linebuf_rtl_0|dpram_nro1:auto_generated|lutrama183~CLKMUX_0  to: emu:emu|maclc_v8_video:v8_video|altdpram:linebuf_rtl_0|dpram_nro1:auto_generated|lutrama183~MEMORYREGOUT
    Info (332098): From: emu:emu|maclc_v8_video:v8_video|altdpram:linebuf_rtl_0|dpram_nro1:auto_generated|lutrama184~CLKMUX_0  to: emu:emu|maclc_v8_video:v8_video|altdpram:linebuf_rtl_0|dpram_nro1:auto_generated|lutrama184~MEMORYREGOUT
    Info (332098): From: emu:emu|maclc_v8_video:v8_video|altdpram:linebuf_rtl_0|dpram_nro1:auto_generated|lutrama185~CLKMUX_0  to: emu:emu|maclc_v8_video:v8_video|altdpram:linebuf_rtl_0|dpram_nro1:auto_generated|lutrama185~MEMORYREGOUT
    Info (332098): From: emu:emu|maclc_v8_video:v8_video|altdpram:linebuf_rtl_0|dpram_nro1:auto_generated|lutrama186~CLKMUX_0  to: emu:emu|maclc_v8_video:v8_video|altdpram:linebuf_rtl_0|dpram_nro1:auto_generated|lutrama186~MEMORYREGOUT
    Info (332098): From: emu:emu|maclc_v8_video:v8_video|altdpram:linebuf_rtl_0|dpram_nro1:auto_generated|lutrama187~CLKMUX_0  to: emu:emu|maclc_v8_video:v8_video|altdpram:linebuf_rtl_0|dpram_nro1:auto_generated|lutrama187~MEMORYREGOUT
    Info (332098): From: emu:emu|maclc_v8_video:v8_video|altdpram:linebuf_rtl_0|dpram_nro1:auto_generated|lutrama188~CLKMUX_0  to: emu:emu|maclc_v8_video:v8_video|altdpram:linebuf_rtl_0|dpram_nro1:auto_generated|lutrama188~MEMORYREGOUT
    Info (332098): From: emu:emu|maclc_v8_video:v8_video|altdpram:linebuf_rtl_0|dpram_nro1:auto_generated|lutrama189~CLKMUX_0  to: emu:emu|maclc_v8_video:v8_video|altdpram:linebuf_rtl_0|dpram_nro1:auto_generated|lutrama189~MEMORYREGOUT
    Info (332098): From: emu:emu|maclc_v8_video:v8_video|altdpram:linebuf_rtl_0|dpram_nro1:auto_generated|lutrama18~CLKMUX_0  to: emu:emu|maclc_v8_video:v8_video|altdpram:linebuf_rtl_0|dpram_nro1:auto_generated|lutrama18~MEMORYREGOUT
    Info (332098): From: emu:emu|maclc_v8_video:v8_video|altdpram:linebuf_rtl_0|dpram_nro1:auto_generated|lutrama190~CLKMUX_0  to: emu:emu|maclc_v8_video:v8_video|altdpram:linebuf_rtl_0|dpram_nro1:auto_generated|lutrama190~MEMORYREGOUT
    Info (332098): From: emu:emu|maclc_v8_video:v8_video|altdpram:linebuf_rtl_0|dpram_nro1:auto_generated|lutrama191~CLKMUX_0  to: emu:emu|maclc_v8_video:v8_video|altdpram:linebuf_rtl_0|dpram_nro1:auto_generated|lutrama191~MEMORYREGOUT
    Info (332098): From: emu:emu|maclc_v8_video:v8_video|altdpram:linebuf_rtl_0|dpram_nro1:auto_generated|lutrama192~CLKMUX_0  to: emu:emu|maclc_v8_video:v8_video|altdpram:linebuf_rtl_0|dpram_nro1:auto_generated|lutrama192~MEMORYREGOUT
    Info (332098): From: emu:emu|maclc_v8_video:v8_video|altdpram:linebuf_rtl_0|dpram_nro1:auto_generated|lutrama193~CLKMUX_0  to: emu:emu|maclc_v8_video:v8_video|altdpram:linebuf_rtl_0|dpram_nro1:auto_generated|lutrama193~MEMORYREGOUT
    Info (332098): From: emu:emu|maclc_v8_video:v8_video|altdpram:linebuf_rtl_0|dpram_nro1:auto_generated|lutrama194~CLKMUX_0  to: emu:emu|maclc_v8_video:v8_video|altdpram:linebuf_rtl_0|dpram_nro1:auto_generated|lutrama194~MEMORYREGOUT
    Info (332098): From: emu:emu|maclc_v8_video:v8_video|altdpram:linebuf_rtl_0|dpram_nro1:auto_generated|lutrama195~CLKMUX_0  to: emu:emu|maclc_v8_video:v8_video|altdpram:linebuf_rtl_0|dpram_nro1:auto_generated|lutrama195~MEMORYREGOUT
    Info (332098): From: emu:emu|maclc_v8_video:v8_video|altdpram:linebuf_rtl_0|dpram_nro1:auto_generated|lutrama196~CLKMUX_0  to: emu:emu|maclc_v8_video:v8_video|altdpram:linebuf_rtl_0|dpram_nro1:auto_generated|lutrama196~MEMORYREGOUT
    Info (332098): From: emu:emu|maclc_v8_video:v8_video|altdpram:linebuf_rtl_0|dpram_nro1:auto_generated|lutrama197~CLKMUX_0  to: emu:emu|maclc_v8_video:v8_video|altdpram:linebuf_rtl_0|dpram_nro1:auto_generated|lutrama197~MEMORYREGOUT
    Info (332098): From: emu:emu|maclc_v8_video:v8_video|altdpram:linebuf_rtl_0|dpram_nro1:auto_generated|lutrama198~CLKMUX_0  to: emu:emu|maclc_v8_video:v8_video|altdpram:linebuf_rtl_0|dpram_nro1:auto_generated|lutrama198~MEMORYREGOUT
    Info (332098): From: emu:emu|maclc_v8_video:v8_video|altdpram:linebuf_rtl_0|dpram_nro1:auto_generated|lutrama199~CLKMUX_0  to: emu:emu|maclc_v8_video:v8_video|altdpram:linebuf_rtl_0|dpram_nro1:auto_generated|lutrama199~MEMORYREGOUT
    Info (332098): From: emu:emu|maclc_v8_video:v8_video|altdpram:linebuf_rtl_0|dpram_nro1:auto_generated|lutrama19~CLKMUX_0  to: emu:emu|maclc_v8_video:v8_video|altdpram:linebuf_rtl_0|dpram_nro1:auto_generated|lutrama19~MEMORYREGOUT
    Info (332098): From: emu:emu|maclc_v8_video:v8_video|altdpram:linebuf_rtl_0|dpram_nro1:auto_generated|lutrama1~CLKMUX_0  to: emu:emu|maclc_v8_video:v8_video|altdpram:linebuf_rtl_0|dpram_nro1:auto_generated|lutrama1~MEMORYREGOUT
    Info (332098): From: emu:emu|maclc_v8_video:v8_video|altdpram:linebuf_rtl_0|dpram_nro1:auto_generated|lutrama200~CLKMUX_0  to: emu:emu|maclc_v8_video:v8_video|altdpram:linebuf_rtl_0|dpram_nro1:auto_generated|lutrama200~MEMORYREGOUT
    Info (332098): From: emu:emu|maclc_v8_video:v8_video|altdpram:linebuf_rtl_0|dpram_nro1:auto_generated|lutrama201~CLKMUX_0  to: emu:emu|maclc_v8_video:v8_video|altdpram:linebuf_rtl_0|dpram_nro1:auto_generated|lutrama201~MEMORYREGOUT
    Info (332098): From: emu:emu|maclc_v8_video:v8_video|altdpram:linebuf_rtl_0|dpram_nro1:auto_generated|lutrama202~CLKMUX_0  to: emu:emu|maclc_v8_video:v8_video|altdpram:linebuf_rtl_0|dpram_nro1:auto_generated|lutrama202~MEMORYREGOUT
    Info (332098): From: emu:emu|maclc_v8_video:v8_video|altdpram:linebuf_rtl_0|dpram_nro1:auto_generated|lutrama203~CLKMUX_0  to: emu:emu|maclc_v8_video:v8_video|altdpram:linebuf_rtl_0|dpram_nro1:auto_generated|lutrama203~MEMORYREGOUT
    Info (332098): From: emu:emu|maclc_v8_video:v8_video|altdpram:linebuf_rtl_0|dpram_nro1:auto_generated|lutrama204~CLKMUX_0  to: emu:emu|maclc_v8_video:v8_video|altdpram:linebuf_rtl_0|dpram_nro1:auto_generated|lutrama204~MEMORYREGOUT
    Info (332098): From: emu:emu|maclc_v8_video:v8_video|altdpram:linebuf_rtl_0|dpram_nro1:auto_generated|lutrama205~CLKMUX_0  to: emu:emu|maclc_v8_video:v8_video|altdpram:linebuf_rtl_0|dpram_nro1:auto_generated|lutrama205~MEMORYREGOUT
    Info (332098): From: emu:emu|maclc_v8_video:v8_video|altdpram:linebuf_rtl_0|dpram_nro1:auto_generated|lutrama206~CLKMUX_0  to: emu:emu|maclc_v8_video:v8_video|altdpram:linebuf_rtl_0|dpram_nro1:auto_generated|lutrama206~MEMORYREGOUT
    Info (332098): From: emu:emu|maclc_v8_video:v8_video|altdpram:linebuf_rtl_0|dpram_nro1:auto_generated|lutrama207~CLKMUX_0  to: emu:emu|maclc_v8_video:v8_video|altdpram:linebuf_rtl_0|dpram_nro1:auto_generated|lutrama207~MEMORYREGOUT
    Info (332098): From: emu:emu|maclc_v8_video:v8_video|altdpram:linebuf_rtl_0|dpram_nro1:auto_generated|lutrama208~CLKMUX_0  to: emu:emu|maclc_v8_video:v8_video|altdpram:linebuf_rtl_0|dpram_nro1:auto_generated|lutrama208~MEMORYREGOUT
    Info (332098): From: emu:emu|maclc_v8_video:v8_video|altdpram:linebuf_rtl_0|dpram_nro1:auto_generated|lutrama209~CLKMUX_0  to: emu:emu|maclc_v8_video:v8_video|altdpram:linebuf_rtl_0|dpram_nro1:auto_generated|lutrama209~MEMORYREGOUT
    Info (332098): From: emu:emu|maclc_v8_video:v8_video|altdpram:linebuf_rtl_0|dpram_nro1:auto_generated|lutrama20~CLKMUX_0  to: emu:emu|maclc_v8_video:v8_video|altdpram:linebuf_rtl_0|dpram_nro1:auto_generated|lutrama20~MEMORYREGOUT
    Info (332098): From: emu:emu|maclc_v8_video:v8_video|altdpram:linebuf_rtl_0|dpram_nro1:auto_generated|lutrama210~CLKMUX_0  to: emu:emu|maclc_v8_video:v8_video|altdpram:linebuf_rtl_0|dpram_nro1:auto_generated|lutrama210~MEMORYREGOUT
    Info (332098): From: emu:emu|maclc_v8_video:v8_video|altdpram:linebuf_rtl_0|dpram_nro1:auto_generated|lutrama211~CLKMUX_0  to: emu:emu|maclc_v8_video:v8_video|altdpram:linebuf_rtl_0|dpram_nro1:auto_generated|lutrama211~MEMORYREGOUT
    Info (332098): From: emu:emu|maclc_v8_video:v8_video|altdpram:linebuf_rtl_0|dpram_nro1:auto_generated|lutrama212~CLKMUX_0  to: emu:emu|maclc_v8_video:v8_video|altdpram:linebuf_rtl_0|dpram_nro1:auto_generated|lutrama212~MEMORYREGOUT
    Info (332098): From: emu:emu|maclc_v8_video:v8_video|altdpram:linebuf_rtl_0|dpram_nro1:auto_generated|lutrama213~CLKMUX_0  to: emu:emu|maclc_v8_video:v8_video|altdpram:linebuf_rtl_0|dpram_nro1:auto_generated|lutrama213~MEMORYREGOUT
    Info (332098): From: emu:emu|maclc_v8_video:v8_video|altdpram:linebuf_rtl_0|dpram_nro1:auto_generated|lutrama214~CLKMUX_0  to: emu:emu|maclc_v8_video:v8_video|altdpram:linebuf_rtl_0|dpram_nro1:auto_generated|lutrama214~MEMORYREGOUT
    Info (332098): From: emu:emu|maclc_v8_video:v8_video|altdpram:linebuf_rtl_0|dpram_nro1:auto_generated|lutrama215~CLKMUX_0  to: emu:emu|maclc_v8_video:v8_video|altdpram:linebuf_rtl_0|dpram_nro1:auto_generated|lutrama215~MEMORYREGOUT
    Info (332098): From: emu:emu|maclc_v8_video:v8_video|altdpram:linebuf_rtl_0|dpram_nro1:auto_generated|lutrama216~CLKMUX_0  to: emu:emu|maclc_v8_video:v8_video|altdpram:linebuf_rtl_0|dpram_nro1:auto_generated|lutrama216~MEMORYREGOUT
    Info (332098): From: emu:emu|maclc_v8_video:v8_video|altdpram:linebuf_rtl_0|dpram_nro1:auto_generated|lutrama217~CLKMUX_0  to: emu:emu|maclc_v8_video:v8_video|altdpram:linebuf_rtl_0|dpram_nro1:auto_generated|lutrama217~MEMORYREGOUT
    Info (332098): From: emu:emu|maclc_v8_video:v8_video|altdpram:linebuf_rtl_0|dpram_nro1:auto_generated|lutrama218~CLKMUX_0  to: emu:emu|maclc_v8_video:v8_video|altdpram:linebuf_rtl_0|dpram_nro1:auto_generated|lutrama218~MEMORYREGOUT
    Info (332098): From: emu:emu|maclc_v8_video:v8_video|altdpram:linebuf_rtl_0|dpram_nro1:auto_generated|lutrama219~CLKMUX_0  to: emu:emu|maclc_v8_video:v8_video|altdpram:linebuf_rtl_0|dpram_nro1:auto_generated|lutrama219~MEMORYREGOUT
    Info (332098): From: emu:emu|maclc_v8_video:v8_video|altdpram:linebuf_rtl_0|dpram_nro1:auto_generated|lutrama21~CLKMUX_0  to: emu:emu|maclc_v8_video:v8_video|altdpram:linebuf_rtl_0|dpram_nro1:auto_generated|lutrama21~MEMORYREGOUT
    Info (332098): From: emu:emu|maclc_v8_video:v8_video|altdpram:linebuf_rtl_0|dpram_nro1:auto_generated|lutrama220~CLKMUX_0  to: emu:emu|maclc_v8_video:v8_video|altdpram:linebuf_rtl_0|dpram_nro1:auto_generated|lutrama220~MEMORYREGOUT
    Info (332098): From: emu:emu|maclc_v8_video:v8_video|altdpram:linebuf_rtl_0|dpram_nro1:auto_generated|lutrama221~CLKMUX_0  to: emu:emu|maclc_v8_video:v8_video|altdpram:linebuf_rtl_0|dpram_nro1:auto_generated|lutrama221~MEMORYREGOUT
    Info (332098): From: emu:emu|maclc_v8_video:v8_video|altdpram:linebuf_rtl_0|dpram_nro1:auto_generated|lutrama222~CLKMUX_0  to: emu:emu|maclc_v8_video:v8_video|altdpram:linebuf_rtl_0|dpram_nro1:auto_generated|lutrama222~MEMORYREGOUT
    Info (332098): From: emu:emu|maclc_v8_video:v8_video|altdpram:linebuf_rtl_0|dpram_nro1:auto_generated|lutrama223~CLKMUX_0  to: emu:emu|maclc_v8_video:v8_video|altdpram:linebuf_rtl_0|dpram_nro1:auto_generated|lutrama223~MEMORYREGOUT
    Info (332098): From: emu:emu|maclc_v8_video:v8_video|altdpram:linebuf_rtl_0|dpram_nro1:auto_generated|lutrama224~CLKMUX_0  to: emu:emu|maclc_v8_video:v8_video|altdpram:linebuf_rtl_0|dpram_nro1:auto_generated|lutrama224~MEMORYREGOUT
    Info (332098): From: emu:emu|maclc_v8_video:v8_video|altdpram:linebuf_rtl_0|dpram_nro1:auto_generated|lutrama225~CLKMUX_0  to: emu:emu|maclc_v8_video:v8_video|altdpram:linebuf_rtl_0|dpram_nro1:auto_generated|lutrama225~MEMORYREGOUT
    Info (332098): From: emu:emu|maclc_v8_video:v8_video|altdpram:linebuf_rtl_0|dpram_nro1:auto_generated|lutrama226~CLKMUX_0  to: emu:emu|maclc_v8_video:v8_video|altdpram:linebuf_rtl_0|dpram_nro1:auto_generated|lutrama226~MEMORYREGOUT
    Info (332098): From: emu:emu|maclc_v8_video:v8_video|altdpram:linebuf_rtl_0|dpram_nro1:auto_generated|lutrama227~CLKMUX_0  to: emu:emu|maclc_v8_video:v8_video|altdpram:linebuf_rtl_0|dpram_nro1:auto_generated|lutrama227~MEMORYREGOUT
    Info (332098): From: emu:emu|maclc_v8_video:v8_video|altdpram:linebuf_rtl_0|dpram_nro1:auto_generated|lutrama228~CLKMUX_0  to: emu:emu|maclc_v8_video:v8_video|altdpram:linebuf_rtl_0|dpram_nro1:auto_generated|lutrama228~MEMORYREGOUT
    Info (332098): From: emu:emu|maclc_v8_video:v8_video|altdpram:linebuf_rtl_0|dpram_nro1:auto_generated|lutrama229~CLKMUX_0  to: emu:emu|maclc_v8_video:v8_video|altdpram:linebuf_rtl_0|dpram_nro1:auto_generated|lutrama229~MEMORYREGOUT
    Info (332098): From: emu:emu|maclc_v8_video:v8_video|altdpram:linebuf_rtl_0|dpram_nro1:auto_generated|lutrama22~CLKMUX_0  to: emu:emu|maclc_v8_video:v8_video|altdpram:linebuf_rtl_0|dpram_nro1:auto_generated|lutrama22~MEMORYREGOUT
    Info (332098): From: emu:emu|maclc_v8_video:v8_video|altdpram:linebuf_rtl_0|dpram_nro1:auto_generated|lutrama230~CLKMUX_0  to: emu:emu|maclc_v8_video:v8_video|altdpram:linebuf_rtl_0|dpram_nro1:auto_generated|lutrama230~MEMORYREGOUT
    Info (332098): From: emu:emu|maclc_v8_video:v8_video|altdpram:linebuf_rtl_0|dpram_nro1:auto_generated|lutrama231~CLKMUX_0  to: emu:emu|maclc_v8_video:v8_video|altdpram:linebuf_rtl_0|dpram_nro1:auto_generated|lutrama231~MEMORYREGOUT
    Info (332098): From: emu:emu|maclc_v8_video:v8_video|altdpram:linebuf_rtl_0|dpram_nro1:auto_generated|lutrama232~CLKMUX_0  to: emu:emu|maclc_v8_video:v8_video|altdpram:linebuf_rtl_0|dpram_nro1:auto_generated|lutrama232~MEMORYREGOUT
    Info (332098): From: emu:emu|maclc_v8_video:v8_video|altdpram:linebuf_rtl_0|dpram_nro1:auto_generated|lutrama233~CLKMUX_0  to: emu:emu|maclc_v8_video:v8_video|altdpram:linebuf_rtl_0|dpram_nro1:auto_generated|lutrama233~MEMORYREGOUT
    Info (332098): From: emu:emu|maclc_v8_video:v8_video|altdpram:linebuf_rtl_0|dpram_nro1:auto_generated|lutrama234~CLKMUX_0  to: emu:emu|maclc_v8_video:v8_video|altdpram:linebuf_rtl_0|dpram_nro1:auto_generated|lutrama234~MEMORYREGOUT
    Info (332098): From: emu:emu|maclc_v8_video:v8_video|altdpram:linebuf_rtl_0|dpram_nro1:auto_generated|lutrama235~CLKMUX_0  to: emu:emu|maclc_v8_video:v8_video|altdpram:linebuf_rtl_0|dpram_nro1:auto_generated|lutrama235~MEMORYREGOUT
    Info (332098): From: emu:emu|maclc_v8_video:v8_video|altdpram:linebuf_rtl_0|dpram_nro1:auto_generated|lutrama236~CLKMUX_0  to: emu:emu|maclc_v8_video:v8_video|altdpram:linebuf_rtl_0|dpram_nro1:auto_generated|lutrama236~MEMORYREGOUT
    Info (332098): From: emu:emu|maclc_v8_video:v8_video|altdpram:linebuf_rtl_0|dpram_nro1:auto_generated|lutrama237~CLKMUX_0  to: emu:emu|maclc_v8_video:v8_video|altdpram:linebuf_rtl_0|dpram_nro1:auto_generated|lutrama237~MEMORYREGOUT
    Info (332098): From: emu:emu|maclc_v8_video:v8_video|altdpram:linebuf_rtl_0|dpram_nro1:auto_generated|lutrama238~CLKMUX_0  to: emu:emu|maclc_v8_video:v8_video|altdpram:linebuf_rtl_0|dpram_nro1:auto_generated|lutrama238~MEMORYREGOUT
    Info (332098): From: emu:emu|maclc_v8_video:v8_video|altdpram:linebuf_rtl_0|dpram_nro1:auto_generated|lutrama239~CLKMUX_0  to: emu:emu|maclc_v8_video:v8_video|altdpram:linebuf_rtl_0|dpram_nro1:auto_generated|lutrama239~MEMORYREGOUT
    Info (332098): From: emu:emu|maclc_v8_video:v8_video|altdpram:linebuf_rtl_0|dpram_nro1:auto_generated|lutrama23~CLKMUX_0  to: emu:emu|maclc_v8_video:v8_video|altdpram:linebuf_rtl_0|dpram_nro1:auto_generated|lutrama23~MEMORYREGOUT
    Info (332098): From: emu:emu|maclc_v8_video:v8_video|altdpram:linebuf_rtl_0|dpram_nro1:auto_generated|lutrama240~CLKMUX_0  to: emu:emu|maclc_v8_video:v8_video|altdpram:linebuf_rtl_0|dpram_nro1:auto_generated|lutrama240~MEMORYREGOUT
    Info (332098): From: emu:emu|maclc_v8_video:v8_video|altdpram:linebuf_rtl_0|dpram_nro1:auto_generated|lutrama241~CLKMUX_0  to: emu:emu|maclc_v8_video:v8_video|altdpram:linebuf_rtl_0|dpram_nro1:auto_generated|lutrama241~MEMORYREGOUT
    Info (332098): From: emu:emu|maclc_v8_video:v8_video|altdpram:linebuf_rtl_0|dpram_nro1:auto_generated|lutrama242~CLKMUX_0  to: emu:emu|maclc_v8_video:v8_video|altdpram:linebuf_rtl_0|dpram_nro1:auto_generated|lutrama242~MEMORYREGOUT
    Info (332098): From: emu:emu|maclc_v8_video:v8_video|altdpram:linebuf_rtl_0|dpram_nro1:auto_generated|lutrama243~CLKMUX_0  to: emu:emu|maclc_v8_video:v8_video|altdpram:linebuf_rtl_0|dpram_nro1:auto_generated|lutrama243~MEMORYREGOUT
    Info (332098): From: emu:emu|maclc_v8_video:v8_video|altdpram:linebuf_rtl_0|dpram_nro1:auto_generated|lutrama244~CLKMUX_0  to: emu:emu|maclc_v8_video:v8_video|altdpram:linebuf_rtl_0|dpram_nro1:auto_generated|lutrama244~MEMORYREGOUT
    Info (332098): From: emu:emu|maclc_v8_video:v8_video|altdpram:linebuf_rtl_0|dpram_nro1:auto_generated|lutrama245~CLKMUX_0  to: emu:emu|maclc_v8_video:v8_video|altdpram:linebuf_rtl_0|dpram_nro1:auto_generated|lutrama245~MEMORYREGOUT
    Info (332098): From: emu:emu|maclc_v8_video:v8_video|altdpram:linebuf_rtl_0|dpram_nro1:auto_generated|lutrama246~CLKMUX_0  to: emu:emu|maclc_v8_video:v8_video|altdpram:linebuf_rtl_0|dpram_nro1:auto_generated|lutrama246~MEMORYREGOUT
    Info (332098): From: emu:emu|maclc_v8_video:v8_video|altdpram:linebuf_rtl_0|dpram_nro1:auto_generated|lutrama247~CLKMUX_0  to: emu:emu|maclc_v8_video:v8_video|altdpram:linebuf_rtl_0|dpram_nro1:auto_generated|lutrama247~MEMORYREGOUT
    Info (332098): From: emu:emu|maclc_v8_video:v8_video|altdpram:linebuf_rtl_0|dpram_nro1:auto_generated|lutrama248~CLKMUX_0  to: emu:emu|maclc_v8_video:v8_video|altdpram:linebuf_rtl_0|dpram_nro1:auto_generated|lutrama248~MEMORYREGOUT
    Info (332098): From: emu:emu|maclc_v8_video:v8_video|altdpram:linebuf_rtl_0|dpram_nro1:auto_generated|lutrama249~CLKMUX_0  to: emu:emu|maclc_v8_video:v8_video|altdpram:linebuf_rtl_0|dpram_nro1:auto_generated|lutrama249~MEMORYREGOUT
    Info (332098): From: emu:emu|maclc_v8_video:v8_video|altdpram:linebuf_rtl_0|dpram_nro1:auto_generated|lutrama24~CLKMUX_0  to: emu:emu|maclc_v8_video:v8_video|altdpram:linebuf_rtl_0|dpram_nro1:auto_generated|lutrama24~MEMORYREGOUT
    Info (332098): From: emu:emu|maclc_v8_video:v8_video|altdpram:linebuf_rtl_0|dpram_nro1:auto_generated|lutrama250~CLKMUX_0  to: emu:emu|maclc_v8_video:v8_video|altdpram:linebuf_rtl_0|dpram_nro1:auto_generated|lutrama250~MEMORYREGOUT
    Info (332098): From: emu:emu|maclc_v8_video:v8_video|altdpram:linebuf_rtl_0|dpram_nro1:auto_generated|lutrama251~CLKMUX_0  to: emu:emu|maclc_v8_video:v8_video|altdpram:linebuf_rtl_0|dpram_nro1:auto_generated|lutrama251~MEMORYREGOUT
    Info (332098): From: emu:emu|maclc_v8_video:v8_video|altdpram:linebuf_rtl_0|dpram_nro1:auto_generated|lutrama252~CLKMUX_0  to: emu:emu|maclc_v8_video:v8_video|altdpram:linebuf_rtl_0|dpram_nro1:auto_generated|lutrama252~MEMORYREGOUT
    Info (332098): From: emu:emu|maclc_v8_video:v8_video|altdpram:linebuf_rtl_0|dpram_nro1:auto_generated|lutrama253~CLKMUX_0  to: emu:emu|maclc_v8_video:v8_video|altdpram:linebuf_rtl_0|dpram_nro1:auto_generated|lutrama253~MEMORYREGOUT
    Info (332098): From: emu:emu|maclc_v8_video:v8_video|altdpram:linebuf_rtl_0|dpram_nro1:auto_generated|lutrama254~CLKMUX_0  to: emu:emu|maclc_v8_video:v8_video|altdpram:linebuf_rtl_0|dpram_nro1:auto_generated|lutrama254~MEMORYREGOUT
    Info (332098): From: emu:emu|maclc_v8_video:v8_video|altdpram:linebuf_rtl_0|dpram_nro1:auto_generated|lutrama255~CLKMUX_0  to: emu:emu|maclc_v8_video:v8_video|altdpram:linebuf_rtl_0|dpram_nro1:auto_generated|lutrama255~MEMORYREGOUT
    Info (332098): From: emu:emu|maclc_v8_video:v8_video|altdpram:linebuf_rtl_0|dpram_nro1:auto_generated|lutrama256~CLKMUX_0  to: emu:emu|maclc_v8_video:v8_video|altdpram:linebuf_rtl_0|dpram_nro1:auto_generated|lutrama256~MEMORYREGOUT
    Info (332098): From: emu:emu|maclc_v8_video:v8_video|altdpram:linebuf_rtl_0|dpram_nro1:auto_generated|lutrama257~CLKMUX_0  to: emu:emu|maclc_v8_video:v8_video|altdpram:linebuf_rtl_0|dpram_nro1:auto_generated|lutrama257~MEMORYREGOUT
    Info (332098): From: emu:emu|maclc_v8_video:v8_video|altdpram:linebuf_rtl_0|dpram_nro1:auto_generated|lutrama258~CLKMUX_0  to: emu:emu|maclc_v8_video:v8_video|altdpram:linebuf_rtl_0|dpram_nro1:auto_generated|lutrama258~MEMORYREGOUT
    Info (332098): From: emu:emu|maclc_v8_video:v8_video|altdpram:linebuf_rtl_0|dpram_nro1:auto_generated|lutrama259~CLKMUX_0  to: emu:emu|maclc_v8_video:v8_video|altdpram:linebuf_rtl_0|dpram_nro1:auto_generated|lutrama259~MEMORYREGOUT
    Info (332098): From: emu:emu|maclc_v8_video:v8_video|altdpram:linebuf_rtl_0|dpram_nro1:auto_generated|lutrama25~CLKMUX_0  to: emu:emu|maclc_v8_video:v8_video|altdpram:linebuf_rtl_0|dpram_nro1:auto_generated|lutrama25~MEMORYREGOUT
    Info (332098): From: emu:emu|maclc_v8_video:v8_video|altdpram:linebuf_rtl_0|dpram_nro1:auto_generated|lutrama260~CLKMUX_0  to: emu:emu|maclc_v8_video:v8_video|altdpram:linebuf_rtl_0|dpram_nro1:auto_generated|lutrama260~MEMORYREGOUT
    Info (332098): From: emu:emu|maclc_v8_video:v8_video|altdpram:linebuf_rtl_0|dpram_nro1:auto_generated|lutrama261~CLKMUX_0  to: emu:emu|maclc_v8_video:v8_video|altdpram:linebuf_rtl_0|dpram_nro1:auto_generated|lutrama261~MEMORYREGOUT
    Info (332098): From: emu:emu|maclc_v8_video:v8_video|altdpram:linebuf_rtl_0|dpram_nro1:auto_generated|lutrama262~CLKMUX_0  to: emu:emu|maclc_v8_video:v8_video|altdpram:linebuf_rtl_0|dpram_nro1:auto_generated|lutrama262~MEMORYREGOUT
    Info (332098): From: emu:emu|maclc_v8_video:v8_video|altdpram:linebuf_rtl_0|dpram_nro1:auto_generated|lutrama263~CLKMUX_0  to: emu:emu|maclc_v8_video:v8_video|altdpram:linebuf_rtl_0|dpram_nro1:auto_generated|lutrama263~MEMORYREGOUT
    Info (332098): From: emu:emu|maclc_v8_video:v8_video|altdpram:linebuf_rtl_0|dpram_nro1:auto_generated|lutrama264~CLKMUX_0  to: emu:emu|maclc_v8_video:v8_video|altdpram:linebuf_rtl_0|dpram_nro1:auto_generated|lutrama264~MEMORYREGOUT
    Info (332098): From: emu:emu|maclc_v8_video:v8_video|altdpram:linebuf_rtl_0|dpram_nro1:auto_generated|lutrama265~CLKMUX_0  to: emu:emu|maclc_v8_video:v8_video|altdpram:linebuf_rtl_0|dpram_nro1:auto_generated|lutrama265~MEMORYREGOUT
    Info (332098): From: emu:emu|maclc_v8_video:v8_video|altdpram:linebuf_rtl_0|dpram_nro1:auto_generated|lutrama266~CLKMUX_0  to: emu:emu|maclc_v8_video:v8_video|altdpram:linebuf_rtl_0|dpram_nro1:auto_generated|lutrama266~MEMORYREGOUT
    Info (332098): From: emu:emu|maclc_v8_video:v8_video|altdpram:linebuf_rtl_0|dpram_nro1:auto_generated|lutrama267~CLKMUX_0  to: emu:emu|maclc_v8_video:v8_video|altdpram:linebuf_rtl_0|dpram_nro1:auto_generated|lutrama267~MEMORYREGOUT
    Info (332098): From: emu:emu|maclc_v8_video:v8_video|altdpram:linebuf_rtl_0|dpram_nro1:auto_generated|lutrama268~CLKMUX_0  to: emu:emu|maclc_v8_video:v8_video|altdpram:linebuf_rtl_0|dpram_nro1:auto_generated|lutrama268~MEMORYREGOUT
    Info (332098): From: emu:emu|maclc_v8_video:v8_video|altdpram:linebuf_rtl_0|dpram_nro1:auto_generated|lutrama269~CLKMUX_0  to: emu:emu|maclc_v8_video:v8_video|altdpram:linebuf_rtl_0|dpram_nro1:auto_generated|lutrama269~MEMORYREGOUT
    Info (332098): From: emu:emu|maclc_v8_video:v8_video|altdpram:linebuf_rtl_0|dpram_nro1:auto_generated|lutrama26~CLKMUX_0  to: emu:emu|maclc_v8_video:v8_video|altdpram:linebuf_rtl_0|dpram_nro1:auto_generated|lutrama26~MEMORYREGOUT
    Info (332098): From: emu:emu|maclc_v8_video:v8_video|altdpram:linebuf_rtl_0|dpram_nro1:auto_generated|lutrama270~CLKMUX_0  to: emu:emu|maclc_v8_video:v8_video|altdpram:linebuf_rtl_0|dpram_nro1:auto_generated|lutrama270~MEMORYREGOUT
    Info (332098): From: emu:emu|maclc_v8_video:v8_video|altdpram:linebuf_rtl_0|dpram_nro1:auto_generated|lutrama271~CLKMUX_0  to: emu:emu|maclc_v8_video:v8_video|altdpram:linebuf_rtl_0|dpram_nro1:auto_generated|lutrama271~MEMORYREGOUT
    Info (332098): From: emu:emu|maclc_v8_video:v8_video|altdpram:linebuf_rtl_0|dpram_nro1:auto_generated|lutrama272~CLKMUX_0  to: emu:emu|maclc_v8_video:v8_video|altdpram:linebuf_rtl_0|dpram_nro1:auto_generated|lutrama272~MEMORYREGOUT
    Info (332098): From: emu:emu|maclc_v8_video:v8_video|altdpram:linebuf_rtl_0|dpram_nro1:auto_generated|lutrama273~CLKMUX_0  to: emu:emu|maclc_v8_video:v8_video|altdpram:linebuf_rtl_0|dpram_nro1:auto_generated|lutrama273~MEMORYREGOUT
    Info (332098): From: emu:emu|maclc_v8_video:v8_video|altdpram:linebuf_rtl_0|dpram_nro1:auto_generated|lutrama274~CLKMUX_0  to: emu:emu|maclc_v8_video:v8_video|altdpram:linebuf_rtl_0|dpram_nro1:auto_generated|lutrama274~MEMORYREGOUT
    Info (332098): From: emu:emu|maclc_v8_video:v8_video|altdpram:linebuf_rtl_0|dpram_nro1:auto_generated|lutrama275~CLKMUX_0  to: emu:emu|maclc_v8_video:v8_video|altdpram:linebuf_rtl_0|dpram_nro1:auto_generated|lutrama275~MEMORYREGOUT
    Info (332098): From: emu:emu|maclc_v8_video:v8_video|altdpram:linebuf_rtl_0|dpram_nro1:auto_generated|lutrama276~CLKMUX_0  to: emu:emu|maclc_v8_video:v8_video|altdpram:linebuf_rtl_0|dpram_nro1:auto_generated|lutrama276~MEMORYREGOUT
    Info (332098): From: emu:emu|maclc_v8_video:v8_video|altdpram:linebuf_rtl_0|dpram_nro1:auto_generated|lutrama277~CLKMUX_0  to: emu:emu|maclc_v8_video:v8_video|altdpram:linebuf_rtl_0|dpram_nro1:auto_generated|lutrama277~MEMORYREGOUT
    Info (332098): From: emu:emu|maclc_v8_video:v8_video|altdpram:linebuf_rtl_0|dpram_nro1:auto_generated|lutrama278~CLKMUX_0  to: emu:emu|maclc_v8_video:v8_video|altdpram:linebuf_rtl_0|dpram_nro1:auto_generated|lutrama278~MEMORYREGOUT
    Info (332098): From: emu:emu|maclc_v8_video:v8_video|altdpram:linebuf_rtl_0|dpram_nro1:auto_generated|lutrama279~CLKMUX_0  to: emu:emu|maclc_v8_video:v8_video|altdpram:linebuf_rtl_0|dpram_nro1:auto_generated|lutrama279~MEMORYREGOUT
    Info (332098): From: emu:emu|maclc_v8_video:v8_video|altdpram:linebuf_rtl_0|dpram_nro1:auto_generated|lutrama27~CLKMUX_0  to: emu:emu|maclc_v8_video:v8_video|altdpram:linebuf_rtl_0|dpram_nro1:auto_generated|lutrama27~MEMORYREGOUT
    Info (332098): From: emu:emu|maclc_v8_video:v8_video|altdpram:linebuf_rtl_0|dpram_nro1:auto_generated|lutrama280~CLKMUX_0  to: emu:emu|maclc_v8_video:v8_video|altdpram:linebuf_rtl_0|dpram_nro1:auto_generated|lutrama280~MEMORYREGOUT
    Info (332098): From: emu:emu|maclc_v8_video:v8_video|altdpram:linebuf_rtl_0|dpram_nro1:auto_generated|lutrama281~CLKMUX_0  to: emu:emu|maclc_v8_video:v8_video|altdpram:linebuf_rtl_0|dpram_nro1:auto_generated|lutrama281~MEMORYREGOUT
    Info (332098): From: emu:emu|maclc_v8_video:v8_video|altdpram:linebuf_rtl_0|dpram_nro1:auto_generated|lutrama282~CLKMUX_0  to: emu:emu|maclc_v8_video:v8_video|altdpram:linebuf_rtl_0|dpram_nro1:auto_generated|lutrama282~MEMORYREGOUT
    Info (332098): From: emu:emu|maclc_v8_video:v8_video|altdpram:linebuf_rtl_0|dpram_nro1:auto_generated|lutrama283~CLKMUX_0  to: emu:emu|maclc_v8_video:v8_video|altdpram:linebuf_rtl_0|dpram_nro1:auto_generated|lutrama283~MEMORYREGOUT
    Info (332098): From: emu:emu|maclc_v8_video:v8_video|altdpram:linebuf_rtl_0|dpram_nro1:auto_generated|lutrama284~CLKMUX_0  to: emu:emu|maclc_v8_video:v8_video|altdpram:linebuf_rtl_0|dpram_nro1:auto_generated|lutrama284~MEMORYREGOUT
    Info (332098): From: emu:emu|maclc_v8_video:v8_video|altdpram:linebuf_rtl_0|dpram_nro1:auto_generated|lutrama285~CLKMUX_0  to: emu:emu|maclc_v8_video:v8_video|altdpram:linebuf_rtl_0|dpram_nro1:auto_generated|lutrama285~MEMORYREGOUT
    Info (332098): From: emu:emu|maclc_v8_video:v8_video|altdpram:linebuf_rtl_0|dpram_nro1:auto_generated|lutrama286~CLKMUX_0  to: emu:emu|maclc_v8_video:v8_video|altdpram:linebuf_rtl_0|dpram_nro1:auto_generated|lutrama286~MEMORYREGOUT
    Info (332098): From: emu:emu|maclc_v8_video:v8_video|altdpram:linebuf_rtl_0|dpram_nro1:auto_generated|lutrama287~CLKMUX_0  to: emu:emu|maclc_v8_video:v8_video|altdpram:linebuf_rtl_0|dpram_nro1:auto_generated|lutrama287~MEMORYREGOUT
    Info (332098): From: emu:emu|maclc_v8_video:v8_video|altdpram:linebuf_rtl_0|dpram_nro1:auto_generated|lutrama288~CLKMUX_0  to: emu:emu|maclc_v8_video:v8_video|altdpram:linebuf_rtl_0|dpram_nro1:auto_generated|lutrama288~MEMORYREGOUT
    Info (332098): From: emu:emu|maclc_v8_video:v8_video|altdpram:linebuf_rtl_0|dpram_nro1:auto_generated|lutrama289~CLKMUX_0  to: emu:emu|maclc_v8_video:v8_video|altdpram:linebuf_rtl_0|dpram_nro1:auto_generated|lutrama289~MEMORYREGOUT
    Info (332098): From: emu:emu|maclc_v8_video:v8_video|altdpram:linebuf_rtl_0|dpram_nro1:auto_generated|lutrama28~CLKMUX_0  to: emu:emu|maclc_v8_video:v8_video|altdpram:linebuf_rtl_0|dpram_nro1:auto_generated|lutrama28~MEMORYREGOUT
    Info (332098): From: emu:emu|maclc_v8_video:v8_video|altdpram:linebuf_rtl_0|dpram_nro1:auto_generated|lutrama290~CLKMUX_0  to: emu:emu|maclc_v8_video:v8_video|altdpram:linebuf_rtl_0|dpram_nro1:auto_generated|lutrama290~MEMORYREGOUT
    Info (332098): From: emu:emu|maclc_v8_video:v8_video|altdpram:linebuf_rtl_0|dpram_nro1:auto_generated|lutrama291~CLKMUX_0  to: emu:emu|maclc_v8_video:v8_video|altdpram:linebuf_rtl_0|dpram_nro1:auto_generated|lutrama291~MEMORYREGOUT
    Info (332098): From: emu:emu|maclc_v8_video:v8_video|altdpram:linebuf_rtl_0|dpram_nro1:auto_generated|lutrama292~CLKMUX_0  to: emu:emu|maclc_v8_video:v8_video|altdpram:linebuf_rtl_0|dpram_nro1:auto_generated|lutrama292~MEMORYREGOUT
    Info (332098): From: emu:emu|maclc_v8_video:v8_video|altdpram:linebuf_rtl_0|dpram_nro1:auto_generated|lutrama293~CLKMUX_0  to: emu:emu|maclc_v8_video:v8_video|altdpram:linebuf_rtl_0|dpram_nro1:auto_generated|lutrama293~MEMORYREGOUT
    Info (332098): From: emu:emu|maclc_v8_video:v8_video|altdpram:linebuf_rtl_0|dpram_nro1:auto_generated|lutrama294~CLKMUX_0  to: emu:emu|maclc_v8_video:v8_video|altdpram:linebuf_rtl_0|dpram_nro1:auto_generated|lutrama294~MEMORYREGOUT
    Info (332098): From: emu:emu|maclc_v8_video:v8_video|altdpram:linebuf_rtl_0|dpram_nro1:auto_generated|lutrama295~CLKMUX_0  to: emu:emu|maclc_v8_video:v8_video|altdpram:linebuf_rtl_0|dpram_nro1:auto_generated|lutrama295~MEMORYREGOUT
    Info (332098): From: emu:emu|maclc_v8_video:v8_video|altdpram:linebuf_rtl_0|dpram_nro1:auto_generated|lutrama296~CLKMUX_0  to: emu:emu|maclc_v8_video:v8_video|altdpram:linebuf_rtl_0|dpram_nro1:auto_generated|lutrama296~MEMORYREGOUT
    Info (332098): From: emu:emu|maclc_v8_video:v8_video|altdpram:linebuf_rtl_0|dpram_nro1:auto_generated|lutrama297~CLKMUX_0  to: emu:emu|maclc_v8_video:v8_video|altdpram:linebuf_rtl_0|dpram_nro1:auto_generated|lutrama297~MEMORYREGOUT
    Info (332098): From: emu:emu|maclc_v8_video:v8_video|altdpram:linebuf_rtl_0|dpram_nro1:auto_generated|lutrama298~CLKMUX_0  to: emu:emu|maclc_v8_video:v8_video|altdpram:linebuf_rtl_0|dpram_nro1:auto_generated|lutrama298~MEMORYREGOUT
    Info (332098): From: emu:emu|maclc_v8_video:v8_video|altdpram:linebuf_rtl_0|dpram_nro1:auto_generated|lutrama299~CLKMUX_0  to: emu:emu|maclc_v8_video:v8_video|altdpram:linebuf_rtl_0|dpram_nro1:auto_generated|lutrama299~MEMORYREGOUT
    Info (332098): From: emu:emu|maclc_v8_video:v8_video|altdpram:linebuf_rtl_0|dpram_nro1:auto_generated|lutrama29~CLKMUX_0  to: emu:emu|maclc_v8_video:v8_video|altdpram:linebuf_rtl_0|dpram_nro1:auto_generated|lutrama29~MEMORYREGOUT
    Info (332098): From: emu:emu|maclc_v8_video:v8_video|altdpram:linebuf_rtl_0|dpram_nro1:auto_generated|lutrama2~CLKMUX_0  to: emu:emu|maclc_v8_video:v8_video|altdpram:linebuf_rtl_0|dpram_nro1:auto_generated|lutrama2~MEMORYREGOUT
    Info (332098): From: emu:emu|maclc_v8_video:v8_video|altdpram:linebuf_rtl_0|dpram_nro1:auto_generated|lutrama300~CLKMUX_0  to: emu:emu|maclc_v8_video:v8_video|altdpram:linebuf_rtl_0|dpram_nro1:auto_generated|lutrama300~MEMORYREGOUT
    Info (332098): From: emu:emu|maclc_v8_video:v8_video|altdpram:linebuf_rtl_0|dpram_nro1:auto_generated|lutrama301~CLKMUX_0  to: emu:emu|maclc_v8_video:v8_video|altdpram:linebuf_rtl_0|dpram_nro1:auto_generated|lutrama301~MEMORYREGOUT
    Info (332098): From: emu:emu|maclc_v8_video:v8_video|altdpram:linebuf_rtl_0|dpram_nro1:auto_generated|lutrama302~CLKMUX_0  to: emu:emu|maclc_v8_video:v8_video|altdpram:linebuf_rtl_0|dpram_nro1:auto_generated|lutrama302~MEMORYREGOUT
    Info (332098): From: emu:emu|maclc_v8_video:v8_video|altdpram:linebuf_rtl_0|dpram_nro1:auto_generated|lutrama303~CLKMUX_0  to: emu:emu|maclc_v8_video:v8_video|altdpram:linebuf_rtl_0|dpram_nro1:auto_generated|lutrama303~MEMORYREGOUT
    Info (332098): From: emu:emu|maclc_v8_video:v8_video|altdpram:linebuf_rtl_0|dpram_nro1:auto_generated|lutrama304~CLKMUX_0  to: emu:emu|maclc_v8_video:v8_video|altdpram:linebuf_rtl_0|dpram_nro1:auto_generated|lutrama304~MEMORYREGOUT
    Info (332098): From: emu:emu|maclc_v8_video:v8_video|altdpram:linebuf_rtl_0|dpram_nro1:auto_generated|lutrama305~CLKMUX_0  to: emu:emu|maclc_v8_video:v8_video|altdpram:linebuf_rtl_0|dpram_nro1:auto_generated|lutrama305~MEMORYREGOUT
    Info (332098): From: emu:emu|maclc_v8_video:v8_video|altdpram:linebuf_rtl_0|dpram_nro1:auto_generated|lutrama306~CLKMUX_0  to: emu:emu|maclc_v8_video:v8_video|altdpram:linebuf_rtl_0|dpram_nro1:auto_generated|lutrama306~MEMORYREGOUT
    Info (332098): From: emu:emu|maclc_v8_video:v8_video|altdpram:linebuf_rtl_0|dpram_nro1:auto_generated|lutrama307~CLKMUX_0  to: emu:emu|maclc_v8_video:v8_video|altdpram:linebuf_rtl_0|dpram_nro1:auto_generated|lutrama307~MEMORYREGOUT
    Info (332098): From: emu:emu|maclc_v8_video:v8_video|altdpram:linebuf_rtl_0|dpram_nro1:auto_generated|lutrama308~CLKMUX_0  to: emu:emu|maclc_v8_video:v8_video|altdpram:linebuf_rtl_0|dpram_nro1:auto_generated|lutrama308~MEMORYREGOUT
    Info (332098): From: emu:emu|maclc_v8_video:v8_video|altdpram:linebuf_rtl_0|dpram_nro1:auto_generated|lutrama309~CLKMUX_0  to: emu:emu|maclc_v8_video:v8_video|altdpram:linebuf_rtl_0|dpram_nro1:auto_generated|lutrama309~MEMORYREGOUT
    Info (332098): From: emu:emu|maclc_v8_video:v8_video|altdpram:linebuf_rtl_0|dpram_nro1:auto_generated|lutrama30~CLKMUX_0  to: emu:emu|maclc_v8_video:v8_video|altdpram:linebuf_rtl_0|dpram_nro1:auto_generated|lutrama30~MEMORYREGOUT
    Info (332098): From: emu:emu|maclc_v8_video:v8_video|altdpram:linebuf_rtl_0|dpram_nro1:auto_generated|lutrama310~CLKMUX_0  to: emu:emu|maclc_v8_video:v8_video|altdpram:linebuf_rtl_0|dpram_nro1:auto_generated|lutrama310~MEMORYREGOUT
    Info (332098): From: emu:emu|maclc_v8_video:v8_video|altdpram:linebuf_rtl_0|dpram_nro1:auto_generated|lutrama311~CLKMUX_0  to: emu:emu|maclc_v8_video:v8_video|altdpram:linebuf_rtl_0|dpram_nro1:auto_generated|lutrama311~MEMORYREGOUT
    Info (332098): From: emu:emu|maclc_v8_video:v8_video|altdpram:linebuf_rtl_0|dpram_nro1:auto_generated|lutrama312~CLKMUX_0  to: emu:emu|maclc_v8_video:v8_video|altdpram:linebuf_rtl_0|dpram_nro1:auto_generated|lutrama312~MEMORYREGOUT
    Info (332098): From: emu:emu|maclc_v8_video:v8_video|altdpram:linebuf_rtl_0|dpram_nro1:auto_generated|lutrama313~CLKMUX_0  to: emu:emu|maclc_v8_video:v8_video|altdpram:linebuf_rtl_0|dpram_nro1:auto_generated|lutrama313~MEMORYREGOUT
    Info (332098): From: emu:emu|maclc_v8_video:v8_video|altdpram:linebuf_rtl_0|dpram_nro1:auto_generated|lutrama314~CLKMUX_0  to: emu:emu|maclc_v8_video:v8_video|altdpram:linebuf_rtl_0|dpram_nro1:auto_generated|lutrama314~MEMORYREGOUT
    Info (332098): From: emu:emu|maclc_v8_video:v8_video|altdpram:linebuf_rtl_0|dpram_nro1:auto_generated|lutrama315~CLKMUX_0  to: emu:emu|maclc_v8_video:v8_video|altdpram:linebuf_rtl_0|dpram_nro1:auto_generated|lutrama315~MEMORYREGOUT
    Info (332098): From: emu:emu|maclc_v8_video:v8_video|altdpram:linebuf_rtl_0|dpram_nro1:auto_generated|lutrama316~CLKMUX_0  to: emu:emu|maclc_v8_video:v8_video|altdpram:linebuf_rtl_0|dpram_nro1:auto_generated|lutrama316~MEMORYREGOUT
    Info (332098): From: emu:emu|maclc_v8_video:v8_video|altdpram:linebuf_rtl_0|dpram_nro1:auto_generated|lutrama317~CLKMUX_0  to: emu:emu|maclc_v8_video:v8_video|altdpram:linebuf_rtl_0|dpram_nro1:auto_generated|lutrama317~MEMORYREGOUT
    Info (332098): From: emu:emu|maclc_v8_video:v8_video|altdpram:linebuf_rtl_0|dpram_nro1:auto_generated|lutrama318~CLKMUX_0  to: emu:emu|maclc_v8_video:v8_video|altdpram:linebuf_rtl_0|dpram_nro1:auto_generated|lutrama318~MEMORYREGOUT
    Info (332098): From: emu:emu|maclc_v8_video:v8_video|altdpram:linebuf_rtl_0|dpram_nro1:auto_generated|lutrama319~CLKMUX_0  to: emu:emu|maclc_v8_video:v8_video|altdpram:linebuf_rtl_0|dpram_nro1:auto_generated|lutrama319~MEMORYREGOUT
    Info (332098): From: emu:emu|maclc_v8_video:v8_video|altdpram:linebuf_rtl_0|dpram_nro1:auto_generated|lutrama31~CLKMUX_0  to: emu:emu|maclc_v8_video:v8_video|altdpram:linebuf_rtl_0|dpram_nro1:auto_generated|lutrama31~MEMORYREGOUT
    Info (332098): From: emu:emu|maclc_v8_video:v8_video|altdpram:linebuf_rtl_0|dpram_nro1:auto_generated|lutrama320~CLKMUX_0  to: emu:emu|maclc_v8_video:v8_video|altdpram:linebuf_rtl_0|dpram_nro1:auto_generated|lutrama320~MEMORYREGOUT
    Info (332098): From: emu:emu|maclc_v8_video:v8_video|altdpram:linebuf_rtl_0|dpram_nro1:auto_generated|lutrama321~CLKMUX_0  to: emu:emu|maclc_v8_video:v8_video|altdpram:linebuf_rtl_0|dpram_nro1:auto_generated|lutrama321~MEMORYREGOUT
    Info (332098): From: emu:emu|maclc_v8_video:v8_video|altdpram:linebuf_rtl_0|dpram_nro1:auto_generated|lutrama322~CLKMUX_0  to: emu:emu|maclc_v8_video:v8_video|altdpram:linebuf_rtl_0|dpram_nro1:auto_generated|lutrama322~MEMORYREGOUT
    Info (332098): From: emu:emu|maclc_v8_video:v8_video|altdpram:linebuf_rtl_0|dpram_nro1:auto_generated|lutrama323~CLKMUX_0  to: emu:emu|maclc_v8_video:v8_video|altdpram:linebuf_rtl_0|dpram_nro1:auto_generated|lutrama323~MEMORYREGOUT
    Info (332098): From: emu:emu|maclc_v8_video:v8_video|altdpram:linebuf_rtl_0|dpram_nro1:auto_generated|lutrama324~CLKMUX_0  to: emu:emu|maclc_v8_video:v8_video|altdpram:linebuf_rtl_0|dpram_nro1:auto_generated|lutrama324~MEMORYREGOUT
    Info (332098): From: emu:emu|maclc_v8_video:v8_video|altdpram:linebuf_rtl_0|dpram_nro1:auto_generated|lutrama325~CLKMUX_0  to: emu:emu|maclc_v8_video:v8_video|altdpram:linebuf_rtl_0|dpram_nro1:auto_generated|lutrama325~MEMORYREGOUT
    Info (332098): From: emu:emu|maclc_v8_video:v8_video|altdpram:linebuf_rtl_0|dpram_nro1:auto_generated|lutrama326~CLKMUX_0  to: emu:emu|maclc_v8_video:v8_video|altdpram:linebuf_rtl_0|dpram_nro1:auto_generated|lutrama326~MEMORYREGOUT
    Info (332098): From: emu:emu|maclc_v8_video:v8_video|altdpram:linebuf_rtl_0|dpram_nro1:auto_generated|lutrama327~CLKMUX_0  to: emu:emu|maclc_v8_video:v8_video|altdpram:linebuf_rtl_0|dpram_nro1:auto_generated|lutrama327~MEMORYREGOUT
    Info (332098): From: emu:emu|maclc_v8_video:v8_video|altdpram:linebuf_rtl_0|dpram_nro1:auto_generated|lutrama328~CLKMUX_0  to: emu:emu|maclc_v8_video:v8_video|altdpram:linebuf_rtl_0|dpram_nro1:auto_generated|lutrama328~MEMORYREGOUT
    Info (332098): From: emu:emu|maclc_v8_video:v8_video|altdpram:linebuf_rtl_0|dpram_nro1:auto_generated|lutrama329~CLKMUX_0  to: emu:emu|maclc_v8_video:v8_video|altdpram:linebuf_rtl_0|dpram_nro1:auto_generated|lutrama329~MEMORYREGOUT
    Info (332098): From: emu:emu|maclc_v8_video:v8_video|altdpram:linebuf_rtl_0|dpram_nro1:auto_generated|lutrama32~CLKMUX_0  to: emu:emu|maclc_v8_video:v8_video|altdpram:linebuf_rtl_0|dpram_nro1:auto_generated|lutrama32~MEMORYREGOUT
    Info (332098): From: emu:emu|maclc_v8_video:v8_video|altdpram:linebuf_rtl_0|dpram_nro1:auto_generated|lutrama330~CLKMUX_0  to: emu:emu|maclc_v8_video:v8_video|altdpram:linebuf_rtl_0|dpram_nro1:auto_generated|lutrama330~MEMORYREGOUT
    Info (332098): From: emu:emu|maclc_v8_video:v8_video|altdpram:linebuf_rtl_0|dpram_nro1:auto_generated|lutrama331~CLKMUX_0  to: emu:emu|maclc_v8_video:v8_video|altdpram:linebuf_rtl_0|dpram_nro1:auto_generated|lutrama331~MEMORYREGOUT
    Info (332098): From: emu:emu|maclc_v8_video:v8_video|altdpram:linebuf_rtl_0|dpram_nro1:auto_generated|lutrama332~CLKMUX_0  to: emu:emu|maclc_v8_video:v8_video|altdpram:linebuf_rtl_0|dpram_nro1:auto_generated|lutrama332~MEMORYREGOUT
    Info (332098): From: emu:emu|maclc_v8_video:v8_video|altdpram:linebuf_rtl_0|dpram_nro1:auto_generated|lutrama333~CLKMUX_0  to: emu:emu|maclc_v8_video:v8_video|altdpram:linebuf_rtl_0|dpram_nro1:auto_generated|lutrama333~MEMORYREGOUT
    Info (332098): From: emu:emu|maclc_v8_video:v8_video|altdpram:linebuf_rtl_0|dpram_nro1:auto_generated|lutrama334~CLKMUX_0  to: emu:emu|maclc_v8_video:v8_video|altdpram:linebuf_rtl_0|dpram_nro1:auto_generated|lutrama334~MEMORYREGOUT
    Info (332098): From: emu:emu|maclc_v8_video:v8_video|altdpram:linebuf_rtl_0|dpram_nro1:auto_generated|lutrama335~CLKMUX_0  to: emu:emu|maclc_v8_video:v8_video|altdpram:linebuf_rtl_0|dpram_nro1:auto_generated|lutrama335~MEMORYREGOUT
    Info (332098): From: emu:emu|maclc_v8_video:v8_video|altdpram:linebuf_rtl_0|dpram_nro1:auto_generated|lutrama336~CLKMUX_0  to: emu:emu|maclc_v8_video:v8_video|altdpram:linebuf_rtl_0|dpram_nro1:auto_generated|lutrama336~MEMORYREGOUT
    Info (332098): From: emu:emu|maclc_v8_video:v8_video|altdpram:linebuf_rtl_0|dpram_nro1:auto_generated|lutrama337~CLKMUX_0  to: emu:emu|maclc_v8_video:v8_video|altdpram:linebuf_rtl_0|dpram_nro1:auto_generated|lutrama337~MEMORYREGOUT
    Info (332098): From: emu:emu|maclc_v8_video:v8_video|altdpram:linebuf_rtl_0|dpram_nro1:auto_generated|lutrama338~CLKMUX_0  to: emu:emu|maclc_v8_video:v8_video|altdpram:linebuf_rtl_0|dpram_nro1:auto_generated|lutrama338~MEMORYREGOUT
    Info (332098): From: emu:emu|maclc_v8_video:v8_video|altdpram:linebuf_rtl_0|dpram_nro1:auto_generated|lutrama339~CLKMUX_0  to: emu:emu|maclc_v8_video:v8_video|altdpram:linebuf_rtl_0|dpram_nro1:auto_generated|lutrama339~MEMORYREGOUT
    Info (332098): From: emu:emu|maclc_v8_video:v8_video|altdpram:linebuf_rtl_0|dpram_nro1:auto_generated|lutrama33~CLKMUX_0  to: emu:emu|maclc_v8_video:v8_video|altdpram:linebuf_rtl_0|dpram_nro1:auto_generated|lutrama33~MEMORYREGOUT
    Info (332098): From: emu:emu|maclc_v8_video:v8_video|altdpram:linebuf_rtl_0|dpram_nro1:auto_generated|lutrama340~CLKMUX_0  to: emu:emu|maclc_v8_video:v8_video|altdpram:linebuf_rtl_0|dpram_nro1:auto_generated|lutrama340~MEMORYREGOUT
    Info (332098): From: emu:emu|maclc_v8_video:v8_video|altdpram:linebuf_rtl_0|dpram_nro1:auto_generated|lutrama341~CLKMUX_0  to: emu:emu|maclc_v8_video:v8_video|altdpram:linebuf_rtl_0|dpram_nro1:auto_generated|lutrama341~MEMORYREGOUT
    Info (332098): From: emu:emu|maclc_v8_video:v8_video|altdpram:linebuf_rtl_0|dpram_nro1:auto_generated|lutrama342~CLKMUX_0  to: emu:emu|maclc_v8_video:v8_video|altdpram:linebuf_rtl_0|dpram_nro1:auto_generated|lutrama342~MEMORYREGOUT
    Info (332098): From: emu:emu|maclc_v8_video:v8_video|altdpram:linebuf_rtl_0|dpram_nro1:auto_generated|lutrama343~CLKMUX_0  to: emu:emu|maclc_v8_video:v8_video|altdpram:linebuf_rtl_0|dpram_nro1:auto_generated|lutrama343~MEMORYREGOUT
    Info (332098): From: emu:emu|maclc_v8_video:v8_video|altdpram:linebuf_rtl_0|dpram_nro1:auto_generated|lutrama344~CLKMUX_0  to: emu:emu|maclc_v8_video:v8_video|altdpram:linebuf_rtl_0|dpram_nro1:auto_generated|lutrama344~MEMORYREGOUT
    Info (332098): From: emu:emu|maclc_v8_video:v8_video|altdpram:linebuf_rtl_0|dpram_nro1:auto_generated|lutrama345~CLKMUX_0  to: emu:emu|maclc_v8_video:v8_video|altdpram:linebuf_rtl_0|dpram_nro1:auto_generated|lutrama345~MEMORYREGOUT
    Info (332098): From: emu:emu|maclc_v8_video:v8_video|altdpram:linebuf_rtl_0|dpram_nro1:auto_generated|lutrama346~CLKMUX_0  to: emu:emu|maclc_v8_video:v8_video|altdpram:linebuf_rtl_0|dpram_nro1:auto_generated|lutrama346~MEMORYREGOUT
    Info (332098): From: emu:emu|maclc_v8_video:v8_video|altdpram:linebuf_rtl_0|dpram_nro1:auto_generated|lutrama347~CLKMUX_0  to: emu:emu|maclc_v8_video:v8_video|altdpram:linebuf_rtl_0|dpram_nro1:auto_generated|lutrama347~MEMORYREGOUT
    Info (332098): From: emu:emu|maclc_v8_video:v8_video|altdpram:linebuf_rtl_0|dpram_nro1:auto_generated|lutrama348~CLKMUX_0  to: emu:emu|maclc_v8_video:v8_video|altdpram:linebuf_rtl_0|dpram_nro1:auto_generated|lutrama348~MEMORYREGOUT
    Info (332098): From: emu:emu|maclc_v8_video:v8_video|altdpram:linebuf_rtl_0|dpram_nro1:auto_generated|lutrama349~CLKMUX_0  to: emu:emu|maclc_v8_video:v8_video|altdpram:linebuf_rtl_0|dpram_nro1:auto_generated|lutrama349~MEMORYREGOUT
    Info (332098): From: emu:emu|maclc_v8_video:v8_video|altdpram:linebuf_rtl_0|dpram_nro1:auto_generated|lutrama34~CLKMUX_0  to: emu:emu|maclc_v8_video:v8_video|altdpram:linebuf_rtl_0|dpram_nro1:auto_generated|lutrama34~MEMORYREGOUT
    Info (332098): From: emu:emu|maclc_v8_video:v8_video|altdpram:linebuf_rtl_0|dpram_nro1:auto_generated|lutrama350~CLKMUX_0  to: emu:emu|maclc_v8_video:v8_video|altdpram:linebuf_rtl_0|dpram_nro1:auto_generated|lutrama350~MEMORYREGOUT
    Info (332098): From: emu:emu|maclc_v8_video:v8_video|altdpram:linebuf_rtl_0|dpram_nro1:auto_generated|lutrama351~CLKMUX_0  to: emu:emu|maclc_v8_video:v8_video|altdpram:linebuf_rtl_0|dpram_nro1:auto_generated|lutrama351~MEMORYREGOUT
    Info (332098): From: emu:emu|maclc_v8_video:v8_video|altdpram:linebuf_rtl_0|dpram_nro1:auto_generated|lutrama352~CLKMUX_0  to: emu:emu|maclc_v8_video:v8_video|altdpram:linebuf_rtl_0|dpram_nro1:auto_generated|lutrama352~MEMORYREGOUT
    Info (332098): From: emu:emu|maclc_v8_video:v8_video|altdpram:linebuf_rtl_0|dpram_nro1:auto_generated|lutrama353~CLKMUX_0  to: emu:emu|maclc_v8_video:v8_video|altdpram:linebuf_rtl_0|dpram_nro1:auto_generated|lutrama353~MEMORYREGOUT
    Info (332098): From: emu:emu|maclc_v8_video:v8_video|altdpram:linebuf_rtl_0|dpram_nro1:auto_generated|lutrama354~CLKMUX_0  to: emu:emu|maclc_v8_video:v8_video|altdpram:linebuf_rtl_0|dpram_nro1:auto_generated|lutrama354~MEMORYREGOUT
    Info (332098): From: emu:emu|maclc_v8_video:v8_video|altdpram:linebuf_rtl_0|dpram_nro1:auto_generated|lutrama355~CLKMUX_0  to: emu:emu|maclc_v8_video:v8_video|altdpram:linebuf_rtl_0|dpram_nro1:auto_generated|lutrama355~MEMORYREGOUT
    Info (332098): From: emu:emu|maclc_v8_video:v8_video|altdpram:linebuf_rtl_0|dpram_nro1:auto_generated|lutrama356~CLKMUX_0  to: emu:emu|maclc_v8_video:v8_video|altdpram:linebuf_rtl_0|dpram_nro1:auto_generated|lutrama356~MEMORYREGOUT
    Info (332098): From: emu:emu|maclc_v8_video:v8_video|altdpram:linebuf_rtl_0|dpram_nro1:auto_generated|lutrama357~CLKMUX_0  to: emu:emu|maclc_v8_video:v8_video|altdpram:linebuf_rtl_0|dpram_nro1:auto_generated|lutrama357~MEMORYREGOUT
    Info (332098): From: emu:emu|maclc_v8_video:v8_video|altdpram:linebuf_rtl_0|dpram_nro1:auto_generated|lutrama358~CLKMUX_0  to: emu:emu|maclc_v8_video:v8_video|altdpram:linebuf_rtl_0|dpram_nro1:auto_generated|lutrama358~MEMORYREGOUT
    Info (332098): From: emu:emu|maclc_v8_video:v8_video|altdpram:linebuf_rtl_0|dpram_nro1:auto_generated|lutrama359~CLKMUX_0  to: emu:emu|maclc_v8_video:v8_video|altdpram:linebuf_rtl_0|dpram_nro1:auto_generated|lutrama359~MEMORYREGOUT
    Info (332098): From: emu:emu|maclc_v8_video:v8_video|altdpram:linebuf_rtl_0|dpram_nro1:auto_generated|lutrama35~CLKMUX_0  to: emu:emu|maclc_v8_video:v8_video|altdpram:linebuf_rtl_0|dpram_nro1:auto_generated|lutrama35~MEMORYREGOUT
    Info (332098): From: emu:emu|maclc_v8_video:v8_video|altdpram:linebuf_rtl_0|dpram_nro1:auto_generated|lutrama360~CLKMUX_0  to: emu:emu|maclc_v8_video:v8_video|altdpram:linebuf_rtl_0|dpram_nro1:auto_generated|lutrama360~MEMORYREGOUT
    Info (332098): From: emu:emu|maclc_v8_video:v8_video|altdpram:linebuf_rtl_0|dpram_nro1:auto_generated|lutrama361~CLKMUX_0  to: emu:emu|maclc_v8_video:v8_video|altdpram:linebuf_rtl_0|dpram_nro1:auto_generated|lutrama361~MEMORYREGOUT
    Info (332098): From: emu:emu|maclc_v8_video:v8_video|altdpram:linebuf_rtl_0|dpram_nro1:auto_generated|lutrama362~CLKMUX_0  to: emu:emu|maclc_v8_video:v8_video|altdpram:linebuf_rtl_0|dpram_nro1:auto_generated|lutrama362~MEMORYREGOUT
    Info (332098): From: emu:emu|maclc_v8_video:v8_video|altdpram:linebuf_rtl_0|dpram_nro1:auto_generated|lutrama363~CLKMUX_0  to: emu:emu|maclc_v8_video:v8_video|altdpram:linebuf_rtl_0|dpram_nro1:auto_generated|lutrama363~MEMORYREGOUT
    Info (332098): From: emu:emu|maclc_v8_video:v8_video|altdpram:linebuf_rtl_0|dpram_nro1:auto_generated|lutrama364~CLKMUX_0  to: emu:emu|maclc_v8_video:v8_video|altdpram:linebuf_rtl_0|dpram_nro1:auto_generated|lutrama364~MEMORYREGOUT
    Info (332098): From: emu:emu|maclc_v8_video:v8_video|altdpram:linebuf_rtl_0|dpram_nro1:auto_generated|lutrama365~CLKMUX_0  to: emu:emu|maclc_v8_video:v8_video|altdpram:linebuf_rtl_0|dpram_nro1:auto_generated|lutrama365~MEMORYREGOUT
    Info (332098): From: emu:emu|maclc_v8_video:v8_video|altdpram:linebuf_rtl_0|dpram_nro1:auto_generated|lutrama366~CLKMUX_0  to: emu:emu|maclc_v8_video:v8_video|altdpram:linebuf_rtl_0|dpram_nro1:auto_generated|lutrama366~MEMORYREGOUT
    Info (332098): From: emu:emu|maclc_v8_video:v8_video|altdpram:linebuf_rtl_0|dpram_nro1:auto_generated|lutrama367~CLKMUX_0  to: emu:emu|maclc_v8_video:v8_video|altdpram:linebuf_rtl_0|dpram_nro1:auto_generated|lutrama367~MEMORYREGOUT
    Info (332098): From: emu:emu|maclc_v8_video:v8_video|altdpram:linebuf_rtl_0|dpram_nro1:auto_generated|lutrama368~CLKMUX_0  to: emu:emu|maclc_v8_video:v8_video|altdpram:linebuf_rtl_0|dpram_nro1:auto_generated|lutrama368~MEMORYREGOUT
    Info (332098): From: emu:emu|maclc_v8_video:v8_video|altdpram:linebuf_rtl_0|dpram_nro1:auto_generated|lutrama369~CLKMUX_0  to: emu:emu|maclc_v8_video:v8_video|altdpram:linebuf_rtl_0|dpram_nro1:auto_generated|lutrama369~MEMORYREGOUT
    Info (332098): From: emu:emu|maclc_v8_video:v8_video|altdpram:linebuf_rtl_0|dpram_nro1:auto_generated|lutrama36~CLKMUX_0  to: emu:emu|maclc_v8_video:v8_video|altdpram:linebuf_rtl_0|dpram_nro1:auto_generated|lutrama36~MEMORYREGOUT
    Info (332098): From: emu:emu|maclc_v8_video:v8_video|altdpram:linebuf_rtl_0|dpram_nro1:auto_generated|lutrama370~CLKMUX_0  to: emu:emu|maclc_v8_video:v8_video|altdpram:linebuf_rtl_0|dpram_nro1:auto_generated|lutrama370~MEMORYREGOUT
    Info (332098): From: emu:emu|maclc_v8_video:v8_video|altdpram:linebuf_rtl_0|dpram_nro1:auto_generated|lutrama371~CLKMUX_0  to: emu:emu|maclc_v8_video:v8_video|altdpram:linebuf_rtl_0|dpram_nro1:auto_generated|lutrama371~MEMORYREGOUT
    Info (332098): From: emu:emu|maclc_v8_video:v8_video|altdpram:linebuf_rtl_0|dpram_nro1:auto_generated|lutrama372~CLKMUX_0  to: emu:emu|maclc_v8_video:v8_video|altdpram:linebuf_rtl_0|dpram_nro1:auto_generated|lutrama372~MEMORYREGOUT
    Info (332098): From: emu:emu|maclc_v8_video:v8_video|altdpram:linebuf_rtl_0|dpram_nro1:auto_generated|lutrama373~CLKMUX_0  to: emu:emu|maclc_v8_video:v8_video|altdpram:linebuf_rtl_0|dpram_nro1:auto_generated|lutrama373~MEMORYREGOUT
    Info (332098): From: emu:emu|maclc_v8_video:v8_video|altdpram:linebuf_rtl_0|dpram_nro1:auto_generated|lutrama374~CLKMUX_0  to: emu:emu|maclc_v8_video:v8_video|altdpram:linebuf_rtl_0|dpram_nro1:auto_generated|lutrama374~MEMORYREGOUT
    Info (332098): From: emu:emu|maclc_v8_video:v8_video|altdpram:linebuf_rtl_0|dpram_nro1:auto_generated|lutrama375~CLKMUX_0  to: emu:emu|maclc_v8_video:v8_video|altdpram:linebuf_rtl_0|dpram_nro1:auto_generated|lutrama375~MEMORYREGOUT
    Info (332098): From: emu:emu|maclc_v8_video:v8_video|altdpram:linebuf_rtl_0|dpram_nro1:auto_generated|lutrama376~CLKMUX_0  to: emu:emu|maclc_v8_video:v8_video|altdpram:linebuf_rtl_0|dpram_nro1:auto_generated|lutrama376~MEMORYREGOUT
    Info (332098): From: emu:emu|maclc_v8_video:v8_video|altdpram:linebuf_rtl_0|dpram_nro1:auto_generated|lutrama377~CLKMUX_0  to: emu:emu|maclc_v8_video:v8_video|altdpram:linebuf_rtl_0|dpram_nro1:auto_generated|lutrama377~MEMORYREGOUT
    Info (332098): From: emu:emu|maclc_v8_video:v8_video|altdpram:linebuf_rtl_0|dpram_nro1:auto_generated|lutrama378~CLKMUX_0  to: emu:emu|maclc_v8_video:v8_video|altdpram:linebuf_rtl_0|dpram_nro1:auto_generated|lutrama378~MEMORYREGOUT
    Info (332098): From: emu:emu|maclc_v8_video:v8_video|altdpram:linebuf_rtl_0|dpram_nro1:auto_generated|lutrama379~CLKMUX_0  to: emu:emu|maclc_v8_video:v8_video|altdpram:linebuf_rtl_0|dpram_nro1:auto_generated|lutrama379~MEMORYREGOUT
    Info (332098): From: emu:emu|maclc_v8_video:v8_video|altdpram:linebuf_rtl_0|dpram_nro1:auto_generated|lutrama37~CLKMUX_0  to: emu:emu|maclc_v8_video:v8_video|altdpram:linebuf_rtl_0|dpram_nro1:auto_generated|lutrama37~MEMORYREGOUT
    Info (332098): From: emu:emu|maclc_v8_video:v8_video|altdpram:linebuf_rtl_0|dpram_nro1:auto_generated|lutrama380~CLKMUX_0  to: emu:emu|maclc_v8_video:v8_video|altdpram:linebuf_rtl_0|dpram_nro1:auto_generated|lutrama380~MEMORYREGOUT
    Info (332098): From: emu:emu|maclc_v8_video:v8_video|altdpram:linebuf_rtl_0|dpram_nro1:auto_generated|lutrama381~CLKMUX_0  to: emu:emu|maclc_v8_video:v8_video|altdpram:linebuf_rtl_0|dpram_nro1:auto_generated|lutrama381~MEMORYREGOUT
    Info (332098): From: emu:emu|maclc_v8_video:v8_video|altdpram:linebuf_rtl_0|dpram_nro1:auto_generated|lutrama382~CLKMUX_0  to: emu:emu|maclc_v8_video:v8_video|altdpram:linebuf_rtl_0|dpram_nro1:auto_generated|lutrama382~MEMORYREGOUT
    Info (332098): From: emu:emu|maclc_v8_video:v8_video|altdpram:linebuf_rtl_0|dpram_nro1:auto_generated|lutrama383~CLKMUX_0  to: emu:emu|maclc_v8_video:v8_video|altdpram:linebuf_rtl_0|dpram_nro1:auto_generated|lutrama383~MEMORYREGOUT
    Info (332098): From: emu:emu|maclc_v8_video:v8_video|altdpram:linebuf_rtl_0|dpram_nro1:auto_generated|lutrama384~CLKMUX_0  to: emu:emu|maclc_v8_video:v8_video|altdpram:linebuf_rtl_0|dpram_nro1:auto_generated|lutrama384~MEMORYREGOUT
    Info (332098): From: emu:emu|maclc_v8_video:v8_video|altdpram:linebuf_rtl_0|dpram_nro1:auto_generated|lutrama385~CLKMUX_0  to: emu:emu|maclc_v8_video:v8_video|altdpram:linebuf_rtl_0|dpram_nro1:auto_generated|lutrama385~MEMORYREGOUT
    Info (332098): From: emu:emu|maclc_v8_video:v8_video|altdpram:linebuf_rtl_0|dpram_nro1:auto_generated|lutrama386~CLKMUX_0  to: emu:emu|maclc_v8_video:v8_video|altdpram:linebuf_rtl_0|dpram_nro1:auto_generated|lutrama386~MEMORYREGOUT
    Info (332098): From: emu:emu|maclc_v8_video:v8_video|altdpram:linebuf_rtl_0|dpram_nro1:auto_generated|lutrama387~CLKMUX_0  to: emu:emu|maclc_v8_video:v8_video|altdpram:linebuf_rtl_0|dpram_nro1:auto_generated|lutrama387~MEMORYREGOUT
    Info (332098): From: emu:emu|maclc_v8_video:v8_video|altdpram:linebuf_rtl_0|dpram_nro1:auto_generated|lutrama388~CLKMUX_0  to: emu:emu|maclc_v8_video:v8_video|altdpram:linebuf_rtl_0|dpram_nro1:auto_generated|lutrama388~MEMORYREGOUT
    Info (332098): From: emu:emu|maclc_v8_video:v8_video|altdpram:linebuf_rtl_0|dpram_nro1:auto_generated|lutrama389~CLKMUX_0  to: emu:emu|maclc_v8_video:v8_video|altdpram:linebuf_rtl_0|dpram_nro1:auto_generated|lutrama389~MEMORYREGOUT
    Info (332098): From: emu:emu|maclc_v8_video:v8_video|altdpram:linebuf_rtl_0|dpram_nro1:auto_generated|lutrama38~CLKMUX_0  to: emu:emu|maclc_v8_video:v8_video|altdpram:linebuf_rtl_0|dpram_nro1:auto_generated|lutrama38~MEMORYREGOUT
    Info (332098): From: emu:emu|maclc_v8_video:v8_video|altdpram:linebuf_rtl_0|dpram_nro1:auto_generated|lutrama390~CLKMUX_0  to: emu:emu|maclc_v8_video:v8_video|altdpram:linebuf_rtl_0|dpram_nro1:auto_generated|lutrama390~MEMORYREGOUT
    Info (332098): From: emu:emu|maclc_v8_video:v8_video|altdpram:linebuf_rtl_0|dpram_nro1:auto_generated|lutrama391~CLKMUX_0  to: emu:emu|maclc_v8_video:v8_video|altdpram:linebuf_rtl_0|dpram_nro1:auto_generated|lutrama391~MEMORYREGOUT
    Info (332098): From: emu:emu|maclc_v8_video:v8_video|altdpram:linebuf_rtl_0|dpram_nro1:auto_generated|lutrama392~CLKMUX_0  to: emu:emu|maclc_v8_video:v8_video|altdpram:linebuf_rtl_0|dpram_nro1:auto_generated|lutrama392~MEMORYREGOUT
    Info (332098): From: emu:emu|maclc_v8_video:v8_video|altdpram:linebuf_rtl_0|dpram_nro1:auto_generated|lutrama393~CLKMUX_0  to: emu:emu|maclc_v8_video:v8_video|altdpram:linebuf_rtl_0|dpram_nro1:auto_generated|lutrama393~MEMORYREGOUT
    Info (332098): From: emu:emu|maclc_v8_video:v8_video|altdpram:linebuf_rtl_0|dpram_nro1:auto_generated|lutrama394~CLKMUX_0  to: emu:emu|maclc_v8_video:v8_video|altdpram:linebuf_rtl_0|dpram_nro1:auto_generated|lutrama394~MEMORYREGOUT
    Info (332098): From: emu:emu|maclc_v8_video:v8_video|altdpram:linebuf_rtl_0|dpram_nro1:auto_generated|lutrama395~CLKMUX_0  to: emu:emu|maclc_v8_video:v8_video|altdpram:linebuf_rtl_0|dpram_nro1:auto_generated|lutrama395~MEMORYREGOUT
    Info (332098): From: emu:emu|maclc_v8_video:v8_video|altdpram:linebuf_rtl_0|dpram_nro1:auto_generated|lutrama396~CLKMUX_0  to: emu:emu|maclc_v8_video:v8_video|altdpram:linebuf_rtl_0|dpram_nro1:auto_generated|lutrama396~MEMORYREGOUT
    Info (332098): From: emu:emu|maclc_v8_video:v8_video|altdpram:linebuf_rtl_0|dpram_nro1:auto_generated|lutrama397~CLKMUX_0  to: emu:emu|maclc_v8_video:v8_video|altdpram:linebuf_rtl_0|dpram_nro1:auto_generated|lutrama397~MEMORYREGOUT
    Info (332098): From: emu:emu|maclc_v8_video:v8_video|altdpram:linebuf_rtl_0|dpram_nro1:auto_generated|lutrama398~CLKMUX_0  to: emu:emu|maclc_v8_video:v8_video|altdpram:linebuf_rtl_0|dpram_nro1:auto_generated|lutrama398~MEMORYREGOUT
    Info (332098): From: emu:emu|maclc_v8_video:v8_video|altdpram:linebuf_rtl_0|dpram_nro1:auto_generated|lutrama399~CLKMUX_0  to: emu:emu|maclc_v8_video:v8_video|altdpram:linebuf_rtl_0|dpram_nro1:auto_generated|lutrama399~MEMORYREGOUT
    Info (332098): From: emu:emu|maclc_v8_video:v8_video|altdpram:linebuf_rtl_0|dpram_nro1:auto_generated|lutrama39~CLKMUX_0  to: emu:emu|maclc_v8_video:v8_video|altdpram:linebuf_rtl_0|dpram_nro1:auto_generated|lutrama39~MEMORYREGOUT
    Info (332098): From: emu:emu|maclc_v8_video:v8_video|altdpram:linebuf_rtl_0|dpram_nro1:auto_generated|lutrama3~CLKMUX_0  to: emu:emu|maclc_v8_video:v8_video|altdpram:linebuf_rtl_0|dpram_nro1:auto_generated|lutrama3~MEMORYREGOUT
    Info (332098): From: emu:emu|maclc_v8_video:v8_video|altdpram:linebuf_rtl_0|dpram_nro1:auto_generated|lutrama400~CLKMUX_0  to: emu:emu|maclc_v8_video:v8_video|altdpram:linebuf_rtl_0|dpram_nro1:auto_generated|lutrama400~MEMORYREGOUT
    Info (332098): From: emu:emu|maclc_v8_video:v8_video|altdpram:linebuf_rtl_0|dpram_nro1:auto_generated|lutrama401~CLKMUX_0  to: emu:emu|maclc_v8_video:v8_video|altdpram:linebuf_rtl_0|dpram_nro1:auto_generated|lutrama401~MEMORYREGOUT
    Info (332098): From: emu:emu|maclc_v8_video:v8_video|altdpram:linebuf_rtl_0|dpram_nro1:auto_generated|lutrama402~CLKMUX_0  to: emu:emu|maclc_v8_video:v8_video|altdpram:linebuf_rtl_0|dpram_nro1:auto_generated|lutrama402~MEMORYREGOUT
    Info (332098): From: emu:emu|maclc_v8_video:v8_video|altdpram:linebuf_rtl_0|dpram_nro1:auto_generated|lutrama403~CLKMUX_0  to: emu:emu|maclc_v8_video:v8_video|altdpram:linebuf_rtl_0|dpram_nro1:auto_generated|lutrama403~MEMORYREGOUT
    Info (332098): From: emu:emu|maclc_v8_video:v8_video|altdpram:linebuf_rtl_0|dpram_nro1:auto_generated|lutrama404~CLKMUX_0  to: emu:emu|maclc_v8_video:v8_video|altdpram:linebuf_rtl_0|dpram_nro1:auto_generated|lutrama404~MEMORYREGOUT
    Info (332098): From: emu:emu|maclc_v8_video:v8_video|altdpram:linebuf_rtl_0|dpram_nro1:auto_generated|lutrama405~CLKMUX_0  to: emu:emu|maclc_v8_video:v8_video|altdpram:linebuf_rtl_0|dpram_nro1:auto_generated|lutrama405~MEMORYREGOUT
    Info (332098): From: emu:emu|maclc_v8_video:v8_video|altdpram:linebuf_rtl_0|dpram_nro1:auto_generated|lutrama406~CLKMUX_0  to: emu:emu|maclc_v8_video:v8_video|altdpram:linebuf_rtl_0|dpram_nro1:auto_generated|lutrama406~MEMORYREGOUT
    Info (332098): From: emu:emu|maclc_v8_video:v8_video|altdpram:linebuf_rtl_0|dpram_nro1:auto_generated|lutrama407~CLKMUX_0  to: emu:emu|maclc_v8_video:v8_video|altdpram:linebuf_rtl_0|dpram_nro1:auto_generated|lutrama407~MEMORYREGOUT
    Info (332098): From: emu:emu|maclc_v8_video:v8_video|altdpram:linebuf_rtl_0|dpram_nro1:auto_generated|lutrama408~CLKMUX_0  to: emu:emu|maclc_v8_video:v8_video|altdpram:linebuf_rtl_0|dpram_nro1:auto_generated|lutrama408~MEMORYREGOUT
    Info (332098): From: emu:emu|maclc_v8_video:v8_video|altdpram:linebuf_rtl_0|dpram_nro1:auto_generated|lutrama409~CLKMUX_0  to: emu:emu|maclc_v8_video:v8_video|altdpram:linebuf_rtl_0|dpram_nro1:auto_generated|lutrama409~MEMORYREGOUT
    Info (332098): From: emu:emu|maclc_v8_video:v8_video|altdpram:linebuf_rtl_0|dpram_nro1:auto_generated|lutrama40~CLKMUX_0  to: emu:emu|maclc_v8_video:v8_video|altdpram:linebuf_rtl_0|dpram_nro1:auto_generated|lutrama40~MEMORYREGOUT
    Info (332098): From: emu:emu|maclc_v8_video:v8_video|altdpram:linebuf_rtl_0|dpram_nro1:auto_generated|lutrama410~CLKMUX_0  to: emu:emu|maclc_v8_video:v8_video|altdpram:linebuf_rtl_0|dpram_nro1:auto_generated|lutrama410~MEMORYREGOUT
    Info (332098): From: emu:emu|maclc_v8_video:v8_video|altdpram:linebuf_rtl_0|dpram_nro1:auto_generated|lutrama411~CLKMUX_0  to: emu:emu|maclc_v8_video:v8_video|altdpram:linebuf_rtl_0|dpram_nro1:auto_generated|lutrama411~MEMORYREGOUT
    Info (332098): From: emu:emu|maclc_v8_video:v8_video|altdpram:linebuf_rtl_0|dpram_nro1:auto_generated|lutrama412~CLKMUX_0  to: emu:emu|maclc_v8_video:v8_video|altdpram:linebuf_rtl_0|dpram_nro1:auto_generated|lutrama412~MEMORYREGOUT
    Info (332098): From: emu:emu|maclc_v8_video:v8_video|altdpram:linebuf_rtl_0|dpram_nro1:auto_generated|lutrama413~CLKMUX_0  to: emu:emu|maclc_v8_video:v8_video|altdpram:linebuf_rtl_0|dpram_nro1:auto_generated|lutrama413~MEMORYREGOUT
    Info (332098): From: emu:emu|maclc_v8_video:v8_video|altdpram:linebuf_rtl_0|dpram_nro1:auto_generated|lutrama414~CLKMUX_0  to: emu:emu|maclc_v8_video:v8_video|altdpram:linebuf_rtl_0|dpram_nro1:auto_generated|lutrama414~MEMORYREGOUT
    Info (332098): From: emu:emu|maclc_v8_video:v8_video|altdpram:linebuf_rtl_0|dpram_nro1:auto_generated|lutrama415~CLKMUX_0  to: emu:emu|maclc_v8_video:v8_video|altdpram:linebuf_rtl_0|dpram_nro1:auto_generated|lutrama415~MEMORYREGOUT
    Info (332098): From: emu:emu|maclc_v8_video:v8_video|altdpram:linebuf_rtl_0|dpram_nro1:auto_generated|lutrama416~CLKMUX_0  to: emu:emu|maclc_v8_video:v8_video|altdpram:linebuf_rtl_0|dpram_nro1:auto_generated|lutrama416~MEMORYREGOUT
    Info (332098): From: emu:emu|maclc_v8_video:v8_video|altdpram:linebuf_rtl_0|dpram_nro1:auto_generated|lutrama417~CLKMUX_0  to: emu:emu|maclc_v8_video:v8_video|altdpram:linebuf_rtl_0|dpram_nro1:auto_generated|lutrama417~MEMORYREGOUT
    Info (332098): From: emu:emu|maclc_v8_video:v8_video|altdpram:linebuf_rtl_0|dpram_nro1:auto_generated|lutrama418~CLKMUX_0  to: emu:emu|maclc_v8_video:v8_video|altdpram:linebuf_rtl_0|dpram_nro1:auto_generated|lutrama418~MEMORYREGOUT
    Info (332098): From: emu:emu|maclc_v8_video:v8_video|altdpram:linebuf_rtl_0|dpram_nro1:auto_generated|lutrama419~CLKMUX_0  to: emu:emu|maclc_v8_video:v8_video|altdpram:linebuf_rtl_0|dpram_nro1:auto_generated|lutrama419~MEMORYREGOUT
    Info (332098): From: emu:emu|maclc_v8_video:v8_video|altdpram:linebuf_rtl_0|dpram_nro1:auto_generated|lutrama41~CLKMUX_0  to: emu:emu|maclc_v8_video:v8_video|altdpram:linebuf_rtl_0|dpram_nro1:auto_generated|lutrama41~MEMORYREGOUT
    Info (332098): From: emu:emu|maclc_v8_video:v8_video|altdpram:linebuf_rtl_0|dpram_nro1:auto_generated|lutrama420~CLKMUX_0  to: emu:emu|maclc_v8_video:v8_video|altdpram:linebuf_rtl_0|dpram_nro1:auto_generated|lutrama420~MEMORYREGOUT
    Info (332098): From: emu:emu|maclc_v8_video:v8_video|altdpram:linebuf_rtl_0|dpram_nro1:auto_generated|lutrama421~CLKMUX_0  to: emu:emu|maclc_v8_video:v8_video|altdpram:linebuf_rtl_0|dpram_nro1:auto_generated|lutrama421~MEMORYREGOUT
    Info (332098): From: emu:emu|maclc_v8_video:v8_video|altdpram:linebuf_rtl_0|dpram_nro1:auto_generated|lutrama422~CLKMUX_0  to: emu:emu|maclc_v8_video:v8_video|altdpram:linebuf_rtl_0|dpram_nro1:auto_generated|lutrama422~MEMORYREGOUT
    Info (332098): From: emu:emu|maclc_v8_video:v8_video|altdpram:linebuf_rtl_0|dpram_nro1:auto_generated|lutrama423~CLKMUX_0  to: emu:emu|maclc_v8_video:v8_video|altdpram:linebuf_rtl_0|dpram_nro1:auto_generated|lutrama423~MEMORYREGOUT
    Info (332098): From: emu:emu|maclc_v8_video:v8_video|altdpram:linebuf_rtl_0|dpram_nro1:auto_generated|lutrama424~CLKMUX_0  to: emu:emu|maclc_v8_video:v8_video|altdpram:linebuf_rtl_0|dpram_nro1:auto_generated|lutrama424~MEMORYREGOUT
    Info (332098): From: emu:emu|maclc_v8_video:v8_video|altdpram:linebuf_rtl_0|dpram_nro1:auto_generated|lutrama425~CLKMUX_0  to: emu:emu|maclc_v8_video:v8_video|altdpram:linebuf_rtl_0|dpram_nro1:auto_generated|lutrama425~MEMORYREGOUT
    Info (332098): From: emu:emu|maclc_v8_video:v8_video|altdpram:linebuf_rtl_0|dpram_nro1:auto_generated|lutrama426~CLKMUX_0  to: emu:emu|maclc_v8_video:v8_video|altdpram:linebuf_rtl_0|dpram_nro1:auto_generated|lutrama426~MEMORYREGOUT
    Info (332098): From: emu:emu|maclc_v8_video:v8_video|altdpram:linebuf_rtl_0|dpram_nro1:auto_generated|lutrama427~CLKMUX_0  to: emu:emu|maclc_v8_video:v8_video|altdpram:linebuf_rtl_0|dpram_nro1:auto_generated|lutrama427~MEMORYREGOUT
    Info (332098): From: emu:emu|maclc_v8_video:v8_video|altdpram:linebuf_rtl_0|dpram_nro1:auto_generated|lutrama428~CLKMUX_0  to: emu:emu|maclc_v8_video:v8_video|altdpram:linebuf_rtl_0|dpram_nro1:auto_generated|lutrama428~MEMORYREGOUT
    Info (332098): From: emu:emu|maclc_v8_video:v8_video|altdpram:linebuf_rtl_0|dpram_nro1:auto_generated|lutrama429~CLKMUX_0  to: emu:emu|maclc_v8_video:v8_video|altdpram:linebuf_rtl_0|dpram_nro1:auto_generated|lutrama429~MEMORYREGOUT
    Info (332098): From: emu:emu|maclc_v8_video:v8_video|altdpram:linebuf_rtl_0|dpram_nro1:auto_generated|lutrama42~CLKMUX_0  to: emu:emu|maclc_v8_video:v8_video|altdpram:linebuf_rtl_0|dpram_nro1:auto_generated|lutrama42~MEMORYREGOUT
    Info (332098): From: emu:emu|maclc_v8_video:v8_video|altdpram:linebuf_rtl_0|dpram_nro1:auto_generated|lutrama430~CLKMUX_0  to: emu:emu|maclc_v8_video:v8_video|altdpram:linebuf_rtl_0|dpram_nro1:auto_generated|lutrama430~MEMORYREGOUT
    Info (332098): From: emu:emu|maclc_v8_video:v8_video|altdpram:linebuf_rtl_0|dpram_nro1:auto_generated|lutrama431~CLKMUX_0  to: emu:emu|maclc_v8_video:v8_video|altdpram:linebuf_rtl_0|dpram_nro1:auto_generated|lutrama431~MEMORYREGOUT
    Info (332098): From: emu:emu|maclc_v8_video:v8_video|altdpram:linebuf_rtl_0|dpram_nro1:auto_generated|lutrama432~CLKMUX_0  to: emu:emu|maclc_v8_video:v8_video|altdpram:linebuf_rtl_0|dpram_nro1:auto_generated|lutrama432~MEMORYREGOUT
    Info (332098): From: emu:emu|maclc_v8_video:v8_video|altdpram:linebuf_rtl_0|dpram_nro1:auto_generated|lutrama433~CLKMUX_0  to: emu:emu|maclc_v8_video:v8_video|altdpram:linebuf_rtl_0|dpram_nro1:auto_generated|lutrama433~MEMORYREGOUT
    Info (332098): From: emu:emu|maclc_v8_video:v8_video|altdpram:linebuf_rtl_0|dpram_nro1:auto_generated|lutrama434~CLKMUX_0  to: emu:emu|maclc_v8_video:v8_video|altdpram:linebuf_rtl_0|dpram_nro1:auto_generated|lutrama434~MEMORYREGOUT
    Info (332098): From: emu:emu|maclc_v8_video:v8_video|altdpram:linebuf_rtl_0|dpram_nro1:auto_generated|lutrama435~CLKMUX_0  to: emu:emu|maclc_v8_video:v8_video|altdpram:linebuf_rtl_0|dpram_nro1:auto_generated|lutrama435~MEMORYREGOUT
    Info (332098): From: emu:emu|maclc_v8_video:v8_video|altdpram:linebuf_rtl_0|dpram_nro1:auto_generated|lutrama436~CLKMUX_0  to: emu:emu|maclc_v8_video:v8_video|altdpram:linebuf_rtl_0|dpram_nro1:auto_generated|lutrama436~MEMORYREGOUT
    Info (332098): From: emu:emu|maclc_v8_video:v8_video|altdpram:linebuf_rtl_0|dpram_nro1:auto_generated|lutrama437~CLKMUX_0  to: emu:emu|maclc_v8_video:v8_video|altdpram:linebuf_rtl_0|dpram_nro1:auto_generated|lutrama437~MEMORYREGOUT
    Info (332098): From: emu:emu|maclc_v8_video:v8_video|altdpram:linebuf_rtl_0|dpram_nro1:auto_generated|lutrama438~CLKMUX_0  to: emu:emu|maclc_v8_video:v8_video|altdpram:linebuf_rtl_0|dpram_nro1:auto_generated|lutrama438~MEMORYREGOUT
    Info (332098): From: emu:emu|maclc_v8_video:v8_video|altdpram:linebuf_rtl_0|dpram_nro1:auto_generated|lutrama439~CLKMUX_0  to: emu:emu|maclc_v8_video:v8_video|altdpram:linebuf_rtl_0|dpram_nro1:auto_generated|lutrama439~MEMORYREGOUT
    Info (332098): From: emu:emu|maclc_v8_video:v8_video|altdpram:linebuf_rtl_0|dpram_nro1:auto_generated|lutrama43~CLKMUX_0  to: emu:emu|maclc_v8_video:v8_video|altdpram:linebuf_rtl_0|dpram_nro1:auto_generated|lutrama43~MEMORYREGOUT
    Info (332098): From: emu:emu|maclc_v8_video:v8_video|altdpram:linebuf_rtl_0|dpram_nro1:auto_generated|lutrama440~CLKMUX_0  to: emu:emu|maclc_v8_video:v8_video|altdpram:linebuf_rtl_0|dpram_nro1:auto_generated|lutrama440~MEMORYREGOUT
    Info (332098): From: emu:emu|maclc_v8_video:v8_video|altdpram:linebuf_rtl_0|dpram_nro1:auto_generated|lutrama441~CLKMUX_0  to: emu:emu|maclc_v8_video:v8_video|altdpram:linebuf_rtl_0|dpram_nro1:auto_generated|lutrama441~MEMORYREGOUT
    Info (332098): From: emu:emu|maclc_v8_video:v8_video|altdpram:linebuf_rtl_0|dpram_nro1:auto_generated|lutrama442~CLKMUX_0  to: emu:emu|maclc_v8_video:v8_video|altdpram:linebuf_rtl_0|dpram_nro1:auto_generated|lutrama442~MEMORYREGOUT
    Info (332098): From: emu:emu|maclc_v8_video:v8_video|altdpram:linebuf_rtl_0|dpram_nro1:auto_generated|lutrama443~CLKMUX_0  to: emu:emu|maclc_v8_video:v8_video|altdpram:linebuf_rtl_0|dpram_nro1:auto_generated|lutrama443~MEMORYREGOUT
    Info (332098): From: emu:emu|maclc_v8_video:v8_video|altdpram:linebuf_rtl_0|dpram_nro1:auto_generated|lutrama444~CLKMUX_0  to: emu:emu|maclc_v8_video:v8_video|altdpram:linebuf_rtl_0|dpram_nro1:auto_generated|lutrama444~MEMORYREGOUT
    Info (332098): From: emu:emu|maclc_v8_video:v8_video|altdpram:linebuf_rtl_0|dpram_nro1:auto_generated|lutrama445~CLKMUX_0  to: emu:emu|maclc_v8_video:v8_video|altdpram:linebuf_rtl_0|dpram_nro1:auto_generated|lutrama445~MEMORYREGOUT
    Info (332098): From: emu:emu|maclc_v8_video:v8_video|altdpram:linebuf_rtl_0|dpram_nro1:auto_generated|lutrama446~CLKMUX_0  to: emu:emu|maclc_v8_video:v8_video|altdpram:linebuf_rtl_0|dpram_nro1:auto_generated|lutrama446~MEMORYREGOUT
    Info (332098): From: emu:emu|maclc_v8_video:v8_video|altdpram:linebuf_rtl_0|dpram_nro1:auto_generated|lutrama447~CLKMUX_0  to: emu:emu|maclc_v8_video:v8_video|altdpram:linebuf_rtl_0|dpram_nro1:auto_generated|lutrama447~MEMORYREGOUT
    Info (332098): From: emu:emu|maclc_v8_video:v8_video|altdpram:linebuf_rtl_0|dpram_nro1:auto_generated|lutrama448~CLKMUX_0  to: emu:emu|maclc_v8_video:v8_video|altdpram:linebuf_rtl_0|dpram_nro1:auto_generated|lutrama448~MEMORYREGOUT
    Info (332098): From: emu:emu|maclc_v8_video:v8_video|altdpram:linebuf_rtl_0|dpram_nro1:auto_generated|lutrama449~CLKMUX_0  to: emu:emu|maclc_v8_video:v8_video|altdpram:linebuf_rtl_0|dpram_nro1:auto_generated|lutrama449~MEMORYREGOUT
    Info (332098): From: emu:emu|maclc_v8_video:v8_video|altdpram:linebuf_rtl_0|dpram_nro1:auto_generated|lutrama44~CLKMUX_0  to: emu:emu|maclc_v8_video:v8_video|altdpram:linebuf_rtl_0|dpram_nro1:auto_generated|lutrama44~MEMORYREGOUT
    Info (332098): From: emu:emu|maclc_v8_video:v8_video|altdpram:linebuf_rtl_0|dpram_nro1:auto_generated|lutrama450~CLKMUX_0  to: emu:emu|maclc_v8_video:v8_video|altdpram:linebuf_rtl_0|dpram_nro1:auto_generated|lutrama450~MEMORYREGOUT
    Info (332098): From: emu:emu|maclc_v8_video:v8_video|altdpram:linebuf_rtl_0|dpram_nro1:auto_generated|lutrama451~CLKMUX_0  to: emu:emu|maclc_v8_video:v8_video|altdpram:linebuf_rtl_0|dpram_nro1:auto_generated|lutrama451~MEMORYREGOUT
    Info (332098): From: emu:emu|maclc_v8_video:v8_video|altdpram:linebuf_rtl_0|dpram_nro1:auto_generated|lutrama452~CLKMUX_0  to: emu:emu|maclc_v8_video:v8_video|altdpram:linebuf_rtl_0|dpram_nro1:auto_generated|lutrama452~MEMORYREGOUT
    Info (332098): From: emu:emu|maclc_v8_video:v8_video|altdpram:linebuf_rtl_0|dpram_nro1:auto_generated|lutrama453~CLKMUX_0  to: emu:emu|maclc_v8_video:v8_video|altdpram:linebuf_rtl_0|dpram_nro1:auto_generated|lutrama453~MEMORYREGOUT
    Info (332098): From: emu:emu|maclc_v8_video:v8_video|altdpram:linebuf_rtl_0|dpram_nro1:auto_generated|lutrama454~CLKMUX_0  to: emu:emu|maclc_v8_video:v8_video|altdpram:linebuf_rtl_0|dpram_nro1:auto_generated|lutrama454~MEMORYREGOUT
    Info (332098): From: emu:emu|maclc_v8_video:v8_video|altdpram:linebuf_rtl_0|dpram_nro1:auto_generated|lutrama455~CLKMUX_0  to: emu:emu|maclc_v8_video:v8_video|altdpram:linebuf_rtl_0|dpram_nro1:auto_generated|lutrama455~MEMORYREGOUT
    Info (332098): From: emu:emu|maclc_v8_video:v8_video|altdpram:linebuf_rtl_0|dpram_nro1:auto_generated|lutrama456~CLKMUX_0  to: emu:emu|maclc_v8_video:v8_video|altdpram:linebuf_rtl_0|dpram_nro1:auto_generated|lutrama456~MEMORYREGOUT
    Info (332098): From: emu:emu|maclc_v8_video:v8_video|altdpram:linebuf_rtl_0|dpram_nro1:auto_generated|lutrama457~CLKMUX_0  to: emu:emu|maclc_v8_video:v8_video|altdpram:linebuf_rtl_0|dpram_nro1:auto_generated|lutrama457~MEMORYREGOUT
    Info (332098): From: emu:emu|maclc_v8_video:v8_video|altdpram:linebuf_rtl_0|dpram_nro1:auto_generated|lutrama458~CLKMUX_0  to: emu:emu|maclc_v8_video:v8_video|altdpram:linebuf_rtl_0|dpram_nro1:auto_generated|lutrama458~MEMORYREGOUT
    Info (332098): From: emu:emu|maclc_v8_video:v8_video|altdpram:linebuf_rtl_0|dpram_nro1:auto_generated|lutrama459~CLKMUX_0  to: emu:emu|maclc_v8_video:v8_video|altdpram:linebuf_rtl_0|dpram_nro1:auto_generated|lutrama459~MEMORYREGOUT
    Info (332098): From: emu:emu|maclc_v8_video:v8_video|altdpram:linebuf_rtl_0|dpram_nro1:auto_generated|lutrama45~CLKMUX_0  to: emu:emu|maclc_v8_video:v8_video|altdpram:linebuf_rtl_0|dpram_nro1:auto_generated|lutrama45~MEMORYREGOUT
    Info (332098): From: emu:emu|maclc_v8_video:v8_video|altdpram:linebuf_rtl_0|dpram_nro1:auto_generated|lutrama460~CLKMUX_0  to: emu:emu|maclc_v8_video:v8_video|altdpram:linebuf_rtl_0|dpram_nro1:auto_generated|lutrama460~MEMORYREGOUT
    Info (332098): From: emu:emu|maclc_v8_video:v8_video|altdpram:linebuf_rtl_0|dpram_nro1:auto_generated|lutrama461~CLKMUX_0  to: emu:emu|maclc_v8_video:v8_video|altdpram:linebuf_rtl_0|dpram_nro1:auto_generated|lutrama461~MEMORYREGOUT
    Info (332098): From: emu:emu|maclc_v8_video:v8_video|altdpram:linebuf_rtl_0|dpram_nro1:auto_generated|lutrama462~CLKMUX_0  to: emu:emu|maclc_v8_video:v8_video|altdpram:linebuf_rtl_0|dpram_nro1:auto_generated|lutrama462~MEMORYREGOUT
    Info (332098): From: emu:emu|maclc_v8_video:v8_video|altdpram:linebuf_rtl_0|dpram_nro1:auto_generated|lutrama463~CLKMUX_0  to: emu:emu|maclc_v8_video:v8_video|altdpram:linebuf_rtl_0|dpram_nro1:auto_generated|lutrama463~MEMORYREGOUT
    Info (332098): From: emu:emu|maclc_v8_video:v8_video|altdpram:linebuf_rtl_0|dpram_nro1:auto_generated|lutrama464~CLKMUX_0  to: emu:emu|maclc_v8_video:v8_video|altdpram:linebuf_rtl_0|dpram_nro1:auto_generated|lutrama464~MEMORYREGOUT
    Info (332098): From: emu:emu|maclc_v8_video:v8_video|altdpram:linebuf_rtl_0|dpram_nro1:auto_generated|lutrama465~CLKMUX_0  to: emu:emu|maclc_v8_video:v8_video|altdpram:linebuf_rtl_0|dpram_nro1:auto_generated|lutrama465~MEMORYREGOUT
    Info (332098): From: emu:emu|maclc_v8_video:v8_video|altdpram:linebuf_rtl_0|dpram_nro1:auto_generated|lutrama466~CLKMUX_0  to: emu:emu|maclc_v8_video:v8_video|altdpram:linebuf_rtl_0|dpram_nro1:auto_generated|lutrama466~MEMORYREGOUT
    Info (332098): From: emu:emu|maclc_v8_video:v8_video|altdpram:linebuf_rtl_0|dpram_nro1:auto_generated|lutrama467~CLKMUX_0  to: emu:emu|maclc_v8_video:v8_video|altdpram:linebuf_rtl_0|dpram_nro1:auto_generated|lutrama467~MEMORYREGOUT
    Info (332098): From: emu:emu|maclc_v8_video:v8_video|altdpram:linebuf_rtl_0|dpram_nro1:auto_generated|lutrama468~CLKMUX_0  to: emu:emu|maclc_v8_video:v8_video|altdpram:linebuf_rtl_0|dpram_nro1:auto_generated|lutrama468~MEMORYREGOUT
    Info (332098): From: emu:emu|maclc_v8_video:v8_video|altdpram:linebuf_rtl_0|dpram_nro1:auto_generated|lutrama469~CLKMUX_0  to: emu:emu|maclc_v8_video:v8_video|altdpram:linebuf_rtl_0|dpram_nro1:auto_generated|lutrama469~MEMORYREGOUT
    Info (332098): From: emu:emu|maclc_v8_video:v8_video|altdpram:linebuf_rtl_0|dpram_nro1:auto_generated|lutrama46~CLKMUX_0  to: emu:emu|maclc_v8_video:v8_video|altdpram:linebuf_rtl_0|dpram_nro1:auto_generated|lutrama46~MEMORYREGOUT
    Info (332098): From: emu:emu|maclc_v8_video:v8_video|altdpram:linebuf_rtl_0|dpram_nro1:auto_generated|lutrama470~CLKMUX_0  to: emu:emu|maclc_v8_video:v8_video|altdpram:linebuf_rtl_0|dpram_nro1:auto_generated|lutrama470~MEMORYREGOUT
    Info (332098): From: emu:emu|maclc_v8_video:v8_video|altdpram:linebuf_rtl_0|dpram_nro1:auto_generated|lutrama471~CLKMUX_0  to: emu:emu|maclc_v8_video:v8_video|altdpram:linebuf_rtl_0|dpram_nro1:auto_generated|lutrama471~MEMORYREGOUT
    Info (332098): From: emu:emu|maclc_v8_video:v8_video|altdpram:linebuf_rtl_0|dpram_nro1:auto_generated|lutrama472~CLKMUX_0  to: emu:emu|maclc_v8_video:v8_video|altdpram:linebuf_rtl_0|dpram_nro1:auto_generated|lutrama472~MEMORYREGOUT
    Info (332098): From: emu:emu|maclc_v8_video:v8_video|altdpram:linebuf_rtl_0|dpram_nro1:auto_generated|lutrama473~CLKMUX_0  to: emu:emu|maclc_v8_video:v8_video|altdpram:linebuf_rtl_0|dpram_nro1:auto_generated|lutrama473~MEMORYREGOUT
    Info (332098): From: emu:emu|maclc_v8_video:v8_video|altdpram:linebuf_rtl_0|dpram_nro1:auto_generated|lutrama474~CLKMUX_0  to: emu:emu|maclc_v8_video:v8_video|altdpram:linebuf_rtl_0|dpram_nro1:auto_generated|lutrama474~MEMORYREGOUT
    Info (332098): From: emu:emu|maclc_v8_video:v8_video|altdpram:linebuf_rtl_0|dpram_nro1:auto_generated|lutrama475~CLKMUX_0  to: emu:emu|maclc_v8_video:v8_video|altdpram:linebuf_rtl_0|dpram_nro1:auto_generated|lutrama475~MEMORYREGOUT
    Info (332098): From: emu:emu|maclc_v8_video:v8_video|altdpram:linebuf_rtl_0|dpram_nro1:auto_generated|lutrama476~CLKMUX_0  to: emu:emu|maclc_v8_video:v8_video|altdpram:linebuf_rtl_0|dpram_nro1:auto_generated|lutrama476~MEMORYREGOUT
    Info (332098): From: emu:emu|maclc_v8_video:v8_video|altdpram:linebuf_rtl_0|dpram_nro1:auto_generated|lutrama477~CLKMUX_0  to: emu:emu|maclc_v8_video:v8_video|altdpram:linebuf_rtl_0|dpram_nro1:auto_generated|lutrama477~MEMORYREGOUT
    Info (332098): From: emu:emu|maclc_v8_video:v8_video|altdpram:linebuf_rtl_0|dpram_nro1:auto_generated|lutrama478~CLKMUX_0  to: emu:emu|maclc_v8_video:v8_video|altdpram:linebuf_rtl_0|dpram_nro1:auto_generated|lutrama478~MEMORYREGOUT
    Info (332098): From: emu:emu|maclc_v8_video:v8_video|altdpram:linebuf_rtl_0|dpram_nro1:auto_generated|lutrama479~CLKMUX_0  to: emu:emu|maclc_v8_video:v8_video|altdpram:linebuf_rtl_0|dpram_nro1:auto_generated|lutrama479~MEMORYREGOUT
    Info (332098): From: emu:emu|maclc_v8_video:v8_video|altdpram:linebuf_rtl_0|dpram_nro1:auto_generated|lutrama47~CLKMUX_0  to: emu:emu|maclc_v8_video:v8_video|altdpram:linebuf_rtl_0|dpram_nro1:auto_generated|lutrama47~MEMORYREGOUT
    Info (332098): From: emu:emu|maclc_v8_video:v8_video|altdpram:linebuf_rtl_0|dpram_nro1:auto_generated|lutrama480~CLKMUX_0  to: emu:emu|maclc_v8_video:v8_video|altdpram:linebuf_rtl_0|dpram_nro1:auto_generated|lutrama480~MEMORYREGOUT
    Info (332098): From: emu:emu|maclc_v8_video:v8_video|altdpram:linebuf_rtl_0|dpram_nro1:auto_generated|lutrama481~CLKMUX_0  to: emu:emu|maclc_v8_video:v8_video|altdpram:linebuf_rtl_0|dpram_nro1:auto_generated|lutrama481~MEMORYREGOUT
    Info (332098): From: emu:emu|maclc_v8_video:v8_video|altdpram:linebuf_rtl_0|dpram_nro1:auto_generated|lutrama482~CLKMUX_0  to: emu:emu|maclc_v8_video:v8_video|altdpram:linebuf_rtl_0|dpram_nro1:auto_generated|lutrama482~MEMORYREGOUT
    Info (332098): From: emu:emu|maclc_v8_video:v8_video|altdpram:linebuf_rtl_0|dpram_nro1:auto_generated|lutrama483~CLKMUX_0  to: emu:emu|maclc_v8_video:v8_video|altdpram:linebuf_rtl_0|dpram_nro1:auto_generated|lutrama483~MEMORYREGOUT
    Info (332098): From: emu:emu|maclc_v8_video:v8_video|altdpram:linebuf_rtl_0|dpram_nro1:auto_generated|lutrama484~CLKMUX_0  to: emu:emu|maclc_v8_video:v8_video|altdpram:linebuf_rtl_0|dpram_nro1:auto_generated|lutrama484~MEMORYREGOUT
    Info (332098): From: emu:emu|maclc_v8_video:v8_video|altdpram:linebuf_rtl_0|dpram_nro1:auto_generated|lutrama485~CLKMUX_0  to: emu:emu|maclc_v8_video:v8_video|altdpram:linebuf_rtl_0|dpram_nro1:auto_generated|lutrama485~MEMORYREGOUT
    Info (332098): From: emu:emu|maclc_v8_video:v8_video|altdpram:linebuf_rtl_0|dpram_nro1:auto_generated|lutrama486~CLKMUX_0  to: emu:emu|maclc_v8_video:v8_video|altdpram:linebuf_rtl_0|dpram_nro1:auto_generated|lutrama486~MEMORYREGOUT
    Info (332098): From: emu:emu|maclc_v8_video:v8_video|altdpram:linebuf_rtl_0|dpram_nro1:auto_generated|lutrama487~CLKMUX_0  to: emu:emu|maclc_v8_video:v8_video|altdpram:linebuf_rtl_0|dpram_nro1:auto_generated|lutrama487~MEMORYREGOUT
    Info (332098): From: emu:emu|maclc_v8_video:v8_video|altdpram:linebuf_rtl_0|dpram_nro1:auto_generated|lutrama488~CLKMUX_0  to: emu:emu|maclc_v8_video:v8_video|altdpram:linebuf_rtl_0|dpram_nro1:auto_generated|lutrama488~MEMORYREGOUT
    Info (332098): From: emu:emu|maclc_v8_video:v8_video|altdpram:linebuf_rtl_0|dpram_nro1:auto_generated|lutrama489~CLKMUX_0  to: emu:emu|maclc_v8_video:v8_video|altdpram:linebuf_rtl_0|dpram_nro1:auto_generated|lutrama489~MEMORYREGOUT
    Info (332098): From: emu:emu|maclc_v8_video:v8_video|altdpram:linebuf_rtl_0|dpram_nro1:auto_generated|lutrama48~CLKMUX_0  to: emu:emu|maclc_v8_video:v8_video|altdpram:linebuf_rtl_0|dpram_nro1:auto_generated|lutrama48~MEMORYREGOUT
    Info (332098): From: emu:emu|maclc_v8_video:v8_video|altdpram:linebuf_rtl_0|dpram_nro1:auto_generated|lutrama490~CLKMUX_0  to: emu:emu|maclc_v8_video:v8_video|altdpram:linebuf_rtl_0|dpram_nro1:auto_generated|lutrama490~MEMORYREGOUT
    Info (332098): From: emu:emu|maclc_v8_video:v8_video|altdpram:linebuf_rtl_0|dpram_nro1:auto_generated|lutrama491~CLKMUX_0  to: emu:emu|maclc_v8_video:v8_video|altdpram:linebuf_rtl_0|dpram_nro1:auto_generated|lutrama491~MEMORYREGOUT
    Info (332098): From: emu:emu|maclc_v8_video:v8_video|altdpram:linebuf_rtl_0|dpram_nro1:auto_generated|lutrama492~CLKMUX_0  to: emu:emu|maclc_v8_video:v8_video|altdpram:linebuf_rtl_0|dpram_nro1:auto_generated|lutrama492~MEMORYREGOUT
    Info (332098): From: emu:emu|maclc_v8_video:v8_video|altdpram:linebuf_rtl_0|dpram_nro1:auto_generated|lutrama493~CLKMUX_0  to: emu:emu|maclc_v8_video:v8_video|altdpram:linebuf_rtl_0|dpram_nro1:auto_generated|lutrama493~MEMORYREGOUT
    Info (332098): From: emu:emu|maclc_v8_video:v8_video|altdpram:linebuf_rtl_0|dpram_nro1:auto_generated|lutrama494~CLKMUX_0  to: emu:emu|maclc_v8_video:v8_video|altdpram:linebuf_rtl_0|dpram_nro1:auto_generated|lutrama494~MEMORYREGOUT
    Info (332098): From: emu:emu|maclc_v8_video:v8_video|altdpram:linebuf_rtl_0|dpram_nro1:auto_generated|lutrama495~CLKMUX_0  to: emu:emu|maclc_v8_video:v8_video|altdpram:linebuf_rtl_0|dpram_nro1:auto_generated|lutrama495~MEMORYREGOUT
    Info (332098): From: emu:emu|maclc_v8_video:v8_video|altdpram:linebuf_rtl_0|dpram_nro1:auto_generated|lutrama496~CLKMUX_0  to: emu:emu|maclc_v8_video:v8_video|altdpram:linebuf_rtl_0|dpram_nro1:auto_generated|lutrama496~MEMORYREGOUT
    Info (332098): From: emu:emu|maclc_v8_video:v8_video|altdpram:linebuf_rtl_0|dpram_nro1:auto_generated|lutrama497~CLKMUX_0  to: emu:emu|maclc_v8_video:v8_video|altdpram:linebuf_rtl_0|dpram_nro1:auto_generated|lutrama497~MEMORYREGOUT
    Info (332098): From: emu:emu|maclc_v8_video:v8_video|altdpram:linebuf_rtl_0|dpram_nro1:auto_generated|lutrama498~CLKMUX_0  to: emu:emu|maclc_v8_video:v8_video|altdpram:linebuf_rtl_0|dpram_nro1:auto_generated|lutrama498~MEMORYREGOUT
    Info (332098): From: emu:emu|maclc_v8_video:v8_video|altdpram:linebuf_rtl_0|dpram_nro1:auto_generated|lutrama499~CLKMUX_0  to: emu:emu|maclc_v8_video:v8_video|altdpram:linebuf_rtl_0|dpram_nro1:auto_generated|lutrama499~MEMORYREGOUT
    Info (332098): From: emu:emu|maclc_v8_video:v8_video|altdpram:linebuf_rtl_0|dpram_nro1:auto_generated|lutrama49~CLKMUX_0  to: emu:emu|maclc_v8_video:v8_video|altdpram:linebuf_rtl_0|dpram_nro1:auto_generated|lutrama49~MEMORYREGOUT
    Info (332098): From: emu:emu|maclc_v8_video:v8_video|altdpram:linebuf_rtl_0|dpram_nro1:auto_generated|lutrama4~CLKMUX_0  to: emu:emu|maclc_v8_video:v8_video|altdpram:linebuf_rtl_0|dpram_nro1:auto_generated|lutrama4~MEMORYREGOUT
    Info (332098): From: emu:emu|maclc_v8_video:v8_video|altdpram:linebuf_rtl_0|dpram_nro1:auto_generated|lutrama500~CLKMUX_0  to: emu:emu|maclc_v8_video:v8_video|altdpram:linebuf_rtl_0|dpram_nro1:auto_generated|lutrama500~MEMORYREGOUT
    Info (332098): From: emu:emu|maclc_v8_video:v8_video|altdpram:linebuf_rtl_0|dpram_nro1:auto_generated|lutrama501~CLKMUX_0  to: emu:emu|maclc_v8_video:v8_video|altdpram:linebuf_rtl_0|dpram_nro1:auto_generated|lutrama501~MEMORYREGOUT
    Info (332098): From: emu:emu|maclc_v8_video:v8_video|altdpram:linebuf_rtl_0|dpram_nro1:auto_generated|lutrama502~CLKMUX_0  to: emu:emu|maclc_v8_video:v8_video|altdpram:linebuf_rtl_0|dpram_nro1:auto_generated|lutrama502~MEMORYREGOUT
    Info (332098): From: emu:emu|maclc_v8_video:v8_video|altdpram:linebuf_rtl_0|dpram_nro1:auto_generated|lutrama503~CLKMUX_0  to: emu:emu|maclc_v8_video:v8_video|altdpram:linebuf_rtl_0|dpram_nro1:auto_generated|lutrama503~MEMORYREGOUT
    Info (332098): From: emu:emu|maclc_v8_video:v8_video|altdpram:linebuf_rtl_0|dpram_nro1:auto_generated|lutrama504~CLKMUX_0  to: emu:emu|maclc_v8_video:v8_video|altdpram:linebuf_rtl_0|dpram_nro1:auto_generated|lutrama504~MEMORYREGOUT
    Info (332098): From: emu:emu|maclc_v8_video:v8_video|altdpram:linebuf_rtl_0|dpram_nro1:auto_generated|lutrama505~CLKMUX_0  to: emu:emu|maclc_v8_video:v8_video|altdpram:linebuf_rtl_0|dpram_nro1:auto_generated|lutrama505~MEMORYREGOUT
    Info (332098): From: emu:emu|maclc_v8_video:v8_video|altdpram:linebuf_rtl_0|dpram_nro1:auto_generated|lutrama506~CLKMUX_0  to: emu:emu|maclc_v8_video:v8_video|altdpram:linebuf_rtl_0|dpram_nro1:auto_generated|lutrama506~MEMORYREGOUT
    Info (332098): From: emu:emu|maclc_v8_video:v8_video|altdpram:linebuf_rtl_0|dpram_nro1:auto_generated|lutrama507~CLKMUX_0  to: emu:emu|maclc_v8_video:v8_video|altdpram:linebuf_rtl_0|dpram_nro1:auto_generated|lutrama507~MEMORYREGOUT
    Info (332098): From: emu:emu|maclc_v8_video:v8_video|altdpram:linebuf_rtl_0|dpram_nro1:auto_generated|lutrama508~CLKMUX_0  to: emu:emu|maclc_v8_video:v8_video|altdpram:linebuf_rtl_0|dpram_nro1:auto_generated|lutrama508~MEMORYREGOUT
    Info (332098): From: emu:emu|maclc_v8_video:v8_video|altdpram:linebuf_rtl_0|dpram_nro1:auto_generated|lutrama509~CLKMUX_0  to: emu:emu|maclc_v8_video:v8_video|altdpram:linebuf_rtl_0|dpram_nro1:auto_generated|lutrama509~MEMORYREGOUT
    Info (332098): From: emu:emu|maclc_v8_video:v8_video|altdpram:linebuf_rtl_0|dpram_nro1:auto_generated|lutrama50~CLKMUX_0  to: emu:emu|maclc_v8_video:v8_video|altdpram:linebuf_rtl_0|dpram_nro1:auto_generated|lutrama50~MEMORYREGOUT
    Info (332098): From: emu:emu|maclc_v8_video:v8_video|altdpram:linebuf_rtl_0|dpram_nro1:auto_generated|lutrama510~CLKMUX_0  to: emu:emu|maclc_v8_video:v8_video|altdpram:linebuf_rtl_0|dpram_nro1:auto_generated|lutrama510~MEMORYREGOUT
    Info (332098): From: emu:emu|maclc_v8_video:v8_video|altdpram:linebuf_rtl_0|dpram_nro1:auto_generated|lutrama511~CLKMUX_0  to: emu:emu|maclc_v8_video:v8_video|altdpram:linebuf_rtl_0|dpram_nro1:auto_generated|lutrama511~MEMORYREGOUT
    Info (332098): From: emu:emu|maclc_v8_video:v8_video|altdpram:linebuf_rtl_0|dpram_nro1:auto_generated|lutrama51~CLKMUX_0  to: emu:emu|maclc_v8_video:v8_video|altdpram:linebuf_rtl_0|dpram_nro1:auto_generated|lutrama51~MEMORYREGOUT
    Info (332098): From: emu:emu|maclc_v8_video:v8_video|altdpram:linebuf_rtl_0|dpram_nro1:auto_generated|lutrama52~CLKMUX_0  to: emu:emu|maclc_v8_video:v8_video|altdpram:linebuf_rtl_0|dpram_nro1:auto_generated|lutrama52~MEMORYREGOUT
    Info (332098): From: emu:emu|maclc_v8_video:v8_video|altdpram:linebuf_rtl_0|dpram_nro1:auto_generated|lutrama53~CLKMUX_0  to: emu:emu|maclc_v8_video:v8_video|altdpram:linebuf_rtl_0|dpram_nro1:auto_generated|lutrama53~MEMORYREGOUT
    Info (332098): From: emu:emu|maclc_v8_video:v8_video|altdpram:linebuf_rtl_0|dpram_nro1:auto_generated|lutrama54~CLKMUX_0  to: emu:emu|maclc_v8_video:v8_video|altdpram:linebuf_rtl_0|dpram_nro1:auto_generated|lutrama54~MEMORYREGOUT
    Info (332098): From: emu:emu|maclc_v8_video:v8_video|altdpram:linebuf_rtl_0|dpram_nro1:auto_generated|lutrama55~CLKMUX_0  to: emu:emu|maclc_v8_video:v8_video|altdpram:linebuf_rtl_0|dpram_nro1:auto_generated|lutrama55~MEMORYREGOUT
    Info (332098): From: emu:emu|maclc_v8_video:v8_video|altdpram:linebuf_rtl_0|dpram_nro1:auto_generated|lutrama56~CLKMUX_0  to: emu:emu|maclc_v8_video:v8_video|altdpram:linebuf_rtl_0|dpram_nro1:auto_generated|lutrama56~MEMORYREGOUT
    Info (332098): From: emu:emu|maclc_v8_video:v8_video|altdpram:linebuf_rtl_0|dpram_nro1:auto_generated|lutrama57~CLKMUX_0  to: emu:emu|maclc_v8_video:v8_video|altdpram:linebuf_rtl_0|dpram_nro1:auto_generated|lutrama57~MEMORYREGOUT
    Info (332098): From: emu:emu|maclc_v8_video:v8_video|altdpram:linebuf_rtl_0|dpram_nro1:auto_generated|lutrama58~CLKMUX_0  to: emu:emu|maclc_v8_video:v8_video|altdpram:linebuf_rtl_0|dpram_nro1:auto_generated|lutrama58~MEMORYREGOUT
    Info (332098): From: emu:emu|maclc_v8_video:v8_video|altdpram:linebuf_rtl_0|dpram_nro1:auto_generated|lutrama59~CLKMUX_0  to: emu:emu|maclc_v8_video:v8_video|altdpram:linebuf_rtl_0|dpram_nro1:auto_generated|lutrama59~MEMORYREGOUT
    Info (332098): From: emu:emu|maclc_v8_video:v8_video|altdpram:linebuf_rtl_0|dpram_nro1:auto_generated|lutrama5~CLKMUX_0  to: emu:emu|maclc_v8_video:v8_video|altdpram:linebuf_rtl_0|dpram_nro1:auto_generated|lutrama5~MEMORYREGOUT
    Info (332098): From: emu:emu|maclc_v8_video:v8_video|altdpram:linebuf_rtl_0|dpram_nro1:auto_generated|lutrama60~CLKMUX_0  to: emu:emu|maclc_v8_video:v8_video|altdpram:linebuf_rtl_0|dpram_nro1:auto_generated|lutrama60~MEMORYREGOUT
    Info (332098): From: emu:emu|maclc_v8_video:v8_video|altdpram:linebuf_rtl_0|dpram_nro1:auto_generated|lutrama61~CLKMUX_0  to: emu:emu|maclc_v8_video:v8_video|altdpram:linebuf_rtl_0|dpram_nro1:auto_generated|lutrama61~MEMORYREGOUT
    Info (332098): From: emu:emu|maclc_v8_video:v8_video|altdpram:linebuf_rtl_0|dpram_nro1:auto_generated|lutrama62~CLKMUX_0  to: emu:emu|maclc_v8_video:v8_video|altdpram:linebuf_rtl_0|dpram_nro1:auto_generated|lutrama62~MEMORYREGOUT
    Info (332098): From: emu:emu|maclc_v8_video:v8_video|altdpram:linebuf_rtl_0|dpram_nro1:auto_generated|lutrama63~CLKMUX_0  to: emu:emu|maclc_v8_video:v8_video|altdpram:linebuf_rtl_0|dpram_nro1:auto_generated|lutrama63~MEMORYREGOUT
    Info (332098): From: emu:emu|maclc_v8_video:v8_video|altdpram:linebuf_rtl_0|dpram_nro1:auto_generated|lutrama64~CLKMUX_0  to: emu:emu|maclc_v8_video:v8_video|altdpram:linebuf_rtl_0|dpram_nro1:auto_generated|lutrama64~MEMORYREGOUT
    Info (332098): From: emu:emu|maclc_v8_video:v8_video|altdpram:linebuf_rtl_0|dpram_nro1:auto_generated|lutrama65~CLKMUX_0  to: emu:emu|maclc_v8_video:v8_video|altdpram:linebuf_rtl_0|dpram_nro1:auto_generated|lutrama65~MEMORYREGOUT
    Info (332098): From: emu:emu|maclc_v8_video:v8_video|altdpram:linebuf_rtl_0|dpram_nro1:auto_generated|lutrama66~CLKMUX_0  to: emu:emu|maclc_v8_video:v8_video|altdpram:linebuf_rtl_0|dpram_nro1:auto_generated|lutrama66~MEMORYREGOUT
    Info (332098): From: emu:emu|maclc_v8_video:v8_video|altdpram:linebuf_rtl_0|dpram_nro1:auto_generated|lutrama67~CLKMUX_0  to: emu:emu|maclc_v8_video:v8_video|altdpram:linebuf_rtl_0|dpram_nro1:auto_generated|lutrama67~MEMORYREGOUT
    Info (332098): From: emu:emu|maclc_v8_video:v8_video|altdpram:linebuf_rtl_0|dpram_nro1:auto_generated|lutrama68~CLKMUX_0  to: emu:emu|maclc_v8_video:v8_video|altdpram:linebuf_rtl_0|dpram_nro1:auto_generated|lutrama68~MEMORYREGOUT
    Info (332098): From: emu:emu|maclc_v8_video:v8_video|altdpram:linebuf_rtl_0|dpram_nro1:auto_generated|lutrama69~CLKMUX_0  to: emu:emu|maclc_v8_video:v8_video|altdpram:linebuf_rtl_0|dpram_nro1:auto_generated|lutrama69~MEMORYREGOUT
    Info (332098): From: emu:emu|maclc_v8_video:v8_video|altdpram:linebuf_rtl_0|dpram_nro1:auto_generated|lutrama6~CLKMUX_0  to: emu:emu|maclc_v8_video:v8_video|altdpram:linebuf_rtl_0|dpram_nro1:auto_generated|lutrama6~MEMORYREGOUT
    Info (332098): From: emu:emu|maclc_v8_video:v8_video|altdpram:linebuf_rtl_0|dpram_nro1:auto_generated|lutrama70~CLKMUX_0  to: emu:emu|maclc_v8_video:v8_video|altdpram:linebuf_rtl_0|dpram_nro1:auto_generated|lutrama70~MEMORYREGOUT
    Info (332098): From: emu:emu|maclc_v8_video:v8_video|altdpram:linebuf_rtl_0|dpram_nro1:auto_generated|lutrama71~CLKMUX_0  to: emu:emu|maclc_v8_video:v8_video|altdpram:linebuf_rtl_0|dpram_nro1:auto_generated|lutrama71~MEMORYREGOUT
    Info (332098): From: emu:emu|maclc_v8_video:v8_video|altdpram:linebuf_rtl_0|dpram_nro1:auto_generated|lutrama72~CLKMUX_0  to: emu:emu|maclc_v8_video:v8_video|altdpram:linebuf_rtl_0|dpram_nro1:auto_generated|lutrama72~MEMORYREGOUT
    Info (332098): From: emu:emu|maclc_v8_video:v8_video|altdpram:linebuf_rtl_0|dpram_nro1:auto_generated|lutrama73~CLKMUX_0  to: emu:emu|maclc_v8_video:v8_video|altdpram:linebuf_rtl_0|dpram_nro1:auto_generated|lutrama73~MEMORYREGOUT
    Info (332098): From: emu:emu|maclc_v8_video:v8_video|altdpram:linebuf_rtl_0|dpram_nro1:auto_generated|lutrama74~CLKMUX_0  to: emu:emu|maclc_v8_video:v8_video|altdpram:linebuf_rtl_0|dpram_nro1:auto_generated|lutrama74~MEMORYREGOUT
    Info (332098): From: emu:emu|maclc_v8_video:v8_video|altdpram:linebuf_rtl_0|dpram_nro1:auto_generated|lutrama75~CLKMUX_0  to: emu:emu|maclc_v8_video:v8_video|altdpram:linebuf_rtl_0|dpram_nro1:auto_generated|lutrama75~MEMORYREGOUT
    Info (332098): From: emu:emu|maclc_v8_video:v8_video|altdpram:linebuf_rtl_0|dpram_nro1:auto_generated|lutrama76~CLKMUX_0  to: emu:emu|maclc_v8_video:v8_video|altdpram:linebuf_rtl_0|dpram_nro1:auto_generated|lutrama76~MEMORYREGOUT
    Info (332098): From: emu:emu|maclc_v8_video:v8_video|altdpram:linebuf_rtl_0|dpram_nro1:auto_generated|lutrama77~CLKMUX_0  to: emu:emu|maclc_v8_video:v8_video|altdpram:linebuf_rtl_0|dpram_nro1:auto_generated|lutrama77~MEMORYREGOUT
    Info (332098): From: emu:emu|maclc_v8_video:v8_video|altdpram:linebuf_rtl_0|dpram_nro1:auto_generated|lutrama78~CLKMUX_0  to: emu:emu|maclc_v8_video:v8_video|altdpram:linebuf_rtl_0|dpram_nro1:auto_generated|lutrama78~MEMORYREGOUT
    Info (332098): From: emu:emu|maclc_v8_video:v8_video|altdpram:linebuf_rtl_0|dpram_nro1:auto_generated|lutrama79~CLKMUX_0  to: emu:emu|maclc_v8_video:v8_video|altdpram:linebuf_rtl_0|dpram_nro1:auto_generated|lutrama79~MEMORYREGOUT
    Info (332098): From: emu:emu|maclc_v8_video:v8_video|altdpram:linebuf_rtl_0|dpram_nro1:auto_generated|lutrama7~CLKMUX_0  to: emu:emu|maclc_v8_video:v8_video|altdpram:linebuf_rtl_0|dpram_nro1:auto_generated|lutrama7~MEMORYREGOUT
    Info (332098): From: emu:emu|maclc_v8_video:v8_video|altdpram:linebuf_rtl_0|dpram_nro1:auto_generated|lutrama80~CLKMUX_0  to: emu:emu|maclc_v8_video:v8_video|altdpram:linebuf_rtl_0|dpram_nro1:auto_generated|lutrama80~MEMORYREGOUT
    Info (332098): From: emu:emu|maclc_v8_video:v8_video|altdpram:linebuf_rtl_0|dpram_nro1:auto_generated|lutrama81~CLKMUX_0  to: emu:emu|maclc_v8_video:v8_video|altdpram:linebuf_rtl_0|dpram_nro1:auto_generated|lutrama81~MEMORYREGOUT
    Info (332098): From: emu:emu|maclc_v8_video:v8_video|altdpram:linebuf_rtl_0|dpram_nro1:auto_generated|lutrama82~CLKMUX_0  to: emu:emu|maclc_v8_video:v8_video|altdpram:linebuf_rtl_0|dpram_nro1:auto_generated|lutrama82~MEMORYREGOUT
    Info (332098): From: emu:emu|maclc_v8_video:v8_video|altdpram:linebuf_rtl_0|dpram_nro1:auto_generated|lutrama83~CLKMUX_0  to: emu:emu|maclc_v8_video:v8_video|altdpram:linebuf_rtl_0|dpram_nro1:auto_generated|lutrama83~MEMORYREGOUT
    Info (332098): From: emu:emu|maclc_v8_video:v8_video|altdpram:linebuf_rtl_0|dpram_nro1:auto_generated|lutrama84~CLKMUX_0  to: emu:emu|maclc_v8_video:v8_video|altdpram:linebuf_rtl_0|dpram_nro1:auto_generated|lutrama84~MEMORYREGOUT
    Info (332098): From: emu:emu|maclc_v8_video:v8_video|altdpram:linebuf_rtl_0|dpram_nro1:auto_generated|lutrama85~CLKMUX_0  to: emu:emu|maclc_v8_video:v8_video|altdpram:linebuf_rtl_0|dpram_nro1:auto_generated|lutrama85~MEMORYREGOUT
    Info (332098): From: emu:emu|maclc_v8_video:v8_video|altdpram:linebuf_rtl_0|dpram_nro1:auto_generated|lutrama86~CLKMUX_0  to: emu:emu|maclc_v8_video:v8_video|altdpram:linebuf_rtl_0|dpram_nro1:auto_generated|lutrama86~MEMORYREGOUT
    Info (332098): From: emu:emu|maclc_v8_video:v8_video|altdpram:linebuf_rtl_0|dpram_nro1:auto_generated|lutrama87~CLKMUX_0  to: emu:emu|maclc_v8_video:v8_video|altdpram:linebuf_rtl_0|dpram_nro1:auto_generated|lutrama87~MEMORYREGOUT
    Info (332098): From: emu:emu|maclc_v8_video:v8_video|altdpram:linebuf_rtl_0|dpram_nro1:auto_generated|lutrama88~CLKMUX_0  to: emu:emu|maclc_v8_video:v8_video|altdpram:linebuf_rtl_0|dpram_nro1:auto_generated|lutrama88~MEMORYREGOUT
    Info (332098): From: emu:emu|maclc_v8_video:v8_video|altdpram:linebuf_rtl_0|dpram_nro1:auto_generated|lutrama89~CLKMUX_0  to: emu:emu|maclc_v8_video:v8_video|altdpram:linebuf_rtl_0|dpram_nro1:auto_generated|lutrama89~MEMORYREGOUT
    Info (332098): From: emu:emu|maclc_v8_video:v8_video|altdpram:linebuf_rtl_0|dpram_nro1:auto_generated|lutrama8~CLKMUX_0  to: emu:emu|maclc_v8_video:v8_video|altdpram:linebuf_rtl_0|dpram_nro1:auto_generated|lutrama8~MEMORYREGOUT
    Info (332098): From: emu:emu|maclc_v8_video:v8_video|altdpram:linebuf_rtl_0|dpram_nro1:auto_generated|lutrama90~CLKMUX_0  to: emu:emu|maclc_v8_video:v8_video|altdpram:linebuf_rtl_0|dpram_nro1:auto_generated|lutrama90~MEMORYREGOUT
    Info (332098): From: emu:emu|maclc_v8_video:v8_video|altdpram:linebuf_rtl_0|dpram_nro1:auto_generated|lutrama91~CLKMUX_0  to: emu:emu|maclc_v8_video:v8_video|altdpram:linebuf_rtl_0|dpram_nro1:auto_generated|lutrama91~MEMORYREGOUT
    Info (332098): From: emu:emu|maclc_v8_video:v8_video|altdpram:linebuf_rtl_0|dpram_nro1:auto_generated|lutrama92~CLKMUX_0  to: emu:emu|maclc_v8_video:v8_video|altdpram:linebuf_rtl_0|dpram_nro1:auto_generated|lutrama92~MEMORYREGOUT
    Info (332098): From: emu:emu|maclc_v8_video:v8_video|altdpram:linebuf_rtl_0|dpram_nro1:auto_generated|lutrama93~CLKMUX_0  to: emu:emu|maclc_v8_video:v8_video|altdpram:linebuf_rtl_0|dpram_nro1:auto_generated|lutrama93~MEMORYREGOUT
    Info (332098): From: emu:emu|maclc_v8_video:v8_video|altdpram:linebuf_rtl_0|dpram_nro1:auto_generated|lutrama94~CLKMUX_0  to: emu:emu|maclc_v8_video:v8_video|altdpram:linebuf_rtl_0|dpram_nro1:auto_generated|lutrama94~MEMORYREGOUT
    Info (332098): From: emu:emu|maclc_v8_video:v8_video|altdpram:linebuf_rtl_0|dpram_nro1:auto_generated|lutrama95~CLKMUX_0  to: emu:emu|maclc_v8_video:v8_video|altdpram:linebuf_rtl_0|dpram_nro1:auto_generated|lutrama95~MEMORYREGOUT
    Info (332098): From: emu:emu|maclc_v8_video:v8_video|altdpram:linebuf_rtl_0|dpram_nro1:auto_generated|lutrama96~CLKMUX_0  to: emu:emu|maclc_v8_video:v8_video|altdpram:linebuf_rtl_0|dpram_nro1:auto_generated|lutrama96~MEMORYREGOUT
    Info (332098): From: emu:emu|maclc_v8_video:v8_video|altdpram:linebuf_rtl_0|dpram_nro1:auto_generated|lutrama97~CLKMUX_0  to: emu:emu|maclc_v8_video:v8_video|altdpram:linebuf_rtl_0|dpram_nro1:auto_generated|lutrama97~MEMORYREGOUT
    Info (332098): From: emu:emu|maclc_v8_video:v8_video|altdpram:linebuf_rtl_0|dpram_nro1:auto_generated|lutrama98~CLKMUX_0  to: emu:emu|maclc_v8_video:v8_video|altdpram:linebuf_rtl_0|dpram_nro1:auto_generated|lutrama98~MEMORYREGOUT
    Info (332098): From: emu:emu|maclc_v8_video:v8_video|altdpram:linebuf_rtl_0|dpram_nro1:auto_generated|lutrama99~CLKMUX_0  to: emu:emu|maclc_v8_video:v8_video|altdpram:linebuf_rtl_0|dpram_nro1:auto_generated|lutrama99~MEMORYREGOUT
    Info (332098): From: emu:emu|maclc_v8_video:v8_video|altdpram:linebuf_rtl_0|dpram_nro1:auto_generated|lutrama9~CLKMUX_0  to: emu:emu|maclc_v8_video:v8_video|altdpram:linebuf_rtl_0|dpram_nro1:auto_generated|lutrama9~MEMORYREGOUT
    Info (332098): Cell: emu|pll|pll_inst|altera_pll_i|general[0].gpll~FRACTIONAL_PLL  from: refclkin  to: fbclk
    Info (332098): Cell: emu|pll|pll_inst|altera_pll_i|general[0].gpll~PLL_OUTPUT_COUNTER  from: vco0ph[0]  to: divclk
    Info (332098): Cell: emu|pll|pll_inst|altera_pll_i|general[0].gpll~PLL_REFCLK_SELECT  from: clkin[0]  to: clkout
    Info (332098): Cell: emu|pll|pll_inst|altera_pll_i|general[1].gpll~PLL_OUTPUT_COUNTER  from: vco0ph[0]  to: divclk
    Info (332098): Cell: pll_audio|pll_audio_inst|altera_pll_i|general[0].gpll~FRACTIONAL_PLL  from: refclkin  to: fbclk
    Info (332098): Cell: pll_audio|pll_audio_inst|altera_pll_i|general[0].gpll~PLL_OUTPUT_COUNTER  from: vco0ph[0]  to: divclk
    Info (332098): Cell: pll_audio|pll_audio_inst|altera_pll_i|general[0].gpll~PLL_REFCLK_SELECT  from: clkin[0]  to: clkout
    Info (332098): Cell: pll_hdmi|pll_hdmi_inst|altera_pll_i|cyclonev_pll|counter[0].output_counter  from: vco0ph[0]  to: divclk
    Info (332098): Cell: pll_hdmi|pll_hdmi_inst|altera_pll_i|cyclonev_pll|fpll_0|REFCLK_SELECT  from: clkin[0]  to: clkout
    Info (332098): Cell: pll_hdmi|pll_hdmi_inst|altera_pll_i|cyclonev_pll|fpll_0|fpll  from: refclkin  to: fbclk
    Info (332098): From: sysmem|fpga_interfaces|f2sdram|cmd_port_clk_0  to: sysmem_lite:sysmem|sysmem_HPS_fpga_interfaces:fpga_interfaces|f2sdram~FF_762
    Info (332098): From: sysmem|fpga_interfaces|f2sdram|cmd_port_clk_2  to: sysmem_lite:sysmem|sysmem_HPS_fpga_interfaces:fpga_interfaces|f2sdram~FF_920
    Info (332098): From: sysmem|fpga_interfaces|f2sdram|rd_clk_0  to: sysmem_lite:sysmem|sysmem_HPS_fpga_interfaces:fpga_interfaces|f2sdram~FF_7
    Info (332098): From: sysmem|fpga_interfaces|f2sdram|rd_clk_1  to: sysmem_lite:sysmem|sysmem_HPS_fpga_interfaces:fpga_interfaces|f2sdram~FF_6
    Info (332098): From: sysmem|fpga_interfaces|f2sdram|rd_clk_3  to: sysmem_lite:sysmem|sysmem_HPS_fpga_interfaces:fpga_interfaces|f2sdram~FF_4
    Info (332098): From: sysmem|fpga_interfaces|f2sdram|wr_clk_0  to: sysmem_lite:sysmem|sysmem_HPS_fpga_interfaces:fpga_interfaces|f2sdram~FF_3
    Info (332098): From: sysmem|fpga_interfaces|f2sdram|wr_clk_1  to: sysmem_lite:sysmem|sysmem_HPS_fpga_interfaces:fpga_interfaces|f2sdram~FF_2
    Info (332098): From: sysmem|fpga_interfaces|f2sdram|wr_clk_3  to: sysmem_lite:sysmem|sysmem_HPS_fpga_interfaces:fpga_interfaces|f2sdram~FF_0
Info (332123): Deriving Clock Uncertainty. Please refer to report_sdc in TimeQuest to see clock uncertainties.
Info: Found TIMEQUEST_REPORT_SCRIPT_INCLUDE_DEFAULT_ANALYSIS = ON
Critical Warning (332148): Timing requirements not met
    Info (11105): For recommendations on closing timing, run Report Timing Closure Recommendations in the TimeQuest Timing Analyzer.
Info (332146): Worst-case setup slack is -0.009
    Info (332119):     Slack       End Point TNS Clock 
    Info (332119): ========= =================== =====================
    Info (332119):    -0.009              -0.009 pll_hdmi|pll_hdmi_inst|altera_pll_i|cyclonev_pll|counter[0].output_counter|divclk 
    Info (332119):     0.815               0.000 emu|pll|pll_inst|altera_pll_i|general[1].gpll~PLL_OUTPUT_COUNTER|divclk 
    Info (332119):     1.502               0.000 emu|pll|pll_inst|altera_pll_i|general[0].gpll~PLL_OUTPUT_COUNTER|divclk 
    Info (332119):     3.983               0.000 sysmem|fpga_interfaces|clocks_resets|h2f_user0_clk 
    Info (332119):     5.699               0.000 spi_sck 
    Info (332119):     5.863               0.000 altera_reserved_tck 
    Info (332119):     6.662               0.000 FPGA_CLK1_50 
    Info (332119):     8.566               0.000 FPGA_CLK2_50 
    Info (332119):    14.868               0.000 pll_audio|pll_audio_inst|altera_pll_i|general[0].gpll~PLL_OUTPUT_COUNTER|divclk 
Info (332146): Worst-case hold slack is 0.249
    Info (332119):     Slack       End Point TNS Clock 
    Info (332119): ========= =================== =====================
    Info (332119):     0.249               0.000 emu|pll|pll_inst|altera_pll_i|general[1].gpll~PLL_OUTPUT_COUNTER|divclk 
    Info (332119):     0.250               0.000 pll_hdmi|pll_hdmi_inst|altera_pll_i|cyclonev_pll|counter[0].output_counter|divclk 
    Info (332119):     0.253               0.000 pll_audio|pll_audio_inst|altera_pll_i|general[0].gpll~PLL_OUTPUT_COUNTER|divclk 
    Info (332119):     0.387               0.000 FPGA_CLK2_50 
    Info (332119):     0.390               0.000 sysmem|fpga_interfaces|clocks_resets|h2f_user0_clk 
    Info (332119):     0.392               0.000 spi_sck 
    Info (332119):     0.409               0.000 FPGA_CLK1_50 
    Info (332119):     0.430               0.000 altera_reserved_tck 
    Info (332119):     0.522               0.000 emu|pll|pll_inst|altera_pll_i|general[0].gpll~PLL_OUTPUT_COUNTER|divclk 
Info (332146): Worst-case recovery slack is 4.396
    Info (332119):     Slack       End Point TNS Clock 
    Info (332119): ========= =================== =====================
    Info (332119):     4.396               0.000 pll_hdmi|pll_hdmi_inst|altera_pll_i|cyclonev_pll|counter[0].output_counter|divclk 
    Info (332119):     7.517               0.000 sysmem|fpga_interfaces|clocks_resets|h2f_user0_clk 
    Info (332119):    15.461               0.000 emu|pll|pll_inst|altera_pll_i|general[1].gpll~PLL_OUTPUT_COUNTER|divclk 
    Info (332119):    17.334               0.000 FPGA_CLK1_50 
    Info (332119):    24.444               0.000 altera_reserved_tck 
Info (332146): Worst-case removal slack is 0.704
    Info (332119):     Slack       End Point TNS Clock 
    Info (332119): ========= =================== =====================
    Info (332119):     0.704               0.000 pll_hdmi|pll_hdmi_inst|altera_pll_i|cyclonev_pll|counter[0].output_counter|divclk 
    Info (332119):     0.805               0.000 emu|pll|pll_inst|altera_pll_i|general[1].gpll~PLL_OUTPUT_COUNTER|divclk 
    Info (332119):     1.151               0.000 altera_reserved_tck 
    Info (332119):     1.266               0.000 sysmem|fpga_interfaces|clocks_resets|h2f_user0_clk 
    Info (332119):     1.717               0.000 FPGA_CLK1_50 
Info (332146): Worst-case minimum pulse width slack is 1.098
    Info (332119):     Slack       End Point TNS Clock 
    Info (332119): ========= =================== =====================
    Info (332119):     1.098               0.000 emu|pll|pll_inst|altera_pll_i|general[0].gpll~FRACTIONAL_PLL|vcoph[0] 
    Info (332119):     1.122               0.000 pll_hdmi|pll_hdmi_inst|altera_pll_i|cyclonev_pll|fpll_0|fpll|vcoph[0] 
    Info (332119):     1.196               0.000 pll_audio|pll_audio_inst|altera_pll_i|general[0].gpll~FRACTIONAL_PLL|vcoph[0] 
    Info (332119):     1.933               0.000 pll_hdmi|pll_hdmi_inst|altera_pll_i|cyclonev_pll|counter[0].output_counter|divclk 
    Info (332119):     3.576               0.000 sysmem|fpga_interfaces|clocks_resets|h2f_user0_clk 
    Info (332119):     4.219               0.000 spi_sck 
    Info (332119):     6.709               0.000 emu|pll|pll_inst|altera_pll_i|general[0].gpll~PLL_OUTPUT_COUNTER|divclk 
    Info (332119):     9.210               0.000 FPGA_CLK2_50 
    Info (332119):     9.217               0.000 FPGA_CLK1_50 
    Info (332119):     9.730               0.000 FPGA_CLK3_50 
    Info (332119):    13.943               0.000 emu|pll|pll_inst|altera_pll_i|general[1].gpll~PLL_OUTPUT_COUNTER|divclk 
    Info (332119):    15.777               0.000 altera_reserved_tck 
    Info (332119):    18.895               0.000 pll_audio|pll_audio_inst|altera_pll_i|general[0].gpll~PLL_OUTPUT_COUNTER|divclk 
Info (332114): Report Metastability: Found 412 synchronizer chains.
    Info (332114): Worst-Case MTBF of Design is 1e+09 years or 3.15e+16 seconds.
    Info (332114): Typical MTBF of Design is 1e+09 years or 3.15e+16 seconds.

    Info (332114): Number of Synchronizer Chains Found: 412
    Info (332114): Shortest Synchronizer Chain: 2 Registers
    Info (332114): Fraction of Chains for which MTBFs Could Not be Calculated: 0.993
    Info (332114): Worst Case Available Settling Time: 3.473 ns
    Info (332114): Worst-Case MTBF values are calculated based on the worst-case silicon characteristics, with worst-case operating conditions.
    Info (332114):   - Under worst-case conditions, an increase of 100ps in available settling time will increase MTBF values by a factor of 8.0
    Info (332114): Typical MTBF values are calculated based on the nominal silicon characteristics, at nominal operating conditions.
    Info (332114):   - Under typical conditions, an increase of 100ps in available settling time will increase MTBF values by a factor of 17.8
Info (332102): Design is not fully constrained for setup requirements
Info (332102): Design is not fully constrained for hold requirements
Info: Quartus Prime TimeQuest Timing Analyzer was successful. 0 errors, 120 warnings
    Info: Peak virtual memory: 6075 megabytes
    Info: Processing ended: Wed Jun 24 07:17:52 2026
    Info: Elapsed time: 00:00:13
    Info: Total CPU time (on all processors): 00:00:22
Info (18207): Some modules have been skipped due to smart recompilation. You can turn off smart recompilation under Compilation Process Settings in the Settings dialog to fully recompile your design
Info (293000): Quartus Prime Full Compilation was successful. 0 errors, 246 warnings
Info (23030): Evaluation of Tcl script c:/intelfpga_lite/17.0/quartus/common/tcl/internal/qsh_flow.tcl was successful
Info: Quartus Prime Shell was successful. 0 errors, 246 warnings
    Info: Peak virtual memory: 4610 megabytes
    Info: Processing ended: Wed Jun 24 07:17:53 2026
    Info: Elapsed time: 00:16:22
    Info: Total CPU time (on all processors): 01:19:51
